<?xml version='1.0' encoding='UTF-8'?>
<gpx version="1.1" creator="https://www.komoot.de" xmlns="http://www.topografix.com/GPX/1/1" xmlns:xsi="http://www.w3.org/2001/XMLSchema-instance" xsi:schemaLocation="http://www.topografix.com/GPX/1/1 http://www.topografix.com/GPX/1/1/gpx.xsd">
  <metadata>
    <name>Neue Harter Brocken MTB</name>
    <author>
      <link href="https://www.komoot.de">
        <text>komoot</text>
        <type>text/html</type>
      </link>
    </author>
  </metadata>
  <trk>
    <name>Neue Harter Brocken MTB</name>
    <trkseg>
      <trkpt lat="51.621560" lon="10.526812">
        <ele>635.596269</ele>
        <time>2026-03-09T11:43:29.530Z</time>
      </trkpt>
      <trkpt lat="51.621599" lon="10.526766">
        <ele>635.596269</ele>
        <time>2026-03-09T11:43:30.632Z</time>
      </trkpt>
      <trkpt lat="51.621590" lon="10.526423">
        <ele>635.596269</ele>
        <time>2026-03-09T11:43:35.543Z</time>
      </trkpt>
      <trkpt lat="51.621470" lon="10.526187">
        <ele>635.596269</ele>
        <time>2026-03-09T11:43:39.946Z</time>
      </trkpt>
      <trkpt lat="51.621395" lon="10.526154">
        <ele>635.596269</ele>
        <time>2026-03-09T11:43:41.692Z</time>
      </trkpt>
      <trkpt lat="51.621292" lon="10.526024">
        <ele>635.596269</ele>
        <time>2026-03-09T11:43:44.727Z</time>
      </trkpt>
      <trkpt lat="51.621280" lon="10.525973">
        <ele>635.596269</ele>
        <time>2026-03-09T11:43:45.478Z</time>
      </trkpt>
      <trkpt lat="51.621687" lon="10.526160">
        <ele>633.469808</ele>
        <time>2026-03-09T11:43:55.049Z</time>
      </trkpt>
      <trkpt lat="51.622081" lon="10.526239">
        <ele>629.583539</ele>
        <time>2026-03-09T11:44:03.729Z</time>
      </trkpt>
      <trkpt lat="51.622081" lon="10.526239">
        <ele>629.583539</ele>
        <time>2026-03-09T11:44:03.737Z</time>
      </trkpt>
      <trkpt lat="51.622166" lon="10.526303">
        <ele>628.665137</ele>
        <time>2026-03-09T11:44:05.768Z</time>
      </trkpt>
      <trkpt lat="51.622228" lon="10.526400">
        <ele>627.819124</ele>
        <time>2026-03-09T11:44:07.705Z</time>
      </trkpt>
      <trkpt lat="51.622324" lon="10.526898">
        <ele>624.650322</ele>
        <time>2026-03-09T11:44:14.940Z</time>
      </trkpt>
      <trkpt lat="51.622286" lon="10.529279">
        <ele>611.341249</ele>
        <time>2026-03-09T11:44:45.540Z</time>
      </trkpt>
      <trkpt lat="51.622300" lon="10.529676">
        <ele>609.284999</ele>
        <time>2026-03-09T11:44:48.486Z</time>
      </trkpt>
      <trkpt lat="51.622337" lon="10.529705">
        <ele>608.942269</ele>
        <time>2026-03-09T11:44:49.066Z</time>
      </trkpt>
      <trkpt lat="51.622413" lon="10.529749">
        <ele>608.269599</ele>
        <time>2026-03-09T11:44:50.199Z</time>
      </trkpt>
      <trkpt lat="51.622462" lon="10.529848">
        <ele>607.614881</ele>
        <time>2026-03-09T11:44:51.317Z</time>
      </trkpt>
      <trkpt lat="51.622474" lon="10.529990">
        <ele>606.873811</ele>
        <time>2026-03-09T11:44:52.595Z</time>
      </trkpt>
      <trkpt lat="51.622633" lon="10.530463">
        <ele>604.092358</ele>
        <time>2026-03-09T11:44:57.739Z</time>
      </trkpt>
      <trkpt lat="51.623266" lon="10.532054">
        <ele>604.052807</ele>
        <time>2026-03-09T11:45:30.616Z</time>
      </trkpt>
      <trkpt lat="51.623653" lon="10.532767">
        <ele>604.640721</ele>
        <time>2026-03-09T11:45:51.342Z</time>
      </trkpt>
      <trkpt lat="51.623759" lon="10.532905">
        <ele>604.777002</ele>
        <time>2026-03-09T11:45:55.648Z</time>
      </trkpt>
      <trkpt lat="51.623845" lon="10.532963">
        <ele>604.760567</ele>
        <time>2026-03-09T11:45:58.458Z</time>
      </trkpt>
      <trkpt lat="51.623958" lon="10.532987">
        <ele>604.673082</ele>
        <time>2026-03-09T11:46:01.791Z</time>
      </trkpt>
      <trkpt lat="51.624175" lon="10.532923">
        <ele>604.503752</ele>
        <time>2026-03-09T11:46:07.546Z</time>
      </trkpt>
      <trkpt lat="51.625034" lon="10.532786">
        <ele>603.841195</ele>
        <time>2026-03-09T11:46:24.047Z</time>
      </trkpt>
      <trkpt lat="51.625765" lon="10.532763">
        <ele>603.313413</ele>
        <time>2026-03-09T11:46:36.338Z</time>
      </trkpt>
      <trkpt lat="51.625933" lon="10.532820">
        <ele>603.211459</ele>
        <time>2026-03-09T11:46:39.225Z</time>
      </trkpt>
      <trkpt lat="51.626174" lon="10.533060">
        <ele>603.043203</ele>
        <time>2026-03-09T11:46:43.973Z</time>
      </trkpt>
      <trkpt lat="51.627223" lon="10.534322">
        <ele>602.913888</ele>
        <time>2026-03-09T11:47:11.910Z</time>
      </trkpt>
      <trkpt lat="51.628172" lon="10.535635">
        <ele>607.304171</ele>
        <time>2026-03-09T11:48:05.625Z</time>
      </trkpt>
      <trkpt lat="51.628502" lon="10.536159">
        <ele>608.891025</ele>
        <time>2026-03-09T11:48:26.331Z</time>
      </trkpt>
      <trkpt lat="51.628822" lon="10.536785">
        <ele>610.388989</ele>
        <time>2026-03-09T11:48:46.101Z</time>
      </trkpt>
      <trkpt lat="51.629149" lon="10.537558">
        <ele>612.116904</ele>
        <time>2026-03-09T11:49:06.074Z</time>
      </trkpt>
      <trkpt lat="51.629468" lon="10.538501">
        <ele>614.074245</ele>
        <time>2026-03-09T11:49:27.928Z</time>
      </trkpt>
      <trkpt lat="51.630060" lon="10.540553">
        <ele>616.811766</ele>
        <time>2026-03-09T11:50:14.474Z</time>
      </trkpt>
      <trkpt lat="51.630718" lon="10.542587">
        <ele>616.983489</ele>
        <time>2026-03-09T11:50:50.051Z</time>
      </trkpt>
      <trkpt lat="51.630773" lon="10.542699">
        <ele>616.937621</ele>
        <time>2026-03-09T11:50:51.694Z</time>
      </trkpt>
      <trkpt lat="51.630843" lon="10.542762">
        <ele>616.896133</ele>
        <time>2026-03-09T11:50:53.175Z</time>
      </trkpt>
      <trkpt lat="51.630766" lon="10.542779">
        <ele>616.855919</ele>
        <time>2026-03-09T11:50:54.593Z</time>
      </trkpt>
      <trkpt lat="51.630622" lon="10.542951">
        <ele>616.763165</ele>
        <time>2026-03-09T11:50:57.805Z</time>
      </trkpt>
      <trkpt lat="51.630445" lon="10.543097">
        <ele>616.660274</ele>
        <time>2026-03-09T11:51:01.296Z</time>
      </trkpt>
      <trkpt lat="51.630201" lon="10.543365">
        <ele>615.611436</ele>
        <time>2026-03-09T11:51:06.294Z</time>
      </trkpt>
      <trkpt lat="51.629583" lon="10.543749">
        <ele>611.911051</ele>
        <time>2026-03-09T11:51:16.517Z</time>
      </trkpt>
      <trkpt lat="51.629322" lon="10.543948">
        <ele>610.297903</ele>
        <time>2026-03-09T11:51:20.762Z</time>
      </trkpt>
      <trkpt lat="51.628440" lon="10.545058">
        <ele>601.790519</ele>
        <time>2026-03-09T11:51:36.566Z</time>
      </trkpt>
      <trkpt lat="51.627556" lon="10.545785">
        <ele>591.255873</ele>
        <time>2026-03-09T11:51:49.894Z</time>
      </trkpt>
      <trkpt lat="51.627161" lon="10.546200">
        <ele>585.852698</ele>
        <time>2026-03-09T11:51:56.061Z</time>
      </trkpt>
      <trkpt lat="51.626191" lon="10.547436">
        <ele>568.408559</ele>
        <time>2026-03-09T11:52:11.916Z</time>
      </trkpt>
      <trkpt lat="51.625893" lon="10.547751">
        <ele>563.381284</ele>
        <time>2026-03-09T11:52:16.497Z</time>
      </trkpt>
      <trkpt lat="51.625749" lon="10.547824">
        <ele>561.856918</ele>
        <time>2026-03-09T11:52:18.477Z</time>
      </trkpt>
      <trkpt lat="51.625604" lon="10.547840">
        <ele>561.284483</ele>
        <time>2026-03-09T11:52:20.410Z</time>
      </trkpt>
      <trkpt lat="51.625461" lon="10.547787">
        <ele>560.706548</ele>
        <time>2026-03-09T11:52:22.393Z</time>
      </trkpt>
      <trkpt lat="51.625150" lon="10.547549">
        <ele>559.350439</ele>
        <time>2026-03-09T11:52:27.268Z</time>
      </trkpt>
      <trkpt lat="51.625223" lon="10.547698">
        <ele>558.886333</ele>
        <time>2026-03-09T11:52:30.095Z</time>
      </trkpt>
      <trkpt lat="51.625355" lon="10.547857">
        <ele>558.237155</ele>
        <time>2026-03-09T11:52:34.277Z</time>
      </trkpt>
      <trkpt lat="51.625713" lon="10.548207">
        <ele>556.587761</ele>
        <time>2026-03-09T11:52:47.082Z</time>
      </trkpt>
      <trkpt lat="51.625942" lon="10.548242">
        <ele>555.681772</ele>
        <time>2026-03-09T11:52:57.767Z</time>
      </trkpt>
      <trkpt lat="51.626960" lon="10.547629">
        <ele>556.001679</ele>
        <time>2026-03-09T11:53:56.562Z</time>
      </trkpt>
      <trkpt lat="51.627391" lon="10.547323">
        <ele>556.513339</ele>
        <time>2026-03-09T11:54:13.036Z</time>
      </trkpt>
      <trkpt lat="51.627631" lon="10.547076">
        <ele>556.822721</ele>
        <time>2026-03-09T11:54:20.837Z</time>
      </trkpt>
      <trkpt lat="51.627769" lon="10.547000">
        <ele>556.820145</ele>
        <time>2026-03-09T11:54:24.558Z</time>
      </trkpt>
      <trkpt lat="51.627839" lon="10.547036">
        <ele>556.260964</ele>
        <time>2026-03-09T11:54:26.365Z</time>
      </trkpt>
      <trkpt lat="51.627901" lon="10.547162">
        <ele>555.501428</ele>
        <time>2026-03-09T11:54:28.798Z</time>
      </trkpt>
      <trkpt lat="51.627901" lon="10.547362">
        <ele>554.556634</ele>
        <time>2026-03-09T11:54:31.744Z</time>
      </trkpt>
      <trkpt lat="51.627836" lon="10.548046">
        <ele>551.287797</ele>
        <time>2026-03-09T11:54:41.557Z</time>
      </trkpt>
      <trkpt lat="51.627922" lon="10.549094">
        <ele>546.294008</ele>
        <time>2026-03-09T11:54:55.833Z</time>
      </trkpt>
      <trkpt lat="51.627931" lon="10.549573">
        <ele>544.030193</ele>
        <time>2026-03-09T11:55:02.183Z</time>
      </trkpt>
      <trkpt lat="51.627898" lon="10.550068">
        <ele>541.382224</ele>
        <time>2026-03-09T11:55:08.788Z</time>
      </trkpt>
      <trkpt lat="51.627827" lon="10.550473">
        <ele>539.025085</ele>
        <time>2026-03-09T11:55:14.391Z</time>
      </trkpt>
      <trkpt lat="51.627629" lon="10.551040">
        <ele>535.381288</ele>
        <time>2026-03-09T11:55:23.161Z</time>
      </trkpt>
      <trkpt lat="51.627598" lon="10.551229">
        <ele>534.286359</ele>
        <time>2026-03-09T11:55:25.814Z</time>
      </trkpt>
      <trkpt lat="51.627597" lon="10.551398">
        <ele>533.339736</ele>
        <time>2026-03-09T11:55:28.101Z</time>
      </trkpt>
      <trkpt lat="51.627673" lon="10.551956">
        <ele>530.140004</ele>
        <time>2026-03-09T11:55:35.891Z</time>
      </trkpt>
      <trkpt lat="51.627669" lon="10.552279">
        <ele>528.330505</ele>
        <time>2026-03-09T11:55:40.335Z</time>
      </trkpt>
      <trkpt lat="51.627545" lon="10.553174">
        <ele>523.880570</ele>
        <time>2026-03-09T11:55:53.125Z</time>
      </trkpt>
      <trkpt lat="51.627448" lon="10.553496">
        <ele>522.233209</ele>
        <time>2026-03-09T11:55:58.163Z</time>
      </trkpt>
      <trkpt lat="51.627320" lon="10.553731">
        <ele>520.794233</ele>
        <time>2026-03-09T11:56:02.582Z</time>
      </trkpt>
      <trkpt lat="51.627181" lon="10.553946">
        <ele>519.365439</ele>
        <time>2026-03-09T11:56:06.980Z</time>
      </trkpt>
      <trkpt lat="51.626889" lon="10.554263">
        <ele>516.754640</ele>
        <time>2026-03-09T11:56:14.960Z</time>
      </trkpt>
      <trkpt lat="51.626715" lon="10.554494">
        <ele>515.082844</ele>
        <time>2026-03-09T11:56:20.025Z</time>
      </trkpt>
      <trkpt lat="51.626655" lon="10.554669">
        <ele>514.162669</ele>
        <time>2026-03-09T11:56:22.818Z</time>
      </trkpt>
      <trkpt lat="51.626581" lon="10.555275">
        <ele>510.954029</ele>
        <time>2026-03-09T11:56:31.461Z</time>
      </trkpt>
      <trkpt lat="51.626087" lon="10.556118">
        <ele>504.800871</ele>
        <time>2026-03-09T11:56:47.616Z</time>
      </trkpt>
      <trkpt lat="51.625977" lon="10.556393">
        <ele>503.064443</ele>
        <time>2026-03-09T11:56:52.099Z</time>
      </trkpt>
      <trkpt lat="51.625890" lon="10.556708">
        <ele>501.234457</ele>
        <time>2026-03-09T11:56:56.762Z</time>
      </trkpt>
      <trkpt lat="51.625802" lon="10.557166">
        <ele>498.689672</ele>
        <time>2026-03-09T11:57:03.169Z</time>
      </trkpt>
      <trkpt lat="51.625197" lon="10.558650">
        <ele>485.797694</ele>
        <time>2026-03-09T11:57:26.323Z</time>
      </trkpt>
      <trkpt lat="51.624972" lon="10.559183">
        <ele>481.067294</ele>
        <time>2026-03-09T11:57:34.592Z</time>
      </trkpt>
      <trkpt lat="51.624523" lon="10.559952">
        <ele>472.876792</ele>
        <time>2026-03-09T11:57:48.121Z</time>
      </trkpt>
      <trkpt lat="51.624390" lon="10.560309">
        <ele>469.460090</ele>
        <time>2026-03-09T11:57:53.465Z</time>
      </trkpt>
      <trkpt lat="51.624140" lon="10.561631">
        <ele>458.119076</ele>
        <time>2026-03-09T11:58:11.168Z</time>
      </trkpt>
      <trkpt lat="51.624021" lon="10.561896">
        <ele>455.435095</ele>
        <time>2026-03-09T11:58:15.331Z</time>
      </trkpt>
      <trkpt lat="51.623777" lon="10.562284">
        <ele>450.703934</ele>
        <time>2026-03-09T11:58:22.313Z</time>
      </trkpt>
      <trkpt lat="51.623384" lon="10.562974">
        <ele>442.379506</ele>
        <time>2026-03-09T11:58:34.101Z</time>
      </trkpt>
      <trkpt lat="51.623150" lon="10.563554">
        <ele>436.230201</ele>
        <time>2026-03-09T11:58:42.798Z</time>
      </trkpt>
      <trkpt lat="51.622905" lon="10.563940">
        <ele>431.322697</ele>
        <time>2026-03-09T11:58:49.746Z</time>
      </trkpt>
      <trkpt lat="51.622841" lon="10.564118">
        <ele>429.494045</ele>
        <time>2026-03-09T11:58:52.340Z</time>
      </trkpt>
      <trkpt lat="51.622707" lon="10.564859">
        <ele>423.094289</ele>
        <time>2026-03-09T11:59:02.145Z</time>
      </trkpt>
      <trkpt lat="51.622593" lon="10.565227">
        <ele>419.782291</ele>
        <time>2026-03-09T11:59:07.399Z</time>
      </trkpt>
      <trkpt lat="51.622353" lon="10.565727">
        <ele>414.692596</ele>
        <time>2026-03-09T11:59:15.493Z</time>
      </trkpt>
      <trkpt lat="51.621870" lon="10.566224">
        <ele>407.258066</ele>
        <time>2026-03-09T11:59:27.341Z</time>
      </trkpt>
      <trkpt lat="51.621717" lon="10.566516">
        <ele>404.184420</ele>
        <time>2026-03-09T11:59:32.273Z</time>
      </trkpt>
      <trkpt lat="51.621346" lon="10.566860">
        <ele>399.450437</ele>
        <time>2026-03-09T11:59:41.241Z</time>
      </trkpt>
      <trkpt lat="51.621239" lon="10.567085">
        <ele>397.504534</ele>
        <time>2026-03-09T11:59:44.974Z</time>
      </trkpt>
      <trkpt lat="51.621175" lon="10.567473">
        <ele>394.748190</ele>
        <time>2026-03-09T11:59:50.263Z</time>
      </trkpt>
      <trkpt lat="51.621041" lon="10.568008">
        <ele>390.787336</ele>
        <time>2026-03-09T11:59:57.892Z</time>
      </trkpt>
      <trkpt lat="51.620877" lon="10.568810">
        <ele>384.989954</ele>
        <time>2026-03-09T12:00:09.057Z</time>
      </trkpt>
      <trkpt lat="51.620455" lon="10.570225">
        <ele>374.556698</ele>
        <time>2026-03-09T12:00:29.711Z</time>
      </trkpt>
      <trkpt lat="51.620241" lon="10.571083">
        <ele>368.424767</ele>
        <time>2026-03-09T12:00:41.885Z</time>
      </trkpt>
      <trkpt lat="51.620181" lon="10.571534">
        <ele>365.365985</ele>
        <time>2026-03-09T12:00:47.978Z</time>
      </trkpt>
      <trkpt lat="51.620165" lon="10.571844">
        <ele>363.482590</ele>
        <time>2026-03-09T12:00:52.098Z</time>
      </trkpt>
      <trkpt lat="51.620222" lon="10.572273">
        <ele>360.863484</ele>
        <time>2026-03-09T12:00:57.932Z</time>
      </trkpt>
      <trkpt lat="51.620230" lon="10.572604">
        <ele>358.885929</ele>
        <time>2026-03-09T12:01:02.364Z</time>
      </trkpt>
      <trkpt lat="51.620186" lon="10.572969">
        <ele>356.666199</ele>
        <time>2026-03-09T12:01:07.337Z</time>
      </trkpt>
      <trkpt lat="51.618909" lon="10.574311">
        <ele>344.157761</ele>
        <time>2026-03-09T12:01:40.541Z</time>
      </trkpt>
      <trkpt lat="51.618808" lon="10.574555">
        <ele>343.056621</ele>
        <time>2026-03-09T12:01:44.711Z</time>
      </trkpt>
      <trkpt lat="51.618748" lon="10.574854">
        <ele>341.876719</ele>
        <time>2026-03-09T12:01:49.335Z</time>
      </trkpt>
      <trkpt lat="51.618715" lon="10.575216">
        <ele>340.502865</ele>
        <time>2026-03-09T12:01:54.755Z</time>
      </trkpt>
      <trkpt lat="51.618642" lon="10.575486">
        <ele>339.397083</ele>
        <time>2026-03-09T12:01:59.197Z</time>
      </trkpt>
      <trkpt lat="51.618454" lon="10.575872">
        <ele>337.554953</ele>
        <time>2026-03-09T12:02:06.851Z</time>
      </trkpt>
      <trkpt lat="51.618137" lon="10.576072">
        <ele>336.549675</ele>
        <time>2026-03-09T12:02:16.059Z</time>
      </trkpt>
      <trkpt lat="51.618057" lon="10.576529">
        <ele>336.076908</ele>
        <time>2026-03-09T12:02:21.209Z</time>
      </trkpt>
      <trkpt lat="51.618058" lon="10.576698">
        <ele>335.908630</ele>
        <time>2026-03-09T12:02:23.132Z</time>
      </trkpt>
      <trkpt lat="51.618082" lon="10.576792">
        <ele>335.807431</ele>
        <time>2026-03-09T12:02:24.363Z</time>
      </trkpt>
      <trkpt lat="51.618130" lon="10.576905">
        <ele>335.671108</ele>
        <time>2026-03-09T12:02:25.928Z</time>
      </trkpt>
      <trkpt lat="51.618232" lon="10.577140">
        <ele>335.385620</ele>
        <time>2026-03-09T12:02:29.378Z</time>
      </trkpt>
      <trkpt lat="51.618281" lon="10.577396">
        <ele>335.118889</ele>
        <time>2026-03-09T12:02:32.613Z</time>
      </trkpt>
      <trkpt lat="51.618263" lon="10.577754">
        <ele>334.761268</ele>
        <time>2026-03-09T12:02:36.677Z</time>
      </trkpt>
      <trkpt lat="51.618173" lon="10.578280">
        <ele>334.218018</ele>
        <time>2026-03-09T12:02:42.495Z</time>
      </trkpt>
      <trkpt lat="51.617978" lon="10.578914">
        <ele>333.026142</ele>
        <time>2026-03-09T12:02:49.621Z</time>
      </trkpt>
      <trkpt lat="51.617835" lon="10.579487">
        <ele>331.847918</ele>
        <time>2026-03-09T12:02:55.366Z</time>
      </trkpt>
      <trkpt lat="51.617673" lon="10.580469">
        <ele>329.909360</ele>
        <time>2026-03-09T12:03:04.742Z</time>
      </trkpt>
      <trkpt lat="51.617645" lon="10.580743">
        <ele>329.379562</ele>
        <time>2026-03-09T12:03:07.325Z</time>
      </trkpt>
      <trkpt lat="51.617666" lon="10.580965">
        <ele>328.951120</ele>
        <time>2026-03-09T12:03:09.435Z</time>
      </trkpt>
      <trkpt lat="51.617702" lon="10.581066">
        <ele>328.728929</ele>
        <time>2026-03-09T12:03:10.551Z</time>
      </trkpt>
      <trkpt lat="51.617773" lon="10.581137">
        <ele>328.499697</ele>
        <time>2026-03-09T12:03:11.837Z</time>
      </trkpt>
      <trkpt lat="51.618057" lon="10.581178">
        <ele>328.141731</ele>
        <time>2026-03-09T12:03:16.059Z</time>
      </trkpt>
      <trkpt lat="51.618230" lon="10.581197">
        <ele>327.924040</ele>
        <time>2026-03-09T12:03:18.656Z</time>
      </trkpt>
      <trkpt lat="51.618826" lon="10.580898">
        <ele>327.140357</ele>
        <time>2026-03-09T12:03:29.552Z</time>
      </trkpt>
      <trkpt lat="51.618939" lon="10.580904">
        <ele>326.998418</ele>
        <time>2026-03-09T12:03:31.659Z</time>
      </trkpt>
      <trkpt lat="51.619001" lon="10.581000">
        <ele>326.890447</ele>
        <time>2026-03-09T12:03:33.302Z</time>
      </trkpt>
      <trkpt lat="51.619102" lon="10.581167">
        <ele>326.708727</ele>
        <time>2026-03-09T12:03:35.935Z</time>
      </trkpt>
      <trkpt lat="51.619252" lon="10.581457">
        <ele>326.414520</ele>
        <time>2026-03-09T12:03:40.260Z</time>
      </trkpt>
      <trkpt lat="51.619462" lon="10.581852">
        <ele>326.841992</ele>
        <time>2026-03-09T12:03:47.451Z</time>
      </trkpt>
      <trkpt lat="51.619530" lon="10.582149">
        <ele>327.412226</ele>
        <time>2026-03-09T12:03:52.714Z</time>
      </trkpt>
      <trkpt lat="51.619145" lon="10.582240">
        <ele>328.541216</ele>
        <time>2026-03-09T12:04:03.876Z</time>
      </trkpt>
      <trkpt lat="51.619204" lon="10.582641">
        <ele>329.283588</ele>
        <time>2026-03-09T12:04:13.268Z</time>
      </trkpt>
      <trkpt lat="51.619312" lon="10.583150">
        <ele>330.252570</ele>
        <time>2026-03-09T12:04:26.846Z</time>
      </trkpt>
      <trkpt lat="51.619677" lon="10.583130">
        <ele>331.312180</ele>
        <time>2026-03-09T12:04:47.318Z</time>
      </trkpt>
      <trkpt lat="51.619979" lon="10.583073">
        <ele>332.484454</ele>
        <time>2026-03-09T12:05:05.810Z</time>
      </trkpt>
      <trkpt lat="51.620820" lon="10.582805">
        <ele>335.980649</ele>
        <time>2026-03-09T12:05:52.196Z</time>
      </trkpt>
      <trkpt lat="51.621241" lon="10.582730">
        <ele>337.708013</ele>
        <time>2026-03-09T12:06:10.311Z</time>
      </trkpt>
      <trkpt lat="51.621509" lon="10.582721">
        <ele>338.801191</ele>
        <time>2026-03-09T12:06:22.238Z</time>
      </trkpt>
      <trkpt lat="51.621549" lon="10.582701">
        <ele>339.111697</ele>
        <time>2026-03-09T12:06:24.314Z</time>
      </trkpt>
      <trkpt lat="51.621704" lon="10.582623">
        <ele>340.360735</ele>
        <time>2026-03-09T12:06:32.553Z</time>
      </trkpt>
      <trkpt lat="51.622008" lon="10.582206">
        <ele>343.432026</ele>
        <time>2026-03-09T12:06:55.924Z</time>
      </trkpt>
      <trkpt lat="51.622151" lon="10.582144">
        <ele>344.571082</ele>
        <time>2026-03-09T12:07:05.188Z</time>
      </trkpt>
      <trkpt lat="51.622369" lon="10.582130">
        <ele>346.249194</ele>
        <time>2026-03-09T12:07:19.452Z</time>
      </trkpt>
      <trkpt lat="51.622543" lon="10.582240">
        <ele>347.686933</ele>
        <time>2026-03-09T12:07:32.330Z</time>
      </trkpt>
      <trkpt lat="51.622823" lon="10.582652">
        <ele>350.603944</ele>
        <time>2026-03-09T12:08:01.226Z</time>
      </trkpt>
      <trkpt lat="51.623407" lon="10.582913">
        <ele>358.712150</ele>
        <time>2026-03-09T12:09:00.905Z</time>
      </trkpt>
      <trkpt lat="51.623768" lon="10.583153">
        <ele>365.672619</ele>
        <time>2026-03-09T12:09:46.866Z</time>
      </trkpt>
      <trkpt lat="51.624110" lon="10.583384">
        <ele>372.282174</ele>
        <time>2026-03-09T12:10:34.964Z</time>
      </trkpt>
      <trkpt lat="51.624288" lon="10.583633">
        <ele>376.483946</ele>
        <time>2026-03-09T12:11:07.978Z</time>
      </trkpt>
      <trkpt lat="51.624403" lon="10.584015">
        <ele>381.181354</ele>
        <time>2026-03-09T12:11:46.461Z</time>
      </trkpt>
      <trkpt lat="51.624455" lon="10.584518">
        <ele>385.680226</ele>
        <time>2026-03-09T12:12:32.605Z</time>
      </trkpt>
      <trkpt lat="51.624463" lon="10.584975">
        <ele>388.008229</ele>
        <time>2026-03-09T12:13:12.207Z</time>
      </trkpt>
      <trkpt lat="51.624325" lon="10.585666">
        <ele>391.704440</ele>
        <time>2026-03-09T12:13:56.424Z</time>
      </trkpt>
      <trkpt lat="51.624304" lon="10.585939">
        <ele>393.105212</ele>
        <time>2026-03-09T12:14:08.010Z</time>
      </trkpt>
      <trkpt lat="51.624317" lon="10.586348">
        <ele>395.190605</ele>
        <time>2026-03-09T12:14:20.481Z</time>
      </trkpt>
      <trkpt lat="51.624380" lon="10.586483">
        <ele>396.050597</ele>
        <time>2026-03-09T12:14:23.929Z</time>
      </trkpt>
      <trkpt lat="51.624471" lon="10.586521">
        <ele>396.821677</ele>
        <time>2026-03-09T12:14:26.774Z</time>
      </trkpt>
      <trkpt lat="51.624820" lon="10.586363">
        <ele>399.353258</ele>
        <time>2026-03-09T12:14:35.751Z</time>
      </trkpt>
      <trkpt lat="51.625566" lon="10.586166">
        <ele>397.415958</ele>
        <time>2026-03-09T12:14:52.684Z</time>
      </trkpt>
      <trkpt lat="51.626065" lon="10.586240">
        <ele>396.131759</ele>
        <time>2026-03-09T12:15:05.165Z</time>
      </trkpt>
      <trkpt lat="51.626403" lon="10.586192">
        <ele>395.262205</ele>
        <time>2026-03-09T12:15:16.487Z</time>
      </trkpt>
      <trkpt lat="51.626986" lon="10.585975">
        <ele>399.504376</ele>
        <time>2026-03-09T12:15:50.483Z</time>
      </trkpt>
      <trkpt lat="51.627437" lon="10.585680">
        <ele>404.688030</ele>
        <time>2026-03-09T12:16:32.308Z</time>
      </trkpt>
      <trkpt lat="51.627770" lon="10.585672">
        <ele>408.234628</ele>
        <time>2026-03-09T12:17:06.437Z</time>
      </trkpt>
      <trkpt lat="51.627823" lon="10.585741">
        <ele>408.960316</ele>
        <time>2026-03-09T12:17:13.815Z</time>
      </trkpt>
      <trkpt lat="51.627868" lon="10.585870">
        <ele>409.938520</ele>
        <time>2026-03-09T12:17:24.015Z</time>
      </trkpt>
      <trkpt lat="51.627858" lon="10.586013">
        <ele>410.889831</ele>
        <time>2026-03-09T12:17:33.727Z</time>
      </trkpt>
      <trkpt lat="51.627754" lon="10.586542">
        <ele>414.550017</ele>
        <time>2026-03-09T12:18:12.756Z</time>
      </trkpt>
      <trkpt lat="51.627738" lon="10.586730">
        <ele>415.786218</ele>
        <time>2026-03-09T12:18:25.738Z</time>
      </trkpt>
      <trkpt lat="51.627669" lon="10.587018">
        <ele>417.797311</ele>
        <time>2026-03-09T12:18:46.664Z</time>
      </trkpt>
      <trkpt lat="51.627543" lon="10.587344">
        <ele>420.299080</ele>
        <time>2026-03-09T12:19:10.786Z</time>
      </trkpt>
      <trkpt lat="51.627325" lon="10.587688">
        <ele>423.501610</ele>
        <time>2026-03-09T12:19:37.170Z</time>
      </trkpt>
      <trkpt lat="51.627271" lon="10.587852">
        <ele>424.711005</ele>
        <time>2026-03-09T12:19:46.123Z</time>
      </trkpt>
      <trkpt lat="51.627253" lon="10.588040">
        <ele>425.950244</ele>
        <time>2026-03-09T12:19:54.615Z</time>
      </trkpt>
      <trkpt lat="51.627307" lon="10.588148">
        <ele>426.853669</ele>
        <time>2026-03-09T12:20:00.467Z</time>
      </trkpt>
      <trkpt lat="51.627398" lon="10.588200">
        <ele>427.866965</ele>
        <time>2026-03-09T12:20:06.734Z</time>
      </trkpt>
      <trkpt lat="51.627567" lon="10.588161">
        <ele>429.658628</ele>
        <time>2026-03-09T12:20:17.389Z</time>
      </trkpt>
      <trkpt lat="51.627658" lon="10.588188">
        <ele>430.629683</ele>
        <time>2026-03-09T12:20:23.010Z</time>
      </trkpt>
      <trkpt lat="51.627917" lon="10.588334">
        <ele>433.517822</ele>
        <time>2026-03-09T12:20:40.201Z</time>
      </trkpt>
      <trkpt lat="51.628310" lon="10.588494">
        <ele>437.828995</ele>
        <time>2026-03-09T12:21:08.664Z</time>
      </trkpt>
      <trkpt lat="51.628432" lon="10.588615">
        <ele>439.352726</ele>
        <time>2026-03-09T12:21:19.807Z</time>
      </trkpt>
      <trkpt lat="51.628627" lon="10.588928">
        <ele>442.280417</ele>
        <time>2026-03-09T12:21:42.421Z</time>
      </trkpt>
      <trkpt lat="51.628764" lon="10.589403">
        <ele>445.738360</ele>
        <time>2026-03-09T12:22:11.657Z</time>
      </trkpt>
      <trkpt lat="51.628960" lon="10.589950">
        <ele>449.908124</ele>
        <time>2026-03-09T12:22:46.163Z</time>
      </trkpt>
      <trkpt lat="51.629075" lon="10.590191">
        <ele>451.914982</ele>
        <time>2026-03-09T12:23:03.625Z</time>
      </trkpt>
      <trkpt lat="51.629243" lon="10.590427">
        <ele>455.008819</ele>
        <time>2026-03-09T12:23:24.774Z</time>
      </trkpt>
      <trkpt lat="51.629583" lon="10.590695">
        <ele>460.312995</ele>
        <time>2026-03-09T12:24:00.365Z</time>
      </trkpt>
      <trkpt lat="51.629678" lon="10.590980">
        <ele>463.126882</ele>
        <time>2026-03-09T12:24:18.695Z</time>
      </trkpt>
      <trkpt lat="51.629760" lon="10.591351">
        <ele>466.552480</ele>
        <time>2026-03-09T12:24:40.542Z</time>
      </trkpt>
      <trkpt lat="51.629794" lon="10.591831">
        <ele>470.754831</ele>
        <time>2026-03-09T12:25:08.023Z</time>
      </trkpt>
      <trkpt lat="51.629906" lon="10.592254">
        <ele>474.755015</ele>
        <time>2026-03-09T12:25:34.994Z</time>
      </trkpt>
      <trkpt lat="51.629974" lon="10.593205">
        <ele>481.955944</ele>
        <time>2026-03-09T12:26:31.666Z</time>
      </trkpt>
      <trkpt lat="51.629953" lon="10.594374">
        <ele>490.177015</ele>
        <time>2026-03-09T12:27:34.142Z</time>
      </trkpt>
      <trkpt lat="51.630005" lon="10.595122">
        <ele>495.468045</ele>
        <time>2026-03-09T12:28:06.778Z</time>
      </trkpt>
      <trkpt lat="51.629966" lon="10.596376">
        <ele>500.475164</ele>
        <time>2026-03-09T12:28:45.337Z</time>
      </trkpt>
      <trkpt lat="51.629919" lon="10.596922">
        <ele>502.145397</ele>
        <time>2026-03-09T12:28:58.567Z</time>
      </trkpt>
      <trkpt lat="51.629957" lon="10.597201">
        <ele>503.010889</ele>
        <time>2026-03-09T12:29:06.678Z</time>
      </trkpt>
      <trkpt lat="51.630570" lon="10.599508">
        <ele>512.915811</ele>
        <time>2026-03-09T12:30:31.068Z</time>
      </trkpt>
      <trkpt lat="51.630629" lon="10.599722">
        <ele>514.009201</ele>
        <time>2026-03-09T12:30:41.879Z</time>
      </trkpt>
      <trkpt lat="51.630890" lon="10.600434">
        <ele>517.870282</ele>
        <time>2026-03-09T12:31:23.286Z</time>
      </trkpt>
      <trkpt lat="51.631310" lon="10.601201">
        <ele>522.910580</ele>
        <time>2026-03-09T12:32:21.546Z</time>
      </trkpt>
      <trkpt lat="51.631411" lon="10.601470">
        <ele>524.519504</ele>
        <time>2026-03-09T12:32:39.783Z</time>
      </trkpt>
      <trkpt lat="51.631472" lon="10.601788">
        <ele>526.222874</ele>
        <time>2026-03-09T12:32:58.171Z</time>
      </trkpt>
      <trkpt lat="51.631550" lon="10.603155">
        <ele>533.248258</ele>
        <time>2026-03-09T12:33:58.221Z</time>
      </trkpt>
      <trkpt lat="51.631595" lon="10.603398">
        <ele>534.546021</ele>
        <time>2026-03-09T12:34:06.487Z</time>
      </trkpt>
      <trkpt lat="51.631043" lon="10.603834">
        <ele>533.501272</ele>
        <time>2026-03-09T12:34:29.958Z</time>
      </trkpt>
      <trkpt lat="51.630887" lon="10.605636">
        <ele>531.179396</ele>
        <time>2026-03-09T12:34:57.483Z</time>
      </trkpt>
      <trkpt lat="51.630959" lon="10.605702">
        <ele>530.978441</ele>
        <time>2026-03-09T12:34:59.459Z</time>
      </trkpt>
      <trkpt lat="51.631015" lon="10.605824">
        <ele>530.376213</ele>
        <time>2026-03-09T12:35:01.716Z</time>
      </trkpt>
      <trkpt lat="51.631107" lon="10.606554">
        <ele>527.419752</ele>
        <time>2026-03-09T12:35:12.888Z</time>
      </trkpt>
      <trkpt lat="51.631257" lon="10.606777">
        <ele>526.114660</ele>
        <time>2026-03-09T12:35:17.641Z</time>
      </trkpt>
      <trkpt lat="51.631810" lon="10.607145">
        <ele>522.288941</ele>
        <time>2026-03-09T12:35:31.003Z</time>
      </trkpt>
      <trkpt lat="51.631824" lon="10.607200">
        <ele>522.053009</ele>
        <time>2026-03-09T12:35:31.833Z</time>
      </trkpt>
      <trkpt lat="51.631805" lon="10.607311">
        <ele>521.596017</ele>
        <time>2026-03-09T12:35:33.462Z</time>
      </trkpt>
      <trkpt lat="51.631758" lon="10.607408">
        <ele>521.107625</ele>
        <time>2026-03-09T12:35:35.174Z</time>
      </trkpt>
      <trkpt lat="51.631798" lon="10.607536">
        <ele>520.538855</ele>
        <time>2026-03-09T12:35:36.463Z</time>
      </trkpt>
      <trkpt lat="51.631802" lon="10.607698">
        <ele>519.895384</ele>
        <time>2026-03-09T12:35:37.915Z</time>
      </trkpt>
      <trkpt lat="51.631727" lon="10.607896">
        <ele>519.070649</ele>
        <time>2026-03-09T12:35:40.010Z</time>
      </trkpt>
      <trkpt lat="51.631632" lon="10.608094">
        <ele>518.251141</ele>
        <time>2026-03-09T12:35:42.275Z</time>
      </trkpt>
      <trkpt lat="51.631565" lon="10.608366">
        <ele>517.292855</ele>
        <time>2026-03-09T12:35:44.891Z</time>
      </trkpt>
      <trkpt lat="51.631535" lon="10.608609">
        <ele>516.481519</ele>
        <time>2026-03-09T12:35:47.092Z</time>
      </trkpt>
      <trkpt lat="51.631661" lon="10.609482">
        <ele>513.546454</ele>
        <time>2026-03-09T12:35:54.972Z</time>
      </trkpt>
      <trkpt lat="51.631678" lon="10.610335">
        <ele>510.751713</ele>
        <time>2026-03-09T12:36:03.285Z</time>
      </trkpt>
      <trkpt lat="51.631614" lon="10.610738">
        <ele>510.145800</ele>
        <time>2026-03-09T12:36:08.181Z</time>
      </trkpt>
      <trkpt lat="51.631435" lon="10.611361">
        <ele>510.536341</ele>
        <time>2026-03-09T12:36:19.554Z</time>
      </trkpt>
      <trkpt lat="51.631428" lon="10.611540">
        <ele>510.638373</ele>
        <time>2026-03-09T12:36:23.187Z</time>
      </trkpt>
      <trkpt lat="51.631462" lon="10.611662">
        <ele>510.714451</ele>
        <time>2026-03-09T12:36:26.022Z</time>
      </trkpt>
      <trkpt lat="51.631543" lon="10.611769">
        <ele>510.810452</ele>
        <time>2026-03-09T12:36:29.459Z</time>
      </trkpt>
      <trkpt lat="51.631665" lon="10.611858">
        <ele>510.933193</ele>
        <time>2026-03-09T12:36:33.959Z</time>
      </trkpt>
      <trkpt lat="51.631938" lon="10.611962">
        <ele>511.190296</ele>
        <time>2026-03-09T12:36:43.343Z</time>
      </trkpt>
      <trkpt lat="51.632134" lon="10.612133">
        <ele>511.394577</ele>
        <time>2026-03-09T12:36:50.615Z</time>
      </trkpt>
      <trkpt lat="51.632269" lon="10.612328">
        <ele>511.560751</ele>
        <time>2026-03-09T12:36:56.200Z</time>
      </trkpt>
      <trkpt lat="51.632309" lon="10.612555">
        <ele>511.677916</ele>
        <time>2026-03-09T12:37:00.401Z</time>
      </trkpt>
      <trkpt lat="51.632283" lon="10.612795">
        <ele>511.629937</ele>
        <time>2026-03-09T12:37:04.316Z</time>
      </trkpt>
      <trkpt lat="51.632194" lon="10.613103">
        <ele>511.563031</ele>
        <time>2026-03-09T12:37:09.000Z</time>
      </trkpt>
      <trkpt lat="51.631770" lon="10.614199">
        <ele>511.308699</ele>
        <time>2026-03-09T12:37:23.294Z</time>
      </trkpt>
      <trkpt lat="51.631594" lon="10.614814">
        <ele>511.175330</ele>
        <time>2026-03-09T12:37:30.882Z</time>
      </trkpt>
      <trkpt lat="51.631474" lon="10.615333">
        <ele>511.561253</ele>
        <time>2026-03-09T12:37:39.210Z</time>
      </trkpt>
      <trkpt lat="51.631356" lon="10.616031">
        <ele>512.972710</ele>
        <time>2026-03-09T12:37:55.710Z</time>
      </trkpt>
      <trkpt lat="51.631280" lon="10.616541">
        <ele>513.996036</ele>
        <time>2026-03-09T12:38:09.734Z</time>
      </trkpt>
      <trkpt lat="51.631280" lon="10.616765">
        <ele>514.433078</ele>
        <time>2026-03-09T12:38:15.841Z</time>
      </trkpt>
      <trkpt lat="51.631361" lon="10.617164">
        <ele>515.252137</ele>
        <time>2026-03-09T12:38:27.047Z</time>
      </trkpt>
      <trkpt lat="51.631652" lon="10.617897">
        <ele>516.989485</ele>
        <time>2026-03-09T12:38:48.868Z</time>
      </trkpt>
      <trkpt lat="51.632183" lon="10.618956">
        <ele>520.217306</ele>
        <time>2026-03-09T12:39:21.895Z</time>
      </trkpt>
      <trkpt lat="51.632673" lon="10.619300">
        <ele>522.259019</ele>
        <time>2026-03-09T12:39:46.323Z</time>
      </trkpt>
      <trkpt lat="51.632927" lon="10.619370">
        <ele>523.243353</ele>
        <time>2026-03-09T12:39:57.745Z</time>
      </trkpt>
      <trkpt lat="51.633165" lon="10.619192">
        <ele>523.394210</ele>
        <time>2026-03-09T12:40:08.191Z</time>
      </trkpt>
      <trkpt lat="51.633379" lon="10.618934">
        <ele>522.989799</ele>
        <time>2026-03-09T12:40:16.671Z</time>
      </trkpt>
      <trkpt lat="51.633519" lon="10.618876">
        <ele>522.771082</ele>
        <time>2026-03-09T12:40:20.233Z</time>
      </trkpt>
      <trkpt lat="51.633647" lon="10.618910">
        <ele>522.574798</ele>
        <time>2026-03-09T12:40:23.013Z</time>
      </trkpt>
      <trkpt lat="51.633767" lon="10.619027">
        <ele>522.362574</ele>
        <time>2026-03-09T12:40:25.920Z</time>
      </trkpt>
      <trkpt lat="51.633867" lon="10.619313">
        <ele>522.054300</ele>
        <time>2026-03-09T12:40:29.863Z</time>
      </trkpt>
      <trkpt lat="51.634052" lon="10.620189">
        <ele>521.185314</ele>
        <time>2026-03-09T12:40:38.816Z</time>
      </trkpt>
      <trkpt lat="51.634102" lon="10.620335">
        <ele>521.028717</ele>
        <time>2026-03-09T12:40:40.316Z</time>
      </trkpt>
      <trkpt lat="51.634129" lon="10.620396">
        <ele>520.958357</ele>
        <time>2026-03-09T12:40:40.986Z</time>
      </trkpt>
      <trkpt lat="51.634395" lon="10.620647">
        <ele>518.628496</ele>
        <time>2026-03-09T12:40:45.328Z</time>
      </trkpt>
      <trkpt lat="51.634359" lon="10.621037">
        <ele>516.624764</ele>
        <time>2026-03-09T12:40:50.741Z</time>
      </trkpt>
      <trkpt lat="51.634437" lon="10.621607">
        <ele>513.658529</ele>
        <time>2026-03-09T12:40:58.778Z</time>
      </trkpt>
      <trkpt lat="51.634556" lon="10.622234">
        <ele>510.326560</ele>
        <time>2026-03-09T12:41:07.863Z</time>
      </trkpt>
      <trkpt lat="51.634597" lon="10.623093">
        <ele>505.867997</ele>
        <time>2026-03-09T12:41:19.474Z</time>
      </trkpt>
      <trkpt lat="51.634596" lon="10.623926">
        <ele>500.213667</ele>
        <time>2026-03-09T12:41:30.499Z</time>
      </trkpt>
      <trkpt lat="51.634553" lon="10.624447">
        <ele>496.646041</ele>
        <time>2026-03-09T12:41:37.393Z</time>
      </trkpt>
      <trkpt lat="51.634538" lon="10.625403">
        <ele>490.154730</ele>
        <time>2026-03-09T12:41:49.880Z</time>
      </trkpt>
      <trkpt lat="51.634455" lon="10.626831">
        <ele>478.763070</ele>
        <time>2026-03-09T12:42:08.576Z</time>
      </trkpt>
      <trkpt lat="51.634206" lon="10.628096">
        <ele>467.308399</ele>
        <time>2026-03-09T12:42:25.244Z</time>
      </trkpt>
      <trkpt lat="51.634108" lon="10.628878">
        <ele>460.428189</ele>
        <time>2026-03-09T12:42:35.135Z</time>
      </trkpt>
      <trkpt lat="51.634121" lon="10.629390">
        <ele>456.028883</ele>
        <time>2026-03-09T12:42:41.593Z</time>
      </trkpt>
      <trkpt lat="51.634122" lon="10.629594">
        <ele>454.277445</ele>
        <time>2026-03-09T12:42:44.203Z</time>
      </trkpt>
      <trkpt lat="51.634084" lon="10.629795">
        <ele>452.473543</ele>
        <time>2026-03-09T12:42:46.918Z</time>
      </trkpt>
      <trkpt lat="51.633968" lon="10.630062">
        <ele>449.675531</ele>
        <time>2026-03-09T12:42:51.084Z</time>
      </trkpt>
      <trkpt lat="51.633789" lon="10.630157">
        <ele>447.068740</ele>
        <time>2026-03-09T12:42:54.957Z</time>
      </trkpt>
      <trkpt lat="51.633540" lon="10.630176">
        <ele>443.620730</ele>
        <time>2026-03-09T12:43:00.050Z</time>
      </trkpt>
      <trkpt lat="51.633424" lon="10.630222">
        <ele>441.968339</ele>
        <time>2026-03-09T12:43:02.475Z</time>
      </trkpt>
      <trkpt lat="51.633251" lon="10.630386">
        <ele>439.191913</ele>
        <time>2026-03-09T12:43:06.551Z</time>
      </trkpt>
      <trkpt lat="51.633119" lon="10.630546">
        <ele>436.907062</ele>
        <time>2026-03-09T12:43:09.956Z</time>
      </trkpt>
      <trkpt lat="51.632992" lon="10.630865">
        <ele>432.794592</ele>
        <time>2026-03-09T12:43:14.931Z</time>
      </trkpt>
      <trkpt lat="51.632923" lon="10.631606">
        <ele>424.503004</ele>
        <time>2026-03-09T12:43:24.487Z</time>
      </trkpt>
      <trkpt lat="51.632758" lon="10.631850">
        <ele>420.510040</ele>
        <time>2026-03-09T12:43:28.916Z</time>
      </trkpt>
      <trkpt lat="51.632661" lon="10.631896">
        <ele>418.707345</ele>
        <time>2026-03-09T12:43:30.900Z</time>
      </trkpt>
      <trkpt lat="51.632478" lon="10.631803">
        <ele>415.286322</ele>
        <time>2026-03-09T12:43:34.605Z</time>
      </trkpt>
      <trkpt lat="51.632225" lon="10.631777">
        <ele>410.766625</ele>
        <time>2026-03-09T12:43:39.507Z</time>
      </trkpt>
      <trkpt lat="51.632003" lon="10.631868">
        <ele>406.682669</ele>
        <time>2026-03-09T12:43:43.930Z</time>
      </trkpt>
      <trkpt lat="51.631900" lon="10.632150">
        <ele>402.918091</ele>
        <time>2026-03-09T12:43:47.883Z</time>
      </trkpt>
      <trkpt lat="51.631744" lon="10.632701">
        <ele>395.572966</ele>
        <time>2026-03-09T12:43:55.186Z</time>
      </trkpt>
      <trkpt lat="51.631653" lon="10.632753">
        <ele>393.686329</ele>
        <time>2026-03-09T12:43:57.064Z</time>
      </trkpt>
      <trkpt lat="51.631557" lon="10.632755">
        <ele>391.810374</ele>
        <time>2026-03-09T12:43:58.924Z</time>
      </trkpt>
      <trkpt lat="51.630865" lon="10.632432">
        <ele>377.732915</ele>
        <time>2026-03-09T12:44:12.970Z</time>
      </trkpt>
      <trkpt lat="51.630506" lon="10.632166">
        <ele>370.011856</ele>
        <time>2026-03-09T12:44:20.829Z</time>
      </trkpt>
      <trkpt lat="51.630360" lon="10.631959">
        <ele>367.468979</ele>
        <time>2026-03-09T12:44:24.756Z</time>
      </trkpt>
      <trkpt lat="51.630265" lon="10.631365">
        <ele>362.949804</ele>
        <time>2026-03-09T12:44:32.503Z</time>
      </trkpt>
      <trkpt lat="51.630197" lon="10.631249">
        <ele>361.774317</ele>
        <time>2026-03-09T12:44:34.540Z</time>
      </trkpt>
      <trkpt lat="51.629989" lon="10.631124">
        <ele>359.139404</ele>
        <time>2026-03-09T12:44:39.118Z</time>
      </trkpt>
      <trkpt lat="51.629654" lon="10.630475">
        <ele>352.920711</ele>
        <time>2026-03-09T12:44:50.259Z</time>
      </trkpt>
      <trkpt lat="51.629411" lon="10.629674">
        <ele>347.019660</ele>
        <time>2026-03-09T12:45:02.586Z</time>
      </trkpt>
      <trkpt lat="51.629377" lon="10.629245">
        <ele>345.073832</ele>
        <time>2026-03-09T12:45:08.688Z</time>
      </trkpt>
      <trkpt lat="51.629224" lon="10.628816">
        <ele>342.847780</ele>
        <time>2026-03-09T12:45:15.649Z</time>
      </trkpt>
      <trkpt lat="51.629166" lon="10.628576">
        <ele>341.689020</ele>
        <time>2026-03-09T12:45:19.300Z</time>
      </trkpt>
      <trkpt lat="51.629059" lon="10.628377">
        <ele>340.504489</ele>
        <time>2026-03-09T12:45:23.044Z</time>
      </trkpt>
      <trkpt lat="51.628747" lon="10.628271">
        <ele>338.193349</ele>
        <time>2026-03-09T12:45:30.430Z</time>
      </trkpt>
      <trkpt lat="51.628448" lon="10.628001">
        <ele>335.708920</ele>
        <time>2026-03-09T12:45:38.419Z</time>
      </trkpt>
      <trkpt lat="51.627888" lon="10.627599">
        <ele>332.169782</ele>
        <time>2026-03-09T12:45:51.955Z</time>
      </trkpt>
      <trkpt lat="51.627888" lon="10.627599">
        <ele>332.169782</ele>
        <time>2026-03-09T12:45:51.955Z</time>
      </trkpt>
      <trkpt lat="51.627606" lon="10.627485">
        <ele>330.568787</ele>
        <time>2026-03-09T12:45:58.566Z</time>
      </trkpt>
      <trkpt lat="51.627364" lon="10.627308">
        <ele>329.105279</ele>
        <time>2026-03-09T12:46:05.041Z</time>
      </trkpt>
      <trkpt lat="51.627326" lon="10.627322">
        <ele>328.890628</ele>
        <time>2026-03-09T12:46:06.020Z</time>
      </trkpt>
      <trkpt lat="51.627265" lon="10.627361">
        <ele>328.529240</ele>
        <time>2026-03-09T12:46:07.700Z</time>
      </trkpt>
      <trkpt lat="51.627247" lon="10.627372">
        <ele>328.423229</ele>
        <time>2026-03-09T12:46:08.201Z</time>
      </trkpt>
      <trkpt lat="51.627144" lon="10.627413">
        <ele>327.838995</ele>
        <time>2026-03-09T12:46:09.659Z</time>
      </trkpt>
      <trkpt lat="51.626858" lon="10.627348">
        <ele>326.248526</ele>
        <time>2026-03-09T12:46:13.639Z</time>
      </trkpt>
      <trkpt lat="51.626513" lon="10.627377">
        <ele>324.841732</ele>
        <time>2026-03-09T12:46:18.565Z</time>
      </trkpt>
      <trkpt lat="51.626180" lon="10.627543">
        <ele>324.142702</ele>
        <time>2026-03-09T12:46:23.610Z</time>
      </trkpt>
      <trkpt lat="51.626112" lon="10.627624">
        <ele>323.973104</ele>
        <time>2026-03-09T12:46:24.829Z</time>
      </trkpt>
      <trkpt lat="51.626154" lon="10.627702">
        <ele>323.844562</ele>
        <time>2026-03-09T12:46:25.881Z</time>
      </trkpt>
      <trkpt lat="51.626176" lon="10.627829">
        <ele>323.680419</ele>
        <time>2026-03-09T12:46:27.188Z</time>
      </trkpt>
      <trkpt lat="51.626161" lon="10.628042">
        <ele>323.413553</ele>
        <time>2026-03-09T12:46:29.300Z</time>
      </trkpt>
      <trkpt lat="51.627495" lon="10.628995">
        <ele>322.192045</ele>
        <time>2026-03-09T12:46:53.017Z</time>
      </trkpt>
      <trkpt lat="51.627938" lon="10.629382">
        <ele>322.851806</ele>
        <time>2026-03-09T12:47:06.601Z</time>
      </trkpt>
      <trkpt lat="51.628270" lon="10.629738">
        <ele>323.373942</ele>
        <time>2026-03-09T12:47:19.558Z</time>
      </trkpt>
      <trkpt lat="51.628695" lon="10.630389">
        <ele>324.381047</ele>
        <time>2026-03-09T12:47:40.924Z</time>
      </trkpt>
      <trkpt lat="51.629013" lon="10.631052">
        <ele>325.669253</ele>
        <time>2026-03-09T12:48:00.363Z</time>
      </trkpt>
      <trkpt lat="51.629473" lon="10.632598">
        <ele>328.305169</ele>
        <time>2026-03-09T12:48:31.399Z</time>
      </trkpt>
      <trkpt lat="51.629574" lon="10.632845">
        <ele>328.720976</ele>
        <time>2026-03-09T12:48:35.363Z</time>
      </trkpt>
      <trkpt lat="51.630302" lon="10.633806">
        <ele>330.841794</ele>
        <time>2026-03-09T12:49:00.173Z</time>
      </trkpt>
      <trkpt lat="51.630471" lon="10.633985">
        <ele>331.297543</ele>
        <time>2026-03-09T12:49:06.882Z</time>
      </trkpt>
      <trkpt lat="51.631483" lon="10.634624">
        <ele>333.704539</ele>
        <time>2026-03-09T12:49:48.091Z</time>
      </trkpt>
      <trkpt lat="51.631762" lon="10.634774">
        <ele>334.346782</ele>
        <time>2026-03-09T12:49:58.871Z</time>
      </trkpt>
      <trkpt lat="51.632003" lon="10.634800">
        <ele>334.874199</ele>
        <time>2026-03-09T12:50:06.179Z</time>
      </trkpt>
      <trkpt lat="51.632418" lon="10.634755">
        <ele>335.782429</ele>
        <time>2026-03-09T12:50:15.878Z</time>
      </trkpt>
      <trkpt lat="51.632557" lon="10.634785">
        <ele>336.088655</ele>
        <time>2026-03-09T12:50:18.526Z</time>
      </trkpt>
      <trkpt lat="51.633311" lon="10.634953">
        <ele>336.657695</ele>
        <time>2026-03-09T12:50:32.545Z</time>
      </trkpt>
      <trkpt lat="51.633548" lon="10.634974">
        <ele>336.783112</ele>
        <time>2026-03-09T12:50:36.894Z</time>
      </trkpt>
      <trkpt lat="51.633747" lon="10.634922">
        <ele>336.889635</ele>
        <time>2026-03-09T12:50:40.462Z</time>
      </trkpt>
      <trkpt lat="51.634094" lon="10.634740">
        <ele>337.082456</ele>
        <time>2026-03-09T12:50:50.294Z</time>
      </trkpt>
      <trkpt lat="51.634273" lon="10.634571">
        <ele>337.192081</ele>
        <time>2026-03-09T12:50:55.897Z</time>
      </trkpt>
      <trkpt lat="51.634532" lon="10.634258">
        <ele>337.468141</ele>
        <time>2026-03-09T12:51:05.322Z</time>
      </trkpt>
      <trkpt lat="51.634647" lon="10.634156">
        <ele>337.607519</ele>
        <time>2026-03-09T12:51:08.551Z</time>
      </trkpt>
      <trkpt lat="51.634848" lon="10.633973">
        <ele>337.852644</ele>
        <time>2026-03-09T12:51:14.823Z</time>
      </trkpt>
      <trkpt lat="51.635358" lon="10.633466">
        <ele>338.488906</ele>
        <time>2026-03-09T12:51:29.510Z</time>
      </trkpt>
      <trkpt lat="51.635560" lon="10.633276">
        <ele>338.737247</ele>
        <time>2026-03-09T12:51:34.854Z</time>
      </trkpt>
      <trkpt lat="51.635709" lon="10.633184">
        <ele>338.906664</ele>
        <time>2026-03-09T12:51:39.468Z</time>
      </trkpt>
      <trkpt lat="51.635866" lon="10.633158">
        <ele>339.074234</ele>
        <time>2026-03-09T12:51:42.775Z</time>
      </trkpt>
      <trkpt lat="51.636099" lon="10.633154">
        <ele>339.429659</ele>
        <time>2026-03-09T12:51:47.027Z</time>
      </trkpt>
      <trkpt lat="51.636154" lon="10.633155">
        <ele>339.529341</ele>
        <time>2026-03-09T12:51:48.034Z</time>
      </trkpt>
      <trkpt lat="51.636226" lon="10.633154">
        <ele>339.659830</ele>
        <time>2026-03-09T12:51:49.365Z</time>
      </trkpt>
      <trkpt lat="51.636236" lon="10.633154">
        <ele>339.677952</ele>
        <time>2026-03-09T12:51:49.545Z</time>
      </trkpt>
      <trkpt lat="51.636521" lon="10.633173">
        <ele>340.194894</ele>
        <time>2026-03-09T12:51:55.456Z</time>
      </trkpt>
      <trkpt lat="51.636767" lon="10.633260">
        <ele>340.651329</ele>
        <time>2026-03-09T12:52:01.951Z</time>
      </trkpt>
      <trkpt lat="51.637293" lon="10.633583">
        <ele>341.671472</ele>
        <time>2026-03-09T12:52:19.152Z</time>
      </trkpt>
      <trkpt lat="51.637547" lon="10.633787">
        <ele>342.185809</ele>
        <time>2026-03-09T12:52:28.864Z</time>
      </trkpt>
      <trkpt lat="51.637902" lon="10.634052">
        <ele>343.249552</ele>
        <time>2026-03-09T12:52:42.949Z</time>
      </trkpt>
      <trkpt lat="51.638386" lon="10.634333">
        <ele>344.890946</ele>
        <time>2026-03-09T12:53:03.637Z</time>
      </trkpt>
      <trkpt lat="51.639174" lon="10.635266">
        <ele>348.010848</ele>
        <time>2026-03-09T12:53:37.245Z</time>
      </trkpt>
      <trkpt lat="51.639358" lon="10.635579">
        <ele>348.596003</ele>
        <time>2026-03-09T12:53:45.439Z</time>
      </trkpt>
      <trkpt lat="51.639562" lon="10.635997">
        <ele>349.243571</ele>
        <time>2026-03-09T12:53:55.523Z</time>
      </trkpt>
      <trkpt lat="51.639799" lon="10.636595">
        <ele>350.107618</ele>
        <time>2026-03-09T12:54:08.170Z</time>
      </trkpt>
      <trkpt lat="51.639836" lon="10.636739">
        <ele>350.297411</ele>
        <time>2026-03-09T12:54:10.595Z</time>
      </trkpt>
      <trkpt lat="51.639916" lon="10.637172">
        <ele>350.847572</ele>
        <time>2026-03-09T12:54:16.961Z</time>
      </trkpt>
      <trkpt lat="51.640033" lon="10.637721">
        <ele>351.554441</ele>
        <time>2026-03-09T12:54:27.180Z</time>
      </trkpt>
      <trkpt lat="51.640202" lon="10.638317">
        <ele>352.398756</ele>
        <time>2026-03-09T12:54:39.936Z</time>
      </trkpt>
      <trkpt lat="51.640215" lon="10.638358">
        <ele>352.458786</ele>
        <time>2026-03-09T12:54:40.821Z</time>
      </trkpt>
      <trkpt lat="51.640277" lon="10.638553">
        <ele>352.744455</ele>
        <time>2026-03-09T12:54:44.827Z</time>
      </trkpt>
      <trkpt lat="51.640614" lon="10.639489">
        <ele>354.155328</ele>
        <time>2026-03-09T12:55:03.915Z</time>
      </trkpt>
      <trkpt lat="51.640787" lon="10.640044">
        <ele>354.965089</ele>
        <time>2026-03-09T12:55:15.307Z</time>
      </trkpt>
      <trkpt lat="51.641024" lon="10.641293">
        <ele>356.765529</ele>
        <time>2026-03-09T12:55:41.567Z</time>
      </trkpt>
      <trkpt lat="51.641045" lon="10.641417">
        <ele>356.946820</ele>
        <time>2026-03-09T12:55:43.725Z</time>
      </trkpt>
      <trkpt lat="51.641087" lon="10.641616">
        <ele>357.243287</ele>
        <time>2026-03-09T12:55:47.371Z</time>
      </trkpt>
      <trkpt lat="51.641160" lon="10.641851">
        <ele>357.613948</ele>
        <time>2026-03-09T12:55:52.015Z</time>
      </trkpt>
      <trkpt lat="51.641380" lon="10.642198">
        <ele>358.313624</ele>
        <time>2026-03-09T12:56:00.901Z</time>
      </trkpt>
      <trkpt lat="51.641746" lon="10.642640">
        <ele>359.353139</ele>
        <time>2026-03-09T12:56:14.292Z</time>
      </trkpt>
      <trkpt lat="51.641778" lon="10.642679">
        <ele>359.444326</ele>
        <time>2026-03-09T12:56:15.483Z</time>
      </trkpt>
      <trkpt lat="51.642419" lon="10.643452">
        <ele>362.595121</ele>
        <time>2026-03-09T12:56:42.735Z</time>
      </trkpt>
      <trkpt lat="51.642637" lon="10.643615">
        <ele>363.568800</ele>
        <time>2026-03-09T12:56:52.978Z</time>
      </trkpt>
      <trkpt lat="51.642860" lon="10.643685">
        <ele>364.489271</ele>
        <time>2026-03-09T12:57:03.380Z</time>
      </trkpt>
      <trkpt lat="51.643264" lon="10.643784">
        <ele>366.144903</ele>
        <time>2026-03-09T12:57:22.712Z</time>
      </trkpt>
      <trkpt lat="51.643667" lon="10.643883">
        <ele>367.640834</ele>
        <time>2026-03-09T12:57:41.118Z</time>
      </trkpt>
      <trkpt lat="51.644467" lon="10.643885">
        <ele>370.348725</ele>
        <time>2026-03-09T12:58:10.845Z</time>
      </trkpt>
      <trkpt lat="51.644744" lon="10.643532">
        <ele>371.544073</ele>
        <time>2026-03-09T12:58:26.361Z</time>
      </trkpt>
      <trkpt lat="51.645809" lon="10.643397">
        <ele>374.957100</ele>
        <time>2026-03-09T12:59:11.950Z</time>
      </trkpt>
      <trkpt lat="51.646267" lon="10.643156">
        <ele>376.438909</ele>
        <time>2026-03-09T12:59:35.976Z</time>
      </trkpt>
      <trkpt lat="51.646706" lon="10.643040">
        <ele>377.807122</ele>
        <time>2026-03-09T12:59:58.346Z</time>
      </trkpt>
      <trkpt lat="51.647523" lon="10.642919">
        <ele>380.428715</ele>
        <time>2026-03-09T13:00:38.547Z</time>
      </trkpt>
      <trkpt lat="51.648189" lon="10.642947">
        <ele>382.585982</ele>
        <time>2026-03-09T13:01:09.022Z</time>
      </trkpt>
      <trkpt lat="51.648880" lon="10.642780">
        <ele>385.662607</ele>
        <time>2026-03-09T13:01:41.670Z</time>
      </trkpt>
      <trkpt lat="51.649177" lon="10.642595">
        <ele>388.208653</ele>
        <time>2026-03-09T13:01:59.011Z</time>
      </trkpt>
      <trkpt lat="51.649415" lon="10.642436">
        <ele>390.268748</ele>
        <time>2026-03-09T13:02:14.548Z</time>
      </trkpt>
      <trkpt lat="51.649590" lon="10.642378">
        <ele>391.697348</ele>
        <time>2026-03-09T13:02:26.649Z</time>
      </trkpt>
      <trkpt lat="51.649644" lon="10.642353">
        <ele>392.146599</ele>
        <time>2026-03-09T13:02:30.745Z</time>
      </trkpt>
      <trkpt lat="51.649705" lon="10.642336">
        <ele>392.641601</ele>
        <time>2026-03-09T13:02:35.284Z</time>
      </trkpt>
      <trkpt lat="51.649836" lon="10.642302">
        <ele>393.702586</ele>
        <time>2026-03-09T13:02:45.622Z</time>
      </trkpt>
      <trkpt lat="51.650297" lon="10.642193">
        <ele>397.428249</ele>
        <time>2026-03-09T13:03:21.922Z</time>
      </trkpt>
      <trkpt lat="51.650444" lon="10.642087">
        <ele>398.725840</ele>
        <time>2026-03-09T13:03:36.346Z</time>
      </trkpt>
      <trkpt lat="51.650615" lon="10.641725">
        <ele>401.549692</ele>
        <time>2026-03-09T13:04:03.795Z</time>
      </trkpt>
      <trkpt lat="51.651046" lon="10.640210">
        <ele>411.893982</ele>
        <time>2026-03-09T13:05:30.465Z</time>
      </trkpt>
      <trkpt lat="51.651191" lon="10.639944">
        <ele>414.091594</ele>
        <time>2026-03-09T13:05:42.848Z</time>
      </trkpt>
      <trkpt lat="51.651332" lon="10.639797">
        <ele>415.771421</ele>
        <time>2026-03-09T13:05:50.759Z</time>
      </trkpt>
      <trkpt lat="51.651456" lon="10.639750">
        <ele>416.655800</ele>
        <time>2026-03-09T13:05:55.893Z</time>
      </trkpt>
      <trkpt lat="51.651785" lon="10.639716">
        <ele>416.540274</ele>
        <time>2026-03-09T13:06:05.732Z</time>
      </trkpt>
      <trkpt lat="51.652002" lon="10.639636">
        <ele>416.462269</ele>
        <time>2026-03-09T13:06:10.068Z</time>
      </trkpt>
      <trkpt lat="51.652226" lon="10.639480">
        <ele>416.376760</ele>
        <time>2026-03-09T13:06:14.163Z</time>
      </trkpt>
      <trkpt lat="51.653341" lon="10.639682">
        <ele>416.102343</ele>
        <time>2026-03-09T13:06:33.360Z</time>
      </trkpt>
      <trkpt lat="51.653719" lon="10.639821">
        <ele>416.259160</ele>
        <time>2026-03-09T13:06:41.420Z</time>
      </trkpt>
      <trkpt lat="51.654136" lon="10.640168">
        <ele>416.448973</ele>
        <time>2026-03-09T13:06:52.775Z</time>
      </trkpt>
      <trkpt lat="51.654412" lon="10.640133">
        <ele>416.560951</ele>
        <time>2026-03-09T13:07:00.455Z</time>
      </trkpt>
      <trkpt lat="51.654546" lon="10.640168">
        <ele>416.615856</ele>
        <time>2026-03-09T13:07:04.439Z</time>
      </trkpt>
      <trkpt lat="51.654947" lon="10.640959">
        <ele>417.301068</ele>
        <time>2026-03-09T13:07:23.697Z</time>
      </trkpt>
      <trkpt lat="51.655494" lon="10.641361">
        <ele>418.528218</ele>
        <time>2026-03-09T13:07:42.659Z</time>
      </trkpt>
      <trkpt lat="51.655786" lon="10.641688">
        <ele>419.253998</ele>
        <time>2026-03-09T13:07:53.765Z</time>
      </trkpt>
      <trkpt lat="51.655786" lon="10.641688">
        <ele>419.253998</ele>
        <time>2026-03-09T13:07:53.771Z</time>
      </trkpt>
      <trkpt lat="51.656283" lon="10.642372">
        <ele>420.698304</ele>
        <time>2026-03-09T13:08:14.634Z</time>
      </trkpt>
      <trkpt lat="51.656456" lon="10.642530">
        <ele>421.402152</ele>
        <time>2026-03-09T13:08:21.320Z</time>
      </trkpt>
      <trkpt lat="51.656709" lon="10.642692">
        <ele>422.365793</ele>
        <time>2026-03-09T13:08:30.813Z</time>
      </trkpt>
      <trkpt lat="51.656799" lon="10.642938">
        <ele>422.992949</ele>
        <time>2026-03-09T13:08:37.221Z</time>
      </trkpt>
      <trkpt lat="51.656864" lon="10.643254">
        <ele>423.724031</ele>
        <time>2026-03-09T13:08:44.978Z</time>
      </trkpt>
      <trkpt lat="51.656979" lon="10.643644">
        <ele>424.672286</ele>
        <time>2026-03-09T13:08:55.269Z</time>
      </trkpt>
      <trkpt lat="51.657185" lon="10.644000">
        <ele>425.741346</ele>
        <time>2026-03-09T13:09:07.630Z</time>
      </trkpt>
      <trkpt lat="51.657274" lon="10.644381">
        <ele>426.635357</ele>
        <time>2026-03-09T13:09:18.701Z</time>
      </trkpt>
      <trkpt lat="51.657332" lon="10.646771">
        <ele>436.112263</ele>
        <time>2026-03-09T13:10:36.264Z</time>
      </trkpt>
      <trkpt lat="51.657331" lon="10.647821">
        <ele>440.709483</ele>
        <time>2026-03-09T13:11:17.187Z</time>
      </trkpt>
      <trkpt lat="51.657379" lon="10.648415">
        <ele>443.600969</ele>
        <time>2026-03-09T13:11:41.995Z</time>
      </trkpt>
      <trkpt lat="51.657382" lon="10.649055">
        <ele>446.690362</ele>
        <time>2026-03-09T13:12:08.188Z</time>
      </trkpt>
      <trkpt lat="51.657486" lon="10.649722">
        <ele>450.010131</ele>
        <time>2026-03-09T13:12:33.081Z</time>
      </trkpt>
      <trkpt lat="51.657587" lon="10.649936">
        <ele>451.308077</ele>
        <time>2026-03-09T13:12:42.151Z</time>
      </trkpt>
      <trkpt lat="51.657695" lon="10.650043">
        <ele>452.294457</ele>
        <time>2026-03-09T13:12:48.943Z</time>
      </trkpt>
      <trkpt lat="51.657976" lon="10.650204">
        <ele>454.210133</ele>
        <time>2026-03-09T13:13:04.431Z</time>
      </trkpt>
      <trkpt lat="51.658307" lon="10.650348">
        <ele>456.377158</ele>
        <time>2026-03-09T13:13:21.477Z</time>
      </trkpt>
      <trkpt lat="51.658960" lon="10.650519">
        <ele>460.558721</ele>
        <time>2026-03-09T13:13:54.866Z</time>
      </trkpt>
      <trkpt lat="51.659200" lon="10.650612">
        <ele>462.118916</ele>
        <time>2026-03-09T13:14:08.081Z</time>
      </trkpt>
      <trkpt lat="51.659553" lon="10.650894">
        <ele>464.775320</ele>
        <time>2026-03-09T13:14:30.333Z</time>
      </trkpt>
      <trkpt lat="51.659924" lon="10.651408">
        <ele>468.524337</ele>
        <time>2026-03-09T13:14:59.390Z</time>
      </trkpt>
      <trkpt lat="51.660395" lon="10.651979">
        <ele>473.040758</ele>
        <time>2026-03-09T13:15:35.496Z</time>
      </trkpt>
      <trkpt lat="51.660705" lon="10.652601">
        <ele>476.833892</ele>
        <time>2026-03-09T13:16:05.882Z</time>
      </trkpt>
      <trkpt lat="51.661222" lon="10.653155">
        <ele>480.874960</ele>
        <time>2026-03-09T13:16:44.815Z</time>
      </trkpt>
      <trkpt lat="51.661718" lon="10.653848">
        <ele>484.999605</ele>
        <time>2026-03-09T13:17:19.041Z</time>
      </trkpt>
      <trkpt lat="51.661855" lon="10.654056">
        <ele>486.182223</ele>
        <time>2026-03-09T13:17:27.384Z</time>
      </trkpt>
      <trkpt lat="51.661912" lon="10.654198">
        <ele>486.841535</ele>
        <time>2026-03-09T13:17:32.079Z</time>
      </trkpt>
      <trkpt lat="51.661958" lon="10.654369">
        <ele>487.568084</ele>
        <time>2026-03-09T13:17:37.270Z</time>
      </trkpt>
      <trkpt lat="51.662024" lon="10.654492">
        <ele>488.202041</ele>
        <time>2026-03-09T13:17:41.876Z</time>
      </trkpt>
      <trkpt lat="51.662075" lon="10.654553">
        <ele>488.601107</ele>
        <time>2026-03-09T13:17:44.801Z</time>
      </trkpt>
      <trkpt lat="51.662158" lon="10.654595">
        <ele>489.125861</ele>
        <time>2026-03-09T13:17:48.819Z</time>
      </trkpt>
      <trkpt lat="51.662191" lon="10.654597">
        <ele>489.313927</ele>
        <time>2026-03-09T13:17:50.361Z</time>
      </trkpt>
      <trkpt lat="51.662229" lon="10.654596">
        <ele>489.530363</ele>
        <time>2026-03-09T13:17:52.117Z</time>
      </trkpt>
      <trkpt lat="51.662324" lon="10.654607">
        <ele>490.072775</ele>
        <time>2026-03-09T13:17:56.480Z</time>
      </trkpt>
      <trkpt lat="51.662559" lon="10.654730">
        <ele>491.479849</ele>
        <time>2026-03-09T13:18:07.929Z</time>
      </trkpt>
      <trkpt lat="51.662699" lon="10.654720">
        <ele>492.277921</ele>
        <time>2026-03-09T13:18:14.402Z</time>
      </trkpt>
      <trkpt lat="51.662757" lon="10.654680">
        <ele>492.637181</ele>
        <time>2026-03-09T13:18:17.213Z</time>
      </trkpt>
      <trkpt lat="51.662845" lon="10.654513">
        <ele>493.411241</ele>
        <time>2026-03-09T13:18:23.336Z</time>
      </trkpt>
      <trkpt lat="51.663029" lon="10.653969">
        <ele>495.600043</ele>
        <time>2026-03-09T13:18:42.268Z</time>
      </trkpt>
      <trkpt lat="51.663164" lon="10.653659">
        <ele>496.938045</ele>
        <time>2026-03-09T13:18:55.042Z</time>
      </trkpt>
      <trkpt lat="51.663590" lon="10.652883">
        <ele>500.125699</ele>
        <time>2026-03-09T13:19:32.894Z</time>
      </trkpt>
      <trkpt lat="51.663674" lon="10.652773">
        <ele>500.539806</ele>
        <time>2026-03-09T13:19:39.009Z</time>
      </trkpt>
      <trkpt lat="51.664594" lon="10.651889">
        <ele>504.638068</ele>
        <time>2026-03-09T13:20:22.508Z</time>
      </trkpt>
      <trkpt lat="51.664719" lon="10.651799">
        <ele>505.161918</ele>
        <time>2026-03-09T13:20:26.095Z</time>
      </trkpt>
      <trkpt lat="51.665140" lon="10.651583">
        <ele>506.369484</ele>
        <time>2026-03-09T13:20:36.608Z</time>
      </trkpt>
      <trkpt lat="51.665290" lon="10.651554">
        <ele>506.604018</ele>
        <time>2026-03-09T13:20:39.960Z</time>
      </trkpt>
      <trkpt lat="51.665470" lon="10.651582">
        <ele>506.884755</ele>
        <time>2026-03-09T13:20:43.894Z</time>
      </trkpt>
      <trkpt lat="51.665883" lon="10.651810">
        <ele>507.562457</ele>
        <time>2026-03-09T13:20:53.455Z</time>
      </trkpt>
      <trkpt lat="51.665986" lon="10.651829">
        <ele>507.723402</ele>
        <time>2026-03-09T13:20:56.109Z</time>
      </trkpt>
      <trkpt lat="51.666302" lon="10.651788">
        <ele>508.215558</ele>
        <time>2026-03-09T13:21:04.578Z</time>
      </trkpt>
      <trkpt lat="51.666679" lon="10.651973">
        <ele>508.827336</ele>
        <time>2026-03-09T13:21:18.455Z</time>
      </trkpt>
      <trkpt lat="51.667022" lon="10.651957">
        <ele>510.986555</ele>
        <time>2026-03-09T13:21:34.412Z</time>
      </trkpt>
      <trkpt lat="51.667085" lon="10.652043">
        <ele>511.509463</ele>
        <time>2026-03-09T13:21:38.661Z</time>
      </trkpt>
      <trkpt lat="51.667189" lon="10.652344">
        <ele>512.863186</ele>
        <time>2026-03-09T13:21:49.847Z</time>
      </trkpt>
      <trkpt lat="51.667304" lon="10.652521">
        <ele>513.870304</ele>
        <time>2026-03-09T13:21:58.624Z</time>
      </trkpt>
      <trkpt lat="51.667633" lon="10.652766">
        <ele>516.165946</ele>
        <time>2026-03-09T13:22:19.829Z</time>
      </trkpt>
      <trkpt lat="51.667715" lon="10.652857">
        <ele>516.796534</ele>
        <time>2026-03-09T13:22:25.798Z</time>
      </trkpt>
      <trkpt lat="51.668663" lon="10.654084">
        <ele>524.531428</ele>
        <time>2026-03-09T13:23:38.116Z</time>
      </trkpt>
      <trkpt lat="51.668748" lon="10.654241">
        <ele>525.356745</ele>
        <time>2026-03-09T13:23:44.814Z</time>
      </trkpt>
      <trkpt lat="51.668962" lon="10.654198">
        <ele>526.733762</ele>
        <time>2026-03-09T13:23:55.997Z</time>
      </trkpt>
      <trkpt lat="51.669116" lon="10.654214">
        <ele>527.719133</ele>
        <time>2026-03-09T13:24:03.709Z</time>
      </trkpt>
      <trkpt lat="51.669916" lon="10.654501">
        <ele>533.042762</ele>
        <time>2026-03-09T13:24:42.892Z</time>
      </trkpt>
      <trkpt lat="51.670433" lon="10.654580">
        <ele>536.600428</ele>
        <time>2026-03-09T13:25:09.365Z</time>
      </trkpt>
      <trkpt lat="51.670634" lon="10.654675">
        <ele>538.035350</ele>
        <time>2026-03-09T13:25:20.644Z</time>
      </trkpt>
      <trkpt lat="51.670902" lon="10.654934">
        <ele>540.175841</ele>
        <time>2026-03-09T13:25:38.293Z</time>
      </trkpt>
      <trkpt lat="51.671055" lon="10.654981">
        <ele>541.242845</ele>
        <time>2026-03-09T13:25:47.666Z</time>
      </trkpt>
      <trkpt lat="51.671196" lon="10.654916">
        <ele>542.247491</ele>
        <time>2026-03-09T13:25:56.883Z</time>
      </trkpt>
      <trkpt lat="51.671331" lon="10.654817">
        <ele>543.263485</ele>
        <time>2026-03-09T13:26:06.530Z</time>
      </trkpt>
      <trkpt lat="51.671559" lon="10.654714">
        <ele>544.985892</ele>
        <time>2026-03-09T13:26:22.010Z</time>
      </trkpt>
      <trkpt lat="51.671701" lon="10.654605">
        <ele>546.189973</ele>
        <time>2026-03-09T13:26:32.162Z</time>
      </trkpt>
      <trkpt lat="51.671864" lon="10.654405">
        <ele>547.758150</ele>
        <time>2026-03-09T13:26:45.269Z</time>
      </trkpt>
      <trkpt lat="51.671966" lon="10.654158">
        <ele>549.167143</ele>
        <time>2026-03-09T13:26:56.955Z</time>
      </trkpt>
      <trkpt lat="51.672147" lon="10.653719">
        <ele>551.670162</ele>
        <time>2026-03-09T13:27:17.057Z</time>
      </trkpt>
      <trkpt lat="51.672406" lon="10.653265">
        <ele>554.599117</ele>
        <time>2026-03-09T13:27:39.390Z</time>
      </trkpt>
      <trkpt lat="51.672733" lon="10.652803">
        <ele>557.905551</ele>
        <time>2026-03-09T13:28:03.863Z</time>
      </trkpt>
      <trkpt lat="51.673763" lon="10.651983">
        <ele>565.133251</ele>
        <time>2026-03-09T13:29:03.722Z</time>
      </trkpt>
      <trkpt lat="51.674012" lon="10.651918">
        <ele>566.720384</ele>
        <time>2026-03-09T13:29:17.272Z</time>
      </trkpt>
      <trkpt lat="51.674165" lon="10.651917">
        <ele>567.683085</ele>
        <time>2026-03-09T13:29:25.419Z</time>
      </trkpt>
      <trkpt lat="51.674278" lon="10.651965">
        <ele>568.418349</ele>
        <time>2026-03-09T13:29:31.581Z</time>
      </trkpt>
      <trkpt lat="51.674619" lon="10.652346">
        <ele>571.037287</ele>
        <time>2026-03-09T13:29:53.159Z</time>
      </trkpt>
      <trkpt lat="51.675019" lon="10.652635">
        <ele>573.807671</ele>
        <time>2026-03-09T13:30:15.580Z</time>
      </trkpt>
      <trkpt lat="51.675641" lon="10.653287">
        <ele>578.496639</ele>
        <time>2026-03-09T13:30:54.485Z</time>
      </trkpt>
      <trkpt lat="51.675779" lon="10.653316">
        <ele>579.376251</ele>
        <time>2026-03-09T13:31:01.976Z</time>
      </trkpt>
      <trkpt lat="51.676621" lon="10.655412">
        <ele>589.966591</ele>
        <time>2026-03-09T13:32:30.480Z</time>
      </trkpt>
      <trkpt lat="51.677027" lon="10.656710">
        <ele>595.219482</ele>
        <time>2026-03-09T13:33:19.755Z</time>
      </trkpt>
      <trkpt lat="51.677339" lon="10.657899">
        <ele>599.111100</ele>
        <time>2026-03-09T13:33:55.887Z</time>
      </trkpt>
      <trkpt lat="51.677714" lon="10.657642">
        <ele>601.091732</ele>
        <time>2026-03-09T13:34:16.770Z</time>
      </trkpt>
      <trkpt lat="51.678038" lon="10.657510">
        <ele>602.499353</ele>
        <time>2026-03-09T13:34:32.483Z</time>
      </trkpt>
      <trkpt lat="51.678557" lon="10.657506">
        <ele>604.508458</ele>
        <time>2026-03-09T13:34:55.420Z</time>
      </trkpt>
      <trkpt lat="51.678677" lon="10.657540">
        <ele>604.980101</ele>
        <time>2026-03-09T13:35:01.117Z</time>
      </trkpt>
      <trkpt lat="51.678776" lon="10.657634">
        <ele>605.424824</ele>
        <time>2026-03-09T13:35:06.656Z</time>
      </trkpt>
      <trkpt lat="51.678858" lon="10.657593">
        <ele>605.757157</ele>
        <time>2026-03-09T13:35:09.839Z</time>
      </trkpt>
      <trkpt lat="51.678978" lon="10.657684">
        <ele>606.270477</ele>
        <time>2026-03-09T13:35:14.942Z</time>
      </trkpt>
      <trkpt lat="51.678970" lon="10.657543">
        <ele>606.610336</ele>
        <time>2026-03-09T13:35:18.377Z</time>
      </trkpt>
      <trkpt lat="51.679213" lon="10.657599">
        <ele>607.560559</ele>
        <time>2026-03-09T13:35:28.542Z</time>
      </trkpt>
      <trkpt lat="51.679805" lon="10.657452">
        <ele>611.016862</ele>
        <time>2026-03-09T13:35:56.357Z</time>
      </trkpt>
      <trkpt lat="51.680036" lon="10.657323">
        <ele>612.814149</ele>
        <time>2026-03-09T13:36:09.324Z</time>
      </trkpt>
      <trkpt lat="51.680125" lon="10.657203">
        <ele>613.667042</ele>
        <time>2026-03-09T13:36:16.075Z</time>
      </trkpt>
      <trkpt lat="51.680214" lon="10.656974">
        <ele>614.899110</ele>
        <time>2026-03-09T13:36:26.194Z</time>
      </trkpt>
      <trkpt lat="51.680322" lon="10.656106">
        <ele>618.934955</ele>
        <time>2026-03-09T13:37:00.989Z</time>
      </trkpt>
      <trkpt lat="51.680625" lon="10.654809">
        <ele>624.369602</ele>
        <time>2026-03-09T13:37:51.870Z</time>
      </trkpt>
      <trkpt lat="51.680593" lon="10.653403">
        <ele>629.123775</ele>
        <time>2026-03-09T13:38:44.632Z</time>
      </trkpt>
      <trkpt lat="51.680539" lon="10.652791">
        <ele>631.212603</ele>
        <time>2026-03-09T13:39:03.252Z</time>
      </trkpt>
      <trkpt lat="51.680586" lon="10.651800">
        <ele>631.211228</ele>
        <time>2026-03-09T13:39:28.111Z</time>
      </trkpt>
      <trkpt lat="51.680621" lon="10.651518">
        <ele>631.068984</ele>
        <time>2026-03-09T13:39:33.795Z</time>
      </trkpt>
      <trkpt lat="51.680767" lon="10.651105">
        <ele>630.833847</ele>
        <time>2026-03-09T13:39:42.380Z</time>
      </trkpt>
      <trkpt lat="51.681043" lon="10.650595">
        <ele>630.499036</ele>
        <time>2026-03-09T13:39:53.589Z</time>
      </trkpt>
      <trkpt lat="51.681191" lon="10.650531">
        <ele>630.376808</ele>
        <time>2026-03-09T13:39:57.526Z</time>
      </trkpt>
      <trkpt lat="51.681649" lon="10.650624">
        <ele>629.363619</ele>
        <time>2026-03-09T13:40:09.045Z</time>
      </trkpt>
      <trkpt lat="51.681763" lon="10.650589">
        <ele>628.967805</ele>
        <time>2026-03-09T13:40:11.903Z</time>
      </trkpt>
      <trkpt lat="51.682446" lon="10.649929">
        <ele>626.252092</ele>
        <time>2026-03-09T13:40:32.122Z</time>
      </trkpt>
      <trkpt lat="51.682531" lon="10.649785">
        <ele>625.831629</ele>
        <time>2026-03-09T13:40:35.454Z</time>
      </trkpt>
      <trkpt lat="51.682579" lon="10.649620">
        <ele>625.446194</ele>
        <time>2026-03-09T13:40:38.579Z</time>
      </trkpt>
      <trkpt lat="51.682589" lon="10.648426">
        <ele>620.963448</ele>
        <time>2026-03-09T13:40:58.037Z</time>
      </trkpt>
      <trkpt lat="51.682566" lon="10.647735">
        <ele>617.008435</ele>
        <time>2026-03-09T13:41:08.004Z</time>
      </trkpt>
      <trkpt lat="51.682589" lon="10.647616">
        <ele>616.296025</ele>
        <time>2026-03-09T13:41:09.733Z</time>
      </trkpt>
      <trkpt lat="51.682655" lon="10.647510">
        <ele>615.437438</ele>
        <time>2026-03-09T13:41:11.776Z</time>
      </trkpt>
      <trkpt lat="51.682924" lon="10.647304">
        <ele>612.692455</ele>
        <time>2026-03-09T13:41:18.145Z</time>
      </trkpt>
      <trkpt lat="51.683011" lon="10.647076">
        <ele>611.162351</ele>
        <time>2026-03-09T13:41:21.605Z</time>
      </trkpt>
      <trkpt lat="51.683224" lon="10.646190">
        <ele>604.583277</ele>
        <time>2026-03-09T13:41:33.441Z</time>
      </trkpt>
      <trkpt lat="51.683472" lon="10.645921">
        <ele>600.030687</ele>
        <time>2026-03-09T13:41:39.337Z</time>
      </trkpt>
      <trkpt lat="51.684181" lon="10.645369">
        <ele>588.038104</ele>
        <time>2026-03-09T13:41:55.081Z</time>
      </trkpt>
      <trkpt lat="51.684572" lon="10.645012">
        <ele>581.193932</ele>
        <time>2026-03-09T13:42:04.211Z</time>
      </trkpt>
      <trkpt lat="51.685361" lon="10.644211">
        <ele>570.641918</ele>
        <time>2026-03-09T13:42:23.723Z</time>
      </trkpt>
      <trkpt lat="51.686280" lon="10.643154">
        <ele>559.420639</ele>
        <time>2026-03-09T13:42:47.962Z</time>
      </trkpt>
      <trkpt lat="51.686582" lon="10.642506">
        <ele>557.025229</ele>
        <time>2026-03-09T13:42:59.199Z</time>
      </trkpt>
      <trkpt lat="51.686746" lon="10.641824">
        <ele>554.863761</ele>
        <time>2026-03-09T13:43:10.163Z</time>
      </trkpt>
      <trkpt lat="51.686832" lon="10.640939">
        <ele>552.216825</ele>
        <time>2026-03-09T13:43:25.907Z</time>
      </trkpt>
      <trkpt lat="51.686952" lon="10.640115">
        <ele>551.866053</ele>
        <time>2026-03-09T13:43:45.066Z</time>
      </trkpt>
      <trkpt lat="51.687191" lon="10.639571">
        <ele>551.974703</ele>
        <time>2026-03-09T13:44:02.509Z</time>
      </trkpt>
      <trkpt lat="51.687482" lon="10.639068">
        <ele>552.086814</ele>
        <time>2026-03-09T13:44:19.641Z</time>
      </trkpt>
      <trkpt lat="51.687698" lon="10.638695">
        <ele>552.169987</ele>
        <time>2026-03-09T13:44:29.960Z</time>
      </trkpt>
      <trkpt lat="51.688032" lon="10.638298">
        <ele>551.639958</ele>
        <time>2026-03-09T13:44:41.356Z</time>
      </trkpt>
      <trkpt lat="51.688267" lon="10.638138">
        <ele>550.892447</ele>
        <time>2026-03-09T13:44:47.720Z</time>
      </trkpt>
      <trkpt lat="51.688465" lon="10.638128">
        <ele>550.311915</ele>
        <time>2026-03-09T13:44:52.604Z</time>
      </trkpt>
      <trkpt lat="51.688926" lon="10.638215">
        <ele>548.951721</ele>
        <time>2026-03-09T13:45:03.954Z</time>
      </trkpt>
      <trkpt lat="51.689236" lon="10.638119">
        <ele>548.026663</ele>
        <time>2026-03-09T13:45:11.878Z</time>
      </trkpt>
      <trkpt lat="51.689281" lon="10.637998">
        <ele>547.770317</ele>
        <time>2026-03-09T13:45:14.148Z</time>
      </trkpt>
      <trkpt lat="51.689449" lon="10.637845">
        <ele>547.204941</ele>
        <time>2026-03-09T13:45:19.276Z</time>
      </trkpt>
      <trkpt lat="51.689451" lon="10.637844">
        <ele>547.198805</ele>
        <time>2026-03-09T13:45:19.323Z</time>
      </trkpt>
      <trkpt lat="51.689578" lon="10.637723">
        <ele>546.982946</ele>
        <time>2026-03-09T13:45:23.416Z</time>
      </trkpt>
      <trkpt lat="51.689715" lon="10.637652">
        <ele>547.044366</ele>
        <time>2026-03-09T13:45:27.553Z</time>
      </trkpt>
      <trkpt lat="51.690170" lon="10.637634">
        <ele>547.238631</ele>
        <time>2026-03-09T13:45:42.621Z</time>
      </trkpt>
      <trkpt lat="51.690256" lon="10.637554">
        <ele>547.281005</ele>
        <time>2026-03-09T13:45:46.815Z</time>
      </trkpt>
      <trkpt lat="51.690528" lon="10.637089">
        <ele>547.450170</ele>
        <time>2026-03-09T13:46:04.493Z</time>
      </trkpt>
      <trkpt lat="51.690842" lon="10.636679">
        <ele>547.622597</ele>
        <time>2026-03-09T13:46:21.821Z</time>
      </trkpt>
      <trkpt lat="51.690966" lon="10.636534">
        <ele>547.687967</ele>
        <time>2026-03-09T13:46:27.324Z</time>
      </trkpt>
      <trkpt lat="51.691288" lon="10.636283">
        <ele>546.975559</ele>
        <time>2026-03-09T13:46:38.148Z</time>
      </trkpt>
      <trkpt lat="51.691444" lon="10.636009">
        <ele>546.349058</ele>
        <time>2026-03-09T13:46:44.473Z</time>
      </trkpt>
      <trkpt lat="51.691690" lon="10.635801">
        <ele>545.594543</ele>
        <time>2026-03-09T13:46:51.702Z</time>
      </trkpt>
      <trkpt lat="51.691956" lon="10.635662">
        <ele>544.834962</ele>
        <time>2026-03-09T13:46:58.760Z</time>
      </trkpt>
      <trkpt lat="51.692432" lon="10.635558">
        <ele>543.530056</ele>
        <time>2026-03-09T13:47:10.616Z</time>
      </trkpt>
      <trkpt lat="51.692574" lon="10.635448">
        <ele>543.102130</ele>
        <time>2026-03-09T13:47:14.467Z</time>
      </trkpt>
      <trkpt lat="51.692674" lon="10.635319">
        <ele>542.771972</ele>
        <time>2026-03-09T13:47:17.587Z</time>
      </trkpt>
      <trkpt lat="51.692983" lon="10.634477">
        <ele>541.476540</ele>
        <time>2026-03-09T13:47:32.971Z</time>
      </trkpt>
      <trkpt lat="51.693110" lon="10.634238">
        <ele>541.059782</ele>
        <time>2026-03-09T13:47:38.211Z</time>
      </trkpt>
      <trkpt lat="51.693201" lon="10.634109">
        <ele>540.801055</ele>
        <time>2026-03-09T13:47:41.574Z</time>
      </trkpt>
      <trkpt lat="51.693554" lon="10.633823">
        <ele>539.957399</ele>
        <time>2026-03-09T13:47:52.974Z</time>
      </trkpt>
      <trkpt lat="51.693645" lon="10.633692">
        <ele>539.696918</ele>
        <time>2026-03-09T13:47:56.592Z</time>
      </trkpt>
      <trkpt lat="51.693912" lon="10.633111">
        <ele>538.801819</ele>
        <time>2026-03-09T13:48:10.246Z</time>
      </trkpt>
      <trkpt lat="51.694048" lon="10.632576">
        <ele>538.222828</ele>
        <time>2026-03-09T13:48:21.505Z</time>
      </trkpt>
      <trkpt lat="51.694460" lon="10.631357">
        <ele>536.832605</ele>
        <time>2026-03-09T13:48:46.825Z</time>
      </trkpt>
      <trkpt lat="51.694549" lon="10.630976">
        <ele>536.424925</ele>
        <time>2026-03-09T13:48:53.419Z</time>
      </trkpt>
      <trkpt lat="51.694678" lon="10.630243">
        <ele>535.215434</ele>
        <time>2026-03-09T13:49:05.123Z</time>
      </trkpt>
      <trkpt lat="51.694812" lon="10.629789">
        <ele>534.186760</ele>
        <time>2026-03-09T13:49:12.737Z</time>
      </trkpt>
      <trkpt lat="51.695107" lon="10.629186">
        <ele>532.615273</ele>
        <time>2026-03-09T13:49:24.287Z</time>
      </trkpt>
      <trkpt lat="51.695549" lon="10.628407">
        <ele>530.454834</ele>
        <time>2026-03-09T13:49:41.189Z</time>
      </trkpt>
      <trkpt lat="51.695861" lon="10.627858">
        <ele>530.126942</ele>
        <time>2026-03-09T13:49:55.309Z</time>
      </trkpt>
      <trkpt lat="51.695905" lon="10.627728">
        <ele>530.120254</ele>
        <time>2026-03-09T13:49:58.862Z</time>
      </trkpt>
      <trkpt lat="51.695920" lon="10.627421">
        <ele>530.106347</ele>
        <time>2026-03-09T13:50:06.530Z</time>
      </trkpt>
      <trkpt lat="51.695889" lon="10.626639">
        <ele>530.070962</ele>
        <time>2026-03-09T13:50:26.871Z</time>
      </trkpt>
      <trkpt lat="51.695967" lon="10.626316">
        <ele>530.055309</ele>
        <time>2026-03-09T13:50:34.467Z</time>
      </trkpt>
      <trkpt lat="51.696104" lon="10.625927">
        <ele>530.035105</ele>
        <time>2026-03-09T13:50:42.890Z</time>
      </trkpt>
      <trkpt lat="51.696212" lon="10.625714">
        <ele>530.018106</ele>
        <time>2026-03-09T13:50:47.733Z</time>
      </trkpt>
      <trkpt lat="51.696321" lon="10.625501">
        <ele>529.744797</ele>
        <time>2026-03-09T13:50:52.338Z</time>
      </trkpt>
      <trkpt lat="51.696523" lon="10.625516">
        <ele>529.421986</ele>
        <time>2026-03-09T13:50:55.283Z</time>
      </trkpt>
      <trkpt lat="51.696893" lon="10.625474">
        <ele>528.829864</ele>
        <time>2026-03-09T13:51:00.709Z</time>
      </trkpt>
      <trkpt lat="51.697132" lon="10.625369">
        <ele>528.434436</ele>
        <time>2026-03-09T13:51:04.348Z</time>
      </trkpt>
      <trkpt lat="51.697464" lon="10.625102">
        <ele>527.842242</ele>
        <time>2026-03-09T13:51:09.742Z</time>
      </trkpt>
      <trkpt lat="51.697680" lon="10.624828">
        <ele>527.403606</ele>
        <time>2026-03-09T13:51:14.174Z</time>
      </trkpt>
      <trkpt lat="51.698121" lon="10.624272">
        <ele>528.259503</ele>
        <time>2026-03-09T13:51:28.952Z</time>
      </trkpt>
      <trkpt lat="51.698574" lon="10.623621">
        <ele>529.932263</ele>
        <time>2026-03-09T13:51:50.422Z</time>
      </trkpt>
      <trkpt lat="51.698859" lon="10.623175">
        <ele>531.027057</ele>
        <time>2026-03-09T13:52:04.486Z</time>
      </trkpt>
      <trkpt lat="51.698929" lon="10.623066">
        <ele>531.295306</ele>
        <time>2026-03-09T13:52:08.512Z</time>
      </trkpt>
      <trkpt lat="51.699222" lon="10.622499">
        <ele>532.701852</ele>
        <time>2026-03-09T13:52:27.339Z</time>
      </trkpt>
      <trkpt lat="51.699368" lon="10.622269">
        <ele>533.447410</ele>
        <time>2026-03-09T13:52:35.793Z</time>
      </trkpt>
      <trkpt lat="51.699366" lon="10.622114">
        <ele>533.798494</ele>
        <time>2026-03-09T13:52:39.991Z</time>
      </trkpt>
      <trkpt lat="51.699393" lon="10.621818">
        <ele>534.476027</ele>
        <time>2026-03-09T13:52:47.273Z</time>
      </trkpt>
      <trkpt lat="51.699656" lon="10.620546">
        <ele>537.512605</ele>
        <time>2026-03-09T13:53:18.352Z</time>
      </trkpt>
      <trkpt lat="51.699715" lon="10.620359">
        <ele>537.987789</ele>
        <time>2026-03-09T13:53:24.360Z</time>
      </trkpt>
      <trkpt lat="51.699896" lon="10.619941">
        <ele>538.757111</ele>
        <time>2026-03-09T13:53:36.341Z</time>
      </trkpt>
      <trkpt lat="51.699964" lon="10.619609">
        <ele>538.884792</ele>
        <time>2026-03-09T13:53:43.217Z</time>
      </trkpt>
      <trkpt lat="51.699979" lon="10.619383">
        <ele>538.967789</ele>
        <time>2026-03-09T13:53:47.181Z</time>
      </trkpt>
      <trkpt lat="51.699958" lon="10.619174">
        <ele>539.045104</ele>
        <time>2026-03-09T13:53:50.524Z</time>
      </trkpt>
      <trkpt lat="51.699938" lon="10.618755">
        <ele>539.198558</ele>
        <time>2026-03-09T13:53:58.944Z</time>
      </trkpt>
      <trkpt lat="51.700075" lon="10.618002">
        <ele>539.485124</ele>
        <time>2026-03-09T13:54:13.776Z</time>
      </trkpt>
      <trkpt lat="51.700304" lon="10.617020">
        <ele>539.881127</ele>
        <time>2026-03-09T13:54:32.953Z</time>
      </trkpt>
      <trkpt lat="51.700513" lon="10.616421">
        <ele>540.157885</ele>
        <time>2026-03-09T13:54:45.183Z</time>
      </trkpt>
      <trkpt lat="51.700550" lon="10.616339">
        <ele>540.198723</ele>
        <time>2026-03-09T13:54:47.078Z</time>
      </trkpt>
      <trkpt lat="51.700583" lon="10.616274">
        <ele>540.232552</ele>
        <time>2026-03-09T13:54:48.679Z</time>
      </trkpt>
      <trkpt lat="51.700699" lon="10.616111">
        <ele>540.332478</ele>
        <time>2026-03-09T13:54:53.606Z</time>
      </trkpt>
      <trkpt lat="51.700726" lon="10.615947">
        <ele>540.400797</ele>
        <time>2026-03-09T13:54:57.279Z</time>
      </trkpt>
      <trkpt lat="51.700785" lon="10.615792">
        <ele>540.474032</ele>
        <time>2026-03-09T13:55:01.494Z</time>
      </trkpt>
      <trkpt lat="51.700933" lon="10.615594">
        <ele>540.598926</ele>
        <time>2026-03-09T13:55:09.186Z</time>
      </trkpt>
      <trkpt lat="51.701726" lon="10.614619">
        <ele>541.521584</ele>
        <time>2026-03-09T13:55:55.207Z</time>
      </trkpt>
      <trkpt lat="51.702168" lon="10.614022">
        <ele>542.203027</ele>
        <time>2026-03-09T13:56:17.695Z</time>
      </trkpt>
      <trkpt lat="51.702515" lon="10.613756">
        <ele>542.657192</ele>
        <time>2026-03-09T13:56:28.985Z</time>
      </trkpt>
      <trkpt lat="51.702732" lon="10.613689">
        <ele>542.918385</ele>
        <time>2026-03-09T13:56:35.615Z</time>
      </trkpt>
      <trkpt lat="51.703026" lon="10.613717">
        <ele>543.566696</ele>
        <time>2026-03-09T13:56:45.182Z</time>
      </trkpt>
      <trkpt lat="51.703337" lon="10.613873">
        <ele>544.456270</ele>
        <time>2026-03-09T13:56:57.422Z</time>
      </trkpt>
      <trkpt lat="51.703540" lon="10.614067">
        <ele>545.100701</ele>
        <time>2026-03-09T13:57:06.935Z</time>
      </trkpt>
      <trkpt lat="51.703975" lon="10.614582">
        <ele>546.574378</ele>
        <time>2026-03-09T13:57:30.984Z</time>
      </trkpt>
      <trkpt lat="51.704195" lon="10.614997">
        <ele>547.498814</ele>
        <time>2026-03-09T13:57:50.911Z</time>
      </trkpt>
      <trkpt lat="51.704454" lon="10.615671">
        <ele>549.605110</ele>
        <time>2026-03-09T13:58:22.175Z</time>
      </trkpt>
      <trkpt lat="51.705328" lon="10.618044">
        <ele>557.980832</ele>
        <time>2026-03-09T13:59:58.578Z</time>
      </trkpt>
      <trkpt lat="51.705400" lon="10.618438">
        <ele>558.947963</ele>
        <time>2026-03-09T14:00:12.553Z</time>
      </trkpt>
      <trkpt lat="51.705419" lon="10.618545">
        <ele>559.210023</ele>
        <time>2026-03-09T14:00:16.281Z</time>
      </trkpt>
      <trkpt lat="51.705452" lon="10.618688">
        <ele>559.569290</ele>
        <time>2026-03-09T14:00:21.350Z</time>
      </trkpt>
      <trkpt lat="51.705535" lon="10.619052">
        <ele>560.482468</ele>
        <time>2026-03-09T14:00:34.033Z</time>
      </trkpt>
      <trkpt lat="51.705622" lon="10.619567">
        <ele>561.739231</ele>
        <time>2026-03-09T14:00:50.598Z</time>
      </trkpt>
      <trkpt lat="51.705710" lon="10.620081">
        <ele>562.994727</ele>
        <time>2026-03-09T14:01:06.239Z</time>
      </trkpt>
      <trkpt lat="51.705822" lon="10.620905">
        <ele>564.320001</ele>
        <time>2026-03-09T14:01:30.235Z</time>
      </trkpt>
      <trkpt lat="51.705962" lon="10.621068">
        <ele>564.571365</ele>
        <time>2026-03-09T14:01:37.174Z</time>
      </trkpt>
      <trkpt lat="51.705982" lon="10.621140">
        <ele>564.642559</ele>
        <time>2026-03-09T14:01:39.088Z</time>
      </trkpt>
      <trkpt lat="51.705963" lon="10.621260">
        <ele>564.754313</ele>
        <time>2026-03-09T14:01:42.088Z</time>
      </trkpt>
      <trkpt lat="51.706035" lon="10.621321">
        <ele>564.872717</ele>
        <time>2026-03-09T14:01:44.173Z</time>
      </trkpt>
      <trkpt lat="51.705861" lon="10.621717">
        <ele>565.310732</ele>
        <time>2026-03-09T14:01:55.360Z</time>
      </trkpt>
      <trkpt lat="51.706264" lon="10.622198">
        <ele>566.040576</ele>
        <time>2026-03-09T14:02:13.157Z</time>
      </trkpt>
      <trkpt lat="51.707826" lon="10.623271">
        <ele>567.931457</ele>
        <time>2026-03-09T14:03:15.186Z</time>
      </trkpt>
      <trkpt lat="51.708852" lon="10.623911">
        <ele>569.455430</ele>
        <time>2026-03-09T14:03:57.233Z</time>
      </trkpt>
      <trkpt lat="51.709043" lon="10.624152">
        <ele>569.847953</ele>
        <time>2026-03-09T14:04:06.711Z</time>
      </trkpt>
      <trkpt lat="51.711291" lon="10.627863">
        <ele>575.284058</ele>
        <time>2026-03-09T14:06:19.762Z</time>
      </trkpt>
      <trkpt lat="51.711681" lon="10.628450">
        <ele>575.896243</ele>
        <time>2026-03-09T14:06:39.902Z</time>
      </trkpt>
      <trkpt lat="51.712089" lon="10.629127">
        <ele>576.567996</ele>
        <time>2026-03-09T14:07:00.576Z</time>
      </trkpt>
      <trkpt lat="51.712543" lon="10.629904">
        <ele>576.549712</ele>
        <time>2026-03-09T14:07:22.640Z</time>
      </trkpt>
      <trkpt lat="51.713086" lon="10.631000">
        <ele>576.212474</ele>
        <time>2026-03-09T14:07:49.058Z</time>
      </trkpt>
      <trkpt lat="51.713473" lon="10.631714">
        <ele>575.826362</ele>
        <time>2026-03-09T14:08:06.267Z</time>
      </trkpt>
      <trkpt lat="51.713614" lon="10.631860">
        <ele>575.600969</ele>
        <time>2026-03-09T14:08:11.092Z</time>
      </trkpt>
      <trkpt lat="51.713937" lon="10.632068">
        <ele>575.133079</ele>
        <time>2026-03-09T14:08:20.989Z</time>
      </trkpt>
      <trkpt lat="51.714260" lon="10.632130">
        <ele>574.695440</ele>
        <time>2026-03-09T14:08:30.140Z</time>
      </trkpt>
      <trkpt lat="51.714527" lon="10.632083">
        <ele>574.334078</ele>
        <time>2026-03-09T14:08:37.721Z</time>
      </trkpt>
      <trkpt lat="51.714798" lon="10.631927">
        <ele>573.946969</ele>
        <time>2026-03-09T14:08:45.852Z</time>
      </trkpt>
      <trkpt lat="51.715057" lon="10.631614">
        <ele>573.576476</ele>
        <time>2026-03-09T14:08:54.979Z</time>
      </trkpt>
      <trkpt lat="51.715255" lon="10.631217">
        <ele>573.387152</ele>
        <time>2026-03-09T14:09:04.039Z</time>
      </trkpt>
      <trkpt lat="51.715382" lon="10.630725">
        <ele>573.189155</ele>
        <time>2026-03-09T14:09:13.781Z</time>
      </trkpt>
      <trkpt lat="51.715410" lon="10.630194">
        <ele>572.991186</ele>
        <time>2026-03-09T14:09:23.969Z</time>
      </trkpt>
      <trkpt lat="51.715387" lon="10.629864">
        <ele>572.867824</ele>
        <time>2026-03-09T14:09:30.580Z</time>
      </trkpt>
      <trkpt lat="51.715333" lon="10.629601">
        <ele>572.764900</ele>
        <time>2026-03-09T14:09:36.170Z</time>
      </trkpt>
      <trkpt lat="51.715209" lon="10.629240">
        <ele>572.611565</ele>
        <time>2026-03-09T14:09:44.286Z</time>
      </trkpt>
      <trkpt lat="51.715012" lon="10.628524">
        <ele>572.020216</ele>
        <time>2026-03-09T14:09:59.320Z</time>
      </trkpt>
      <trkpt lat="51.714945" lon="10.628096">
        <ele>571.641747</ele>
        <time>2026-03-09T14:10:07.528Z</time>
      </trkpt>
      <trkpt lat="51.714935" lon="10.627350">
        <ele>571.002027</ele>
        <time>2026-03-09T14:10:20.863Z</time>
      </trkpt>
      <trkpt lat="51.714957" lon="10.627025">
        <ele>570.721736</ele>
        <time>2026-03-09T14:10:26.454Z</time>
      </trkpt>
      <trkpt lat="51.715026" lon="10.626711">
        <ele>570.436104</ele>
        <time>2026-03-09T14:10:32.006Z</time>
      </trkpt>
      <trkpt lat="51.715117" lon="10.626478">
        <ele>570.199970</ele>
        <time>2026-03-09T14:10:36.535Z</time>
      </trkpt>
      <trkpt lat="51.716984" lon="10.623787">
        <ele>561.900536</ele>
        <time>2026-03-09T14:11:41.673Z</time>
      </trkpt>
      <trkpt lat="51.717487" lon="10.623157">
        <ele>558.890119</ele>
        <time>2026-03-09T14:11:56.923Z</time>
      </trkpt>
      <trkpt lat="51.717645" lon="10.622882">
        <ele>557.791440</ele>
        <time>2026-03-09T14:12:02.376Z</time>
      </trkpt>
      <trkpt lat="51.717588" lon="10.624123">
        <ele>553.744654</ele>
        <time>2026-03-09T14:12:20.190Z</time>
      </trkpt>
      <trkpt lat="51.717629" lon="10.624452">
        <ele>552.574260</ele>
        <time>2026-03-09T14:12:25.207Z</time>
      </trkpt>
      <trkpt lat="51.717764" lon="10.624764">
        <ele>551.247029</ele>
        <time>2026-03-09T14:12:30.966Z</time>
      </trkpt>
      <trkpt lat="51.717810" lon="10.625002">
        <ele>550.377536</ele>
        <time>2026-03-09T14:12:34.721Z</time>
      </trkpt>
      <trkpt lat="51.717816" lon="10.625238">
        <ele>549.553780</ele>
        <time>2026-03-09T14:12:38.274Z</time>
      </trkpt>
      <trkpt lat="51.717474" lon="10.626135">
        <ele>545.880987</ele>
        <time>2026-03-09T14:12:53.619Z</time>
      </trkpt>
      <trkpt lat="51.717445" lon="10.626356">
        <ele>545.094716</ele>
        <time>2026-03-09T14:12:56.852Z</time>
      </trkpt>
      <trkpt lat="51.717465" lon="10.626501">
        <ele>544.577677</ele>
        <time>2026-03-09T14:12:58.953Z</time>
      </trkpt>
      <trkpt lat="51.717578" lon="10.626741">
        <ele>543.528487</ele>
        <time>2026-03-09T14:13:03.254Z</time>
      </trkpt>
      <trkpt lat="51.717765" lon="10.626891">
        <ele>542.355347</ele>
        <time>2026-03-09T14:13:08.044Z</time>
      </trkpt>
      <trkpt lat="51.718029" lon="10.627193">
        <ele>540.537493</ele>
        <time>2026-03-09T14:13:15.435Z</time>
      </trkpt>
      <trkpt lat="51.718096" lon="10.627234">
        <ele>540.134945</ele>
        <time>2026-03-09T14:13:17.084Z</time>
      </trkpt>
      <trkpt lat="51.718231" lon="10.627232">
        <ele>539.376484</ele>
        <time>2026-03-09T14:13:20.189Z</time>
      </trkpt>
      <trkpt lat="51.718443" lon="10.626869">
        <ele>537.640179</ele>
        <time>2026-03-09T14:13:27.403Z</time>
      </trkpt>
      <trkpt lat="51.718589" lon="10.626881">
        <ele>536.818889</ele>
        <time>2026-03-09T14:13:30.903Z</time>
      </trkpt>
      <trkpt lat="51.718843" lon="10.627018">
        <ele>536.070669</ele>
        <time>2026-03-09T14:13:37.684Z</time>
      </trkpt>
      <trkpt lat="51.718897" lon="10.627031">
        <ele>536.091322</ele>
        <time>2026-03-09T14:13:39.112Z</time>
      </trkpt>
      <trkpt lat="51.719102" lon="10.627193">
        <ele>536.177665</ele>
        <time>2026-03-09T14:13:45.597Z</time>
      </trkpt>
      <trkpt lat="51.719218" lon="10.627344">
        <ele>536.234037</ele>
        <time>2026-03-09T14:13:50.274Z</time>
      </trkpt>
      <trkpt lat="51.719197" lon="10.627642">
        <ele>536.304325</ele>
        <time>2026-03-09T14:13:56.974Z</time>
      </trkpt>
      <trkpt lat="51.719249" lon="10.628274">
        <ele>536.453736</ele>
        <time>2026-03-09T14:14:13.645Z</time>
      </trkpt>
      <trkpt lat="51.719422" lon="10.627949">
        <ele>536.554155</ele>
        <time>2026-03-09T14:14:25.843Z</time>
      </trkpt>
      <trkpt lat="51.719511" lon="10.627678">
        <ele>536.626036</ele>
        <time>2026-03-09T14:14:34.403Z</time>
      </trkpt>
      <trkpt lat="51.719595" lon="10.627695">
        <ele>536.658061</ele>
        <time>2026-03-09T14:14:38.204Z</time>
      </trkpt>
      <trkpt lat="51.719541" lon="10.627906">
        <ele>536.737513</ele>
        <time>2026-03-09T14:14:42.777Z</time>
      </trkpt>
      <trkpt lat="51.719532" lon="10.628126">
        <ele>536.952555</ele>
        <time>2026-03-09T14:14:46.986Z</time>
      </trkpt>
      <trkpt lat="51.719565" lon="10.628825">
        <ele>537.636291</ele>
        <time>2026-03-09T14:14:58.779Z</time>
      </trkpt>
      <trkpt lat="51.719540" lon="10.629084">
        <ele>537.891950</ele>
        <time>2026-03-09T14:15:02.709Z</time>
      </trkpt>
      <trkpt lat="51.719419" lon="10.629716">
        <ele>538.537128</ele>
        <time>2026-03-09T14:15:11.378Z</time>
      </trkpt>
      <trkpt lat="51.719395" lon="10.630220">
        <ele>539.030149</ele>
        <time>2026-03-09T14:15:19.231Z</time>
      </trkpt>
      <trkpt lat="51.719475" lon="10.630386">
        <ele>539.235275</ele>
        <time>2026-03-09T14:15:23.098Z</time>
      </trkpt>
      <trkpt lat="51.719802" lon="10.630497">
        <ele>540.414916</ele>
        <time>2026-03-09T14:15:35.223Z</time>
      </trkpt>
      <trkpt lat="51.719872" lon="10.630599">
        <ele>540.992196</ele>
        <time>2026-03-09T14:15:39.012Z</time>
      </trkpt>
      <trkpt lat="51.719906" lon="10.630702">
        <ele>541.434800</ele>
        <time>2026-03-09T14:15:42.307Z</time>
      </trkpt>
      <trkpt lat="51.719906" lon="10.630807">
        <ele>541.832998</ele>
        <time>2026-03-09T14:15:45.801Z</time>
      </trkpt>
      <trkpt lat="51.719906" lon="10.630815">
        <ele>541.863337</ele>
        <time>2026-03-09T14:15:46.015Z</time>
      </trkpt>
      <trkpt lat="51.720716" lon="10.631053">
        <ele>546.903295</ele>
        <time>2026-03-09T14:16:40.265Z</time>
      </trkpt>
      <trkpt lat="51.720975" lon="10.631246">
        <ele>548.649568</ele>
        <time>2026-03-09T14:17:01.074Z</time>
      </trkpt>
      <trkpt lat="51.721121" lon="10.631557">
        <ele>550.129353</ele>
        <time>2026-03-09T14:17:19.199Z</time>
      </trkpt>
      <trkpt lat="51.721361" lon="10.632201">
        <ele>552.798347</ele>
        <time>2026-03-09T14:17:51.635Z</time>
      </trkpt>
      <trkpt lat="51.721728" lon="10.633607">
        <ele>558.153742</ele>
        <time>2026-03-09T14:18:48.152Z</time>
      </trkpt>
      <trkpt lat="51.722158" lon="10.634089">
        <ele>560.938655</ele>
        <time>2026-03-09T14:19:14.979Z</time>
      </trkpt>
      <trkpt lat="51.722401" lon="10.634175">
        <ele>561.680850</ele>
        <time>2026-03-09T14:19:27.572Z</time>
      </trkpt>
      <trkpt lat="51.722623" lon="10.634071">
        <ele>562.370500</ele>
        <time>2026-03-09T14:19:39.206Z</time>
      </trkpt>
      <trkpt lat="51.723009" lon="10.633746">
        <ele>563.669337</ele>
        <time>2026-03-09T14:20:00.616Z</time>
      </trkpt>
      <trkpt lat="51.723388" lon="10.633596">
        <ele>564.833548</ele>
        <time>2026-03-09T14:20:18.457Z</time>
      </trkpt>
      <trkpt lat="51.723647" lon="10.633564">
        <ele>565.608519</ele>
        <time>2026-03-09T14:20:29.634Z</time>
      </trkpt>
      <trkpt lat="51.723873" lon="10.633607">
        <ele>566.020251</ele>
        <time>2026-03-09T14:20:39.315Z</time>
      </trkpt>
      <trkpt lat="51.724072" lon="10.633853">
        <ele>565.683931</ele>
        <time>2026-03-09T14:20:49.336Z</time>
      </trkpt>
      <trkpt lat="51.724471" lon="10.635066">
        <ele>564.542364</ele>
        <time>2026-03-09T14:21:14.851Z</time>
      </trkpt>
      <trkpt lat="51.724677" lon="10.635377">
        <ele>564.163910</ele>
        <time>2026-03-09T14:21:22.171Z</time>
      </trkpt>
      <trkpt lat="51.725308" lon="10.636814">
        <ele>559.867415</ele>
        <time>2026-03-09T14:21:48.572Z</time>
      </trkpt>
      <trkpt lat="51.725381" lon="10.637233">
        <ele>558.470412</ele>
        <time>2026-03-09T14:21:54.930Z</time>
      </trkpt>
      <trkpt lat="51.725401" lon="10.637694">
        <ele>556.987166</ele>
        <time>2026-03-09T14:22:01.707Z</time>
      </trkpt>
      <trkpt lat="51.725368" lon="10.638166">
        <ele>555.462619</ele>
        <time>2026-03-09T14:22:08.682Z</time>
      </trkpt>
      <trkpt lat="51.725365" lon="10.638765">
        <ele>553.447684</ele>
        <time>2026-03-09T14:22:17.499Z</time>
      </trkpt>
      <trkpt lat="51.725212" lon="10.640352">
        <ele>547.719293</ele>
        <time>2026-03-09T14:22:40.959Z</time>
      </trkpt>
      <trkpt lat="51.725104" lon="10.641086">
        <ele>545.028535</ele>
        <time>2026-03-09T14:22:51.741Z</time>
      </trkpt>
      <trkpt lat="51.725093" lon="10.641394">
        <ele>543.982189</ele>
        <time>2026-03-09T14:22:56.142Z</time>
      </trkpt>
      <trkpt lat="51.725429" lon="10.641336">
        <ele>543.267160</ele>
        <time>2026-03-09T14:23:01.180Z</time>
      </trkpt>
      <trkpt lat="51.725597" lon="10.641361">
        <ele>542.910165</ele>
        <time>2026-03-09T14:23:03.766Z</time>
      </trkpt>
      <trkpt lat="51.725743" lon="10.641372">
        <ele>542.600892</ele>
        <time>2026-03-09T14:23:06.079Z</time>
      </trkpt>
      <trkpt lat="51.725768" lon="10.641644">
        <ele>542.240477</ele>
        <time>2026-03-09T14:23:10.454Z</time>
      </trkpt>
      <trkpt lat="51.725771" lon="10.641665">
        <ele>542.212230</ele>
        <time>2026-03-09T14:23:12.137Z</time>
      </trkpt>
      <trkpt lat="51.725790" lon="10.641788">
        <ele>542.046076</ele>
        <time>2026-03-09T14:23:14.214Z</time>
      </trkpt>
      <trkpt lat="51.725793" lon="10.641812">
        <ele>542.013984</ele>
        <time>2026-03-09T14:23:16.092Z</time>
      </trkpt>
      <trkpt lat="51.725901" lon="10.642129">
        <ele>541.539791</ele>
        <time>2026-03-09T14:23:22.348Z</time>
      </trkpt>
      <trkpt lat="51.726564" lon="10.642097">
        <ele>540.266726</ele>
        <time>2026-03-09T14:23:39.701Z</time>
      </trkpt>
      <trkpt lat="51.726698" lon="10.642131">
        <ele>540.504322</ele>
        <time>2026-03-09T14:23:44.421Z</time>
      </trkpt>
      <trkpt lat="51.726813" lon="10.642204">
        <ele>540.720769</ele>
        <time>2026-03-09T14:23:49.121Z</time>
      </trkpt>
      <trkpt lat="51.727038" lon="10.642551">
        <ele>541.265803</ele>
        <time>2026-03-09T14:24:01.059Z</time>
      </trkpt>
      <trkpt lat="51.727404" lon="10.643471">
        <ele>542.452106</ele>
        <time>2026-03-09T14:24:21.998Z</time>
      </trkpt>
      <trkpt lat="51.727723" lon="10.643748">
        <ele>543.086562</ele>
        <time>2026-03-09T14:24:31.663Z</time>
      </trkpt>
      <trkpt lat="51.727928" lon="10.643871">
        <ele>543.456552</ele>
        <time>2026-03-09T14:24:37.201Z</time>
      </trkpt>
      <trkpt lat="51.728229" lon="10.643985">
        <ele>543.934539</ele>
        <time>2026-03-09T14:24:45.322Z</time>
      </trkpt>
      <trkpt lat="51.728641" lon="10.643927">
        <ele>544.573918</ele>
        <time>2026-03-09T14:24:56.636Z</time>
      </trkpt>
      <trkpt lat="51.729135" lon="10.644130">
        <ele>545.362005</ele>
        <time>2026-03-09T14:25:11.741Z</time>
      </trkpt>
      <trkpt lat="51.729634" lon="10.644181">
        <ele>546.135015</ele>
        <time>2026-03-09T14:25:28.190Z</time>
      </trkpt>
      <trkpt lat="51.729967" lon="10.644077">
        <ele>546.755664</ele>
        <time>2026-03-09T14:25:38.707Z</time>
      </trkpt>
      <trkpt lat="51.730215" lon="10.643869">
        <ele>547.267646</ele>
        <time>2026-03-09T14:25:46.818Z</time>
      </trkpt>
      <trkpt lat="51.730373" lon="10.643663">
        <ele>547.639696</ele>
        <time>2026-03-09T14:25:52.460Z</time>
      </trkpt>
      <trkpt lat="51.730725" lon="10.643054">
        <ele>548.584871</ele>
        <time>2026-03-09T14:26:07.060Z</time>
      </trkpt>
      <trkpt lat="51.730925" lon="10.642851">
        <ele>549.017659</ele>
        <time>2026-03-09T14:26:14.321Z</time>
      </trkpt>
      <trkpt lat="51.731271" lon="10.642586">
        <ele>549.774530</ele>
        <time>2026-03-09T14:26:27.238Z</time>
      </trkpt>
      <trkpt lat="51.731463" lon="10.642372">
        <ele>550.284813</ele>
        <time>2026-03-09T14:26:35.558Z</time>
      </trkpt>
      <trkpt lat="51.731897" lon="10.641509">
        <ele>551.790710</ele>
        <time>2026-03-09T14:26:59.620Z</time>
      </trkpt>
      <trkpt lat="51.732008" lon="10.641367">
        <ele>552.100456</ele>
        <time>2026-03-09T14:27:04.179Z</time>
      </trkpt>
      <trkpt lat="51.732155" lon="10.641288">
        <ele>552.439316</ele>
        <time>2026-03-09T14:27:09.121Z</time>
      </trkpt>
      <trkpt lat="51.732321" lon="10.641264">
        <ele>552.803843</ele>
        <time>2026-03-09T14:27:14.355Z</time>
      </trkpt>
      <trkpt lat="51.732961" lon="10.641378">
        <ele>553.985287</ele>
        <time>2026-03-09T14:27:32.256Z</time>
      </trkpt>
      <trkpt lat="51.733135" lon="10.641367">
        <ele>554.263796</ele>
        <time>2026-03-09T14:27:36.579Z</time>
      </trkpt>
      <trkpt lat="51.733313" lon="10.641183">
        <ele>554.601834</ele>
        <time>2026-03-09T14:27:41.915Z</time>
      </trkpt>
      <trkpt lat="51.733413" lon="10.641004">
        <ele>554.840621</ele>
        <time>2026-03-09T14:27:45.752Z</time>
      </trkpt>
      <trkpt lat="51.733485" lon="10.640802">
        <ele>555.071483</ele>
        <time>2026-03-09T14:27:49.590Z</time>
      </trkpt>
      <trkpt lat="51.733666" lon="10.640020">
        <ele>555.898414</ele>
        <time>2026-03-09T14:28:05.203Z</time>
      </trkpt>
      <trkpt lat="51.733766" lon="10.639731">
        <ele>556.226330</ele>
        <time>2026-03-09T14:28:12.170Z</time>
      </trkpt>
      <trkpt lat="51.734040" lon="10.639176">
        <ele>557.906157</ele>
        <time>2026-03-09T14:28:27.553Z</time>
      </trkpt>
      <trkpt lat="51.734380" lon="10.637964">
        <ele>561.104498</ele>
        <time>2026-03-09T14:29:00.194Z</time>
      </trkpt>
      <trkpt lat="51.734457" lon="10.637810">
        <ele>561.580267</ele>
        <time>2026-03-09T14:29:05.722Z</time>
      </trkpt>
      <trkpt lat="51.734654" lon="10.637561">
        <ele>562.551305</ele>
        <time>2026-03-09T14:29:17.609Z</time>
      </trkpt>
      <trkpt lat="51.734763" lon="10.637485">
        <ele>563.012135</ele>
        <time>2026-03-09T14:29:23.432Z</time>
      </trkpt>
      <trkpt lat="51.734958" lon="10.637422">
        <ele>564.089569</ele>
        <time>2026-03-09T14:29:33.267Z</time>
      </trkpt>
      <trkpt lat="51.735008" lon="10.637336">
        <ele>564.528383</ele>
        <time>2026-03-09T14:29:36.765Z</time>
      </trkpt>
      <trkpt lat="51.735090" lon="10.637203">
        <ele>565.226531</ele>
        <time>2026-03-09T14:29:43.835Z</time>
      </trkpt>
      <trkpt lat="51.735229" lon="10.636957">
        <ele>566.465323</ele>
        <time>2026-03-09T14:29:56.551Z</time>
      </trkpt>
      <trkpt lat="51.735538" lon="10.636446">
        <ele>569.122146</ele>
        <time>2026-03-09T14:30:24.344Z</time>
      </trkpt>
      <trkpt lat="51.737040" lon="10.635040">
        <ele>580.065453</ele>
        <time>2026-03-09T14:32:13.965Z</time>
      </trkpt>
      <trkpt lat="51.738655" lon="10.633903">
        <ele>594.839326</ele>
        <time>2026-03-09T14:34:10.781Z</time>
      </trkpt>
      <trkpt lat="51.741011" lon="10.632420">
        <ele>625.290814</ele>
        <time>2026-03-09T14:38:22.776Z</time>
      </trkpt>
      <trkpt lat="51.741262" lon="10.632352">
        <ele>628.359278</ele>
        <time>2026-03-09T14:38:47.064Z</time>
      </trkpt>
      <trkpt lat="51.741550" lon="10.632324">
        <ele>631.020966</ele>
        <time>2026-03-09T14:39:12.840Z</time>
      </trkpt>
      <trkpt lat="51.741859" lon="10.632356">
        <ele>633.877428</ele>
        <time>2026-03-09T14:39:38.570Z</time>
      </trkpt>
      <trkpt lat="51.741981" lon="10.632418">
        <ele>635.057320</ele>
        <time>2026-03-09T14:39:48.661Z</time>
      </trkpt>
      <trkpt lat="51.742759" lon="10.632369">
        <ele>642.240034</ele>
        <time>2026-03-09T14:40:44.807Z</time>
      </trkpt>
      <trkpt lat="51.743884" lon="10.632450">
        <ele>651.036822</ele>
        <time>2026-03-09T14:41:58.642Z</time>
      </trkpt>
      <trkpt lat="51.744329" lon="10.632369">
        <ele>654.376126</ele>
        <time>2026-03-09T14:42:29.832Z</time>
      </trkpt>
      <trkpt lat="51.744717" lon="10.632241">
        <ele>657.329122</ele>
        <time>2026-03-09T14:42:58.519Z</time>
      </trkpt>
      <trkpt lat="51.745041" lon="10.632061">
        <ele>660.575141</ele>
        <time>2026-03-09T14:43:23.833Z</time>
      </trkpt>
      <trkpt lat="51.745350" lon="10.631940">
        <ele>663.708930</ele>
        <time>2026-03-09T14:43:48.276Z</time>
      </trkpt>
      <trkpt lat="51.745627" lon="10.631856">
        <ele>666.486792</ele>
        <time>2026-03-09T14:44:10.605Z</time>
      </trkpt>
      <trkpt lat="51.746127" lon="10.631845">
        <ele>671.415327</ele>
        <time>2026-03-09T14:44:52.248Z</time>
      </trkpt>
      <trkpt lat="51.747425" lon="10.631970">
        <ele>685.531366</ele>
        <time>2026-03-09T14:46:49.656Z</time>
      </trkpt>
      <trkpt lat="51.748134" lon="10.631992">
        <ele>693.557053</ele>
        <time>2026-03-09T14:47:54.145Z</time>
      </trkpt>
      <trkpt lat="51.748654" lon="10.632058">
        <ele>698.776633</ele>
        <time>2026-03-09T14:48:38.617Z</time>
      </trkpt>
      <trkpt lat="51.751283" lon="10.632029">
        <ele>722.933865</ele>
        <time>2026-03-09T14:51:56.091Z</time>
      </trkpt>
      <trkpt lat="51.751478" lon="10.632139">
        <ele>724.830907</ele>
        <time>2026-03-09T14:52:12.348Z</time>
      </trkpt>
      <trkpt lat="51.751912" lon="10.632131">
        <ele>728.817228</ele>
        <time>2026-03-09T14:52:47.526Z</time>
      </trkpt>
      <trkpt lat="51.752295" lon="10.632016">
        <ele>733.788008</ele>
        <time>2026-03-09T14:53:21.174Z</time>
      </trkpt>
      <trkpt lat="51.752295" lon="10.632016">
        <ele>733.788008</ele>
        <time>2026-03-09T14:53:21.184Z</time>
      </trkpt>
      <trkpt lat="51.752295" lon="10.632016">
        <ele>733.788008</ele>
        <time>2026-03-09T14:53:21.184Z</time>
      </trkpt>
      <trkpt lat="51.753031" lon="10.631644">
        <ele>743.671692</ele>
        <time>2026-03-09T14:53:54.365Z</time>
      </trkpt>
      <trkpt lat="51.753767" lon="10.631272">
        <ele>754.156527</ele>
        <time>2026-03-09T14:54:27.632Z</time>
      </trkpt>
      <trkpt lat="51.754576" lon="10.630801">
        <ele>769.239965</ele>
        <time>2026-03-09T14:55:04.825Z</time>
      </trkpt>
      <trkpt lat="51.754576" lon="10.630801">
        <ele>769.239965</ele>
        <time>2026-03-09T14:55:04.839Z</time>
      </trkpt>
      <trkpt lat="51.755385" lon="10.630330">
        <ele>784.351937</ele>
        <time>2026-03-09T14:56:56.264Z</time>
      </trkpt>
      <trkpt lat="51.755385" lon="10.630330">
        <ele>784.351937</ele>
        <time>2026-03-09T14:56:56.310Z</time>
      </trkpt>
      <trkpt lat="51.755660" lon="10.630190">
        <ele>789.579189</ele>
        <time>2026-03-09T14:57:34.881Z</time>
      </trkpt>
      <trkpt lat="51.755935" lon="10.630049">
        <ele>794.809821</ele>
        <time>2026-03-09T14:58:12.883Z</time>
      </trkpt>
      <trkpt lat="51.756346" lon="10.629926">
        <ele>802.387728</ele>
        <time>2026-03-09T14:59:06.240Z</time>
      </trkpt>
      <trkpt lat="51.756692" lon="10.629822">
        <ele>808.768108</ele>
        <time>2026-03-09T14:59:49.413Z</time>
      </trkpt>
      <trkpt lat="51.756786" lon="10.629796">
        <ele>810.497057</ele>
        <time>2026-03-09T15:00:00.971Z</time>
      </trkpt>
      <trkpt lat="51.756930" lon="10.629695">
        <ele>813.343100</ele>
        <time>2026-03-09T15:00:19.376Z</time>
      </trkpt>
      <trkpt lat="51.757349" lon="10.629213">
        <ele>821.522021</ele>
        <time>2026-03-09T15:01:16.175Z</time>
      </trkpt>
      <trkpt lat="51.757744" lon="10.628693">
        <ele>829.152147</ele>
        <time>2026-03-09T15:02:08.667Z</time>
      </trkpt>
      <trkpt lat="51.757954" lon="10.628380">
        <ele>833.430701</ele>
        <time>2026-03-09T15:02:38.681Z</time>
      </trkpt>
      <trkpt lat="51.758095" lon="10.628103">
        <ele>836.754897</ele>
        <time>2026-03-09T15:03:02.263Z</time>
      </trkpt>
      <trkpt lat="51.758401" lon="10.627412">
        <ele>844.471250</ele>
        <time>2026-03-09T15:03:52.105Z</time>
      </trkpt>
      <trkpt lat="51.758667" lon="10.626555">
        <ele>852.483363</ele>
        <time>2026-03-09T15:04:49.243Z</time>
      </trkpt>
      <trkpt lat="51.759327" lon="10.624601">
        <ele>869.460869</ele>
        <time>2026-03-09T15:06:45.881Z</time>
      </trkpt>
      <trkpt lat="51.759556" lon="10.623789">
        <ele>873.717142</ele>
        <time>2026-03-09T15:07:17.876Z</time>
      </trkpt>
      <trkpt lat="51.759632" lon="10.623502">
        <ele>875.206129</ele>
        <time>2026-03-09T15:07:27.273Z</time>
      </trkpt>
      <trkpt lat="51.759184" lon="10.623166">
        <ele>879.012422</ele>
        <time>2026-03-09T15:07:49.079Z</time>
      </trkpt>
      <trkpt lat="51.759004" lon="10.623115">
        <ele>880.420727</ele>
        <time>2026-03-09T15:07:57.377Z</time>
      </trkpt>
      <trkpt lat="51.758905" lon="10.623038">
        <ele>881.336398</ele>
        <time>2026-03-09T15:08:02.665Z</time>
      </trkpt>
      <trkpt lat="51.758658" lon="10.622719">
        <ele>885.342532</ele>
        <time>2026-03-09T15:08:19.300Z</time>
      </trkpt>
      <trkpt lat="51.758552" lon="10.622584">
        <ele>887.052508</ele>
        <time>2026-03-09T15:08:27.594Z</time>
      </trkpt>
      <trkpt lat="51.758505" lon="10.622444">
        <ele>888.301416</ele>
        <time>2026-03-09T15:08:34.210Z</time>
      </trkpt>
      <trkpt lat="51.758490" lon="10.622288">
        <ele>889.539387</ele>
        <time>2026-03-09T15:08:42.222Z</time>
      </trkpt>
      <trkpt lat="51.758063" lon="10.621556">
        <ele>897.426857</ele>
        <time>2026-03-09T15:09:44.698Z</time>
      </trkpt>
      <trkpt lat="51.757964" lon="10.621330">
        <ele>899.597995</ele>
        <time>2026-03-09T15:10:04.854Z</time>
      </trkpt>
      <trkpt lat="51.757747" lon="10.620668">
        <ele>906.224140</ele>
        <time>2026-03-09T15:11:03.944Z</time>
      </trkpt>
      <trkpt lat="51.757651" lon="10.620138">
        <ele>912.689271</ele>
        <time>2026-03-09T15:11:50.601Z</time>
      </trkpt>
      <trkpt lat="51.757643" lon="10.619945">
        <ele>914.953863</ele>
        <time>2026-03-09T15:12:07.262Z</time>
      </trkpt>
      <trkpt lat="51.757634" lon="10.619752">
        <ele>917.219798</ele>
        <time>2026-03-09T15:12:24.153Z</time>
      </trkpt>
      <trkpt lat="51.757638" lon="10.618407">
        <ele>932.966459</ele>
        <time>2026-03-09T15:14:14.734Z</time>
      </trkpt>
      <trkpt lat="51.757616" lon="10.618003">
        <ele>937.714525</ele>
        <time>2026-03-09T15:14:45.170Z</time>
      </trkpt>
      <trkpt lat="51.757569" lon="10.617664">
        <ele>939.919513</ele>
        <time>2026-03-09T15:15:09.991Z</time>
      </trkpt>
      <trkpt lat="51.757533" lon="10.617534">
        <ele>940.773129</ele>
        <time>2026-03-09T15:15:19.605Z</time>
      </trkpt>
      <trkpt lat="51.757424" lon="10.617136">
        <ele>943.381727</ele>
        <time>2026-03-09T15:15:47.377Z</time>
      </trkpt>
      <trkpt lat="51.757379" lon="10.616990">
        <ele>944.359309</ele>
        <time>2026-03-09T15:15:56.992Z</time>
      </trkpt>
      <trkpt lat="51.757209" lon="10.616800">
        <ele>946.360985</ele>
        <time>2026-03-09T15:16:14.918Z</time>
      </trkpt>
      <trkpt lat="51.757139" lon="10.616774">
        <ele>947.056491</ele>
        <time>2026-03-09T15:16:20.603Z</time>
      </trkpt>
      <trkpt lat="51.757064" lon="10.616793">
        <ele>947.791605</ele>
        <time>2026-03-09T15:16:26.336Z</time>
      </trkpt>
      <trkpt lat="51.756984" lon="10.616876">
        <ele>948.712249</ele>
        <time>2026-03-09T15:16:33.095Z</time>
      </trkpt>
      <trkpt lat="51.756923" lon="10.616964">
        <ele>949.504152</ele>
        <time>2026-03-09T15:16:38.437Z</time>
      </trkpt>
      <trkpt lat="51.756776" lon="10.617178">
        <ele>951.420254</ele>
        <time>2026-03-09T15:16:50.253Z</time>
      </trkpt>
      <trkpt lat="51.756776" lon="10.617241">
        <ele>951.797869</ele>
        <time>2026-03-09T15:16:52.045Z</time>
      </trkpt>
      <trkpt lat="51.756779" lon="10.617349">
        <ele>952.445862</ele>
        <time>2026-03-09T15:16:54.833Z</time>
      </trkpt>
      <trkpt lat="51.756825" lon="10.617555">
        <ele>953.758490</ele>
        <time>2026-03-09T15:17:00.164Z</time>
      </trkpt>
      <trkpt lat="51.756831" lon="10.617764">
        <ele>955.012560</ele>
        <time>2026-03-09T15:17:05.055Z</time>
      </trkpt>
      <trkpt lat="51.756732" lon="10.618250">
        <ele>955.198082</ele>
        <time>2026-03-09T15:17:15.533Z</time>
      </trkpt>
      <trkpt lat="51.756719" lon="10.618461">
        <ele>955.111105</ele>
        <time>2026-03-09T15:17:19.342Z</time>
      </trkpt>
      <trkpt lat="51.756695" lon="10.618838">
        <ele>954.955649</ele>
        <time>2026-03-09T15:17:25.178Z</time>
      </trkpt>
      <trkpt lat="51.756547" lon="10.618728">
        <ele>954.847694</ele>
        <time>2026-03-09T15:17:28.767Z</time>
      </trkpt>
      <trkpt lat="51.756518" lon="10.618707">
        <ele>954.826635</ele>
        <time>2026-03-09T15:17:29.420Z</time>
      </trkpt>
      <trkpt lat="51.756499" lon="10.618618">
        <ele>954.788018</ele>
        <time>2026-03-09T15:17:30.612Z</time>
      </trkpt>
      <trkpt lat="51.756508" lon="10.618517">
        <ele>954.746162</ele>
        <time>2026-03-09T15:17:31.855Z</time>
      </trkpt>
      <trkpt lat="51.756732" lon="10.618250">
        <ele>954.561697</ele>
        <time>2026-03-09T15:17:37.095Z</time>
      </trkpt>
      <trkpt lat="51.756831" lon="10.617764">
        <ele>954.351830</ele>
        <time>2026-03-09T15:17:42.500Z</time>
      </trkpt>
      <trkpt lat="51.756825" lon="10.617555">
        <ele>954.266009</ele>
        <time>2026-03-09T15:17:44.581Z</time>
      </trkpt>
      <trkpt lat="51.756779" lon="10.617349">
        <ele>953.933718</ele>
        <time>2026-03-09T15:17:46.718Z</time>
      </trkpt>
      <trkpt lat="51.756776" lon="10.617241">
        <ele>953.150927</ele>
        <time>2026-03-09T15:17:47.756Z</time>
      </trkpt>
      <trkpt lat="51.756776" lon="10.617178">
        <ele>952.694758</ele>
        <time>2026-03-09T15:17:48.347Z</time>
      </trkpt>
      <trkpt lat="51.756923" lon="10.616964">
        <ele>950.380060</ele>
        <time>2026-03-09T15:17:53.089Z</time>
      </trkpt>
      <trkpt lat="51.756984" lon="10.616876">
        <ele>949.423421</ele>
        <time>2026-03-09T15:17:54.982Z</time>
      </trkpt>
      <trkpt lat="51.757064" lon="10.616793">
        <ele>948.311259</ele>
        <time>2026-03-09T15:17:57.123Z</time>
      </trkpt>
      <trkpt lat="51.757139" lon="10.616774">
        <ele>947.423224</ele>
        <time>2026-03-09T15:17:58.791Z</time>
      </trkpt>
      <trkpt lat="51.757209" lon="10.616800">
        <ele>946.583035</ele>
        <time>2026-03-09T15:18:00.354Z</time>
      </trkpt>
      <trkpt lat="51.757379" lon="10.616990">
        <ele>944.164960</ele>
        <time>2026-03-09T15:18:04.745Z</time>
      </trkpt>
      <trkpt lat="51.757424" lon="10.617136">
        <ele>942.984016</ele>
        <time>2026-03-09T15:18:06.826Z</time>
      </trkpt>
      <trkpt lat="51.757533" lon="10.617534">
        <ele>939.832765</ele>
        <time>2026-03-09T15:18:12.317Z</time>
      </trkpt>
      <trkpt lat="51.757569" lon="10.617664">
        <ele>938.801575</ele>
        <time>2026-03-09T15:18:14.089Z</time>
      </trkpt>
      <trkpt lat="51.757616" lon="10.618003">
        <ele>936.286178</ele>
        <time>2026-03-09T15:18:18.388Z</time>
      </trkpt>
      <trkpt lat="51.757638" lon="10.618407">
        <ele>933.349660</ele>
        <time>2026-03-09T15:18:23.354Z</time>
      </trkpt>
      <trkpt lat="51.757634" lon="10.619752">
        <ele>917.634107</ele>
        <time>2026-03-09T15:18:39.625Z</time>
      </trkpt>
      <trkpt lat="51.757643" lon="10.619945">
        <ele>915.354746</ele>
        <time>2026-03-09T15:18:41.949Z</time>
      </trkpt>
      <trkpt lat="51.757651" lon="10.620138">
        <ele>913.076735</ele>
        <time>2026-03-09T15:18:44.279Z</time>
      </trkpt>
      <trkpt lat="51.757747" lon="10.620668">
        <ele>906.573296</ele>
        <time>2026-03-09T15:18:50.927Z</time>
      </trkpt>
      <trkpt lat="51.757964" lon="10.621330">
        <ele>898.256971</ele>
        <time>2026-03-09T15:19:00.033Z</time>
      </trkpt>
      <trkpt lat="51.758063" lon="10.621556">
        <ele>896.394606</ele>
        <time>2026-03-09T15:19:03.460Z</time>
      </trkpt>
      <trkpt lat="51.758490" lon="10.622288">
        <ele>889.628870</ele>
        <time>2026-03-09T15:19:16.210Z</time>
      </trkpt>
      <trkpt lat="51.758643" lon="10.622451">
        <ele>887.637256</ele>
        <time>2026-03-09T15:19:20.171Z</time>
      </trkpt>
      <trkpt lat="51.758667" lon="10.622549">
        <ele>886.928347</ele>
        <time>2026-03-09T15:19:21.611Z</time>
      </trkpt>
      <trkpt lat="51.758658" lon="10.622719">
        <ele>885.780682</ele>
        <time>2026-03-09T15:19:23.993Z</time>
      </trkpt>
      <trkpt lat="51.758905" lon="10.623038">
        <ele>882.344289</ele>
        <time>2026-03-09T15:19:28.617Z</time>
      </trkpt>
      <trkpt lat="51.759004" lon="10.623115">
        <ele>881.150274</ele>
        <time>2026-03-09T15:19:30.274Z</time>
      </trkpt>
      <trkpt lat="51.759184" lon="10.623166">
        <ele>879.219661</ele>
        <time>2026-03-09T15:19:33.074Z</time>
      </trkpt>
      <trkpt lat="51.759632" lon="10.623502">
        <ele>875.200668</ele>
        <time>2026-03-09T15:19:40.737Z</time>
      </trkpt>
      <trkpt lat="51.759556" lon="10.623789">
        <ele>873.628474</ele>
        <time>2026-03-09T15:19:43.241Z</time>
      </trkpt>
      <trkpt lat="51.759327" lon="10.624601">
        <ele>869.134356</ele>
        <time>2026-03-09T15:19:50.102Z</time>
      </trkpt>
      <trkpt lat="51.758997" lon="10.625578">
        <ele>862.656573</ele>
        <time>2026-03-09T15:19:58.205Z</time>
      </trkpt>
      <trkpt lat="51.758667" lon="10.626555">
        <ele>853.044636</ele>
        <time>2026-03-09T15:20:06.058Z</time>
      </trkpt>
      <trkpt lat="51.758401" lon="10.627412">
        <ele>844.765094</ele>
        <time>2026-03-09T15:20:12.811Z</time>
      </trkpt>
      <trkpt lat="51.758095" lon="10.628103">
        <ele>837.870134</ele>
        <time>2026-03-09T15:20:18.813Z</time>
      </trkpt>
      <trkpt lat="51.758144" lon="10.628185">
        <ele>837.081493</ele>
        <time>2026-03-09T15:20:20.244Z</time>
      </trkpt>
      <trkpt lat="51.758195" lon="10.628269">
        <ele>836.267343</ele>
        <time>2026-03-09T15:20:21.731Z</time>
      </trkpt>
      <trkpt lat="51.758143" lon="10.628383">
        <ele>835.287495</ele>
        <time>2026-03-09T15:20:23.516Z</time>
      </trkpt>
      <trkpt lat="51.758128" lon="10.628495">
        <ele>834.494598</ele>
        <time>2026-03-09T15:20:24.961Z</time>
      </trkpt>
      <trkpt lat="51.758057" lon="10.628699">
        <ele>832.875222</ele>
        <time>2026-03-09T15:20:27.928Z</time>
      </trkpt>
      <trkpt lat="51.757752" lon="10.629191">
        <ele>828.057148</ele>
        <time>2026-03-09T15:20:36.877Z</time>
      </trkpt>
      <trkpt lat="51.757604" lon="10.629577">
        <ele>824.915371</ele>
        <time>2026-03-09T15:20:42.933Z</time>
      </trkpt>
      <trkpt lat="51.757395" lon="10.629796">
        <ele>822.130650</ele>
        <time>2026-03-09T15:20:48.385Z</time>
      </trkpt>
      <trkpt lat="51.757283" lon="10.629995">
        <ele>820.269590</ele>
        <time>2026-03-09T15:20:52.102Z</time>
      </trkpt>
      <trkpt lat="51.757235" lon="10.630153">
        <ele>819.302722</ele>
        <time>2026-03-09T15:20:54.574Z</time>
      </trkpt>
      <trkpt lat="51.757881" lon="10.630419">
        <ele>815.621714</ele>
        <time>2026-03-09T15:21:10.273Z</time>
      </trkpt>
      <trkpt lat="51.757765" lon="10.631475">
        <ele>811.956110</ele>
        <time>2026-03-09T15:21:26.888Z</time>
      </trkpt>
      <trkpt lat="51.757789" lon="10.631793">
        <ele>810.861196</ele>
        <time>2026-03-09T15:21:31.735Z</time>
      </trkpt>
      <trkpt lat="51.757829" lon="10.632320">
        <ele>808.614615</ele>
        <time>2026-03-09T15:21:39.493Z</time>
      </trkpt>
      <trkpt lat="51.757832" lon="10.633016">
        <ele>804.432459</ele>
        <time>2026-03-09T15:21:49.384Z</time>
      </trkpt>
      <trkpt lat="51.757856" lon="10.633101">
        <ele>803.871092</ele>
        <time>2026-03-09T15:21:50.679Z</time>
      </trkpt>
      <trkpt lat="51.757928" lon="10.633126">
        <ele>803.156205</ele>
        <time>2026-03-09T15:21:52.333Z</time>
      </trkpt>
      <trkpt lat="51.757982" lon="10.633203">
        <ele>802.457031</ele>
        <time>2026-03-09T15:21:53.938Z</time>
      </trkpt>
      <trkpt lat="51.758070" lon="10.633696">
        <ele>799.374044</ele>
        <time>2026-03-09T15:22:00.894Z</time>
      </trkpt>
      <trkpt lat="51.758074" lon="10.633925">
        <ele>797.997511</ele>
        <time>2026-03-09T15:22:03.925Z</time>
      </trkpt>
      <trkpt lat="51.757970" lon="10.634544">
        <ele>794.143561</ele>
        <time>2026-03-09T15:22:12.220Z</time>
      </trkpt>
      <trkpt lat="51.757967" lon="10.634734">
        <ele>793.001540</ele>
        <time>2026-03-09T15:22:14.624Z</time>
      </trkpt>
      <trkpt lat="51.758092" lon="10.635007">
        <ele>789.925917</ele>
        <time>2026-03-09T15:22:18.881Z</time>
      </trkpt>
      <trkpt lat="51.758246" lon="10.635245">
        <ele>786.065094</ele>
        <time>2026-03-09T15:22:23.144Z</time>
      </trkpt>
      <trkpt lat="51.758269" lon="10.635366">
        <ele>784.645726</ele>
        <time>2026-03-09T15:22:24.699Z</time>
      </trkpt>
      <trkpt lat="51.758295" lon="10.636095">
        <ele>776.457541</ele>
        <time>2026-03-09T15:22:33.557Z</time>
      </trkpt>
      <trkpt lat="51.758256" lon="10.636510">
        <ele>771.750618</ele>
        <time>2026-03-09T15:22:38.580Z</time>
      </trkpt>
      <trkpt lat="51.758352" lon="10.636952">
        <ele>766.497993</ele>
        <time>2026-03-09T15:22:44.201Z</time>
      </trkpt>
      <trkpt lat="51.758809" lon="10.637430">
        <ele>757.537931</ele>
        <time>2026-03-09T15:22:54.916Z</time>
      </trkpt>
      <trkpt lat="51.758927" lon="10.637744">
        <ele>754.684865</ele>
        <time>2026-03-09T15:22:59.454Z</time>
      </trkpt>
      <trkpt lat="51.758704" lon="10.638031">
        <ele>751.107348</ele>
        <time>2026-03-09T15:23:03.156Z</time>
      </trkpt>
      <trkpt lat="51.758362" lon="10.638793">
        <ele>743.796880</ele>
        <time>2026-03-09T15:23:11.004Z</time>
      </trkpt>
      <trkpt lat="51.758086" lon="10.639303">
        <ele>738.535275</ele>
        <time>2026-03-09T15:23:16.812Z</time>
      </trkpt>
      <trkpt lat="51.757819" lon="10.639673">
        <ele>734.416360</ele>
        <time>2026-03-09T15:23:21.623Z</time>
      </trkpt>
      <trkpt lat="51.757935" lon="10.639914">
        <ele>732.287991</ele>
        <time>2026-03-09T15:23:25.647Z</time>
      </trkpt>
      <trkpt lat="51.757929" lon="10.640048">
        <ele>731.351347</ele>
        <time>2026-03-09T15:23:27.408Z</time>
      </trkpt>
      <trkpt lat="51.758222" lon="10.640441">
        <ele>727.062142</ele>
        <time>2026-03-09T15:23:35.406Z</time>
      </trkpt>
      <trkpt lat="51.758565" lon="10.641113">
        <ele>720.989839</ele>
        <time>2026-03-09T15:23:46.529Z</time>
      </trkpt>
      <trkpt lat="51.758861" lon="10.641740">
        <ele>715.763012</ele>
        <time>2026-03-09T15:23:56.691Z</time>
      </trkpt>
      <trkpt lat="51.759571" lon="10.643126">
        <ele>705.931175</ele>
        <time>2026-03-09T15:24:20.907Z</time>
      </trkpt>
      <trkpt lat="51.759943" lon="10.643974">
        <ele>700.448614</ele>
        <time>2026-03-09T15:24:35.529Z</time>
      </trkpt>
      <trkpt lat="51.760645" lon="10.645342">
        <ele>693.864744</ele>
        <time>2026-03-09T15:25:01.744Z</time>
      </trkpt>
      <trkpt lat="51.760938" lon="10.646069">
        <ele>690.650531</ele>
        <time>2026-03-09T15:25:14.409Z</time>
      </trkpt>
      <trkpt lat="51.761521" lon="10.646996">
        <ele>684.766250</ele>
        <time>2026-03-09T15:25:32.932Z</time>
      </trkpt>
      <trkpt lat="51.761713" lon="10.647301">
        <ele>682.787900</ele>
        <time>2026-03-09T15:25:38.951Z</time>
      </trkpt>
      <trkpt lat="51.762062" lon="10.648047">
        <ele>678.535353</ele>
        <time>2026-03-09T15:25:51.984Z</time>
      </trkpt>
      <trkpt lat="51.762199" lon="10.648189">
        <ele>677.339434</ele>
        <time>2026-03-09T15:25:55.623Z</time>
      </trkpt>
      <trkpt lat="51.761919" lon="10.648550">
        <ele>674.522386</ele>
        <time>2026-03-09T15:26:00.669Z</time>
      </trkpt>
      <trkpt lat="51.761760" lon="10.648678">
        <ele>673.106112</ele>
        <time>2026-03-09T15:26:03.167Z</time>
      </trkpt>
      <trkpt lat="51.762325" lon="10.648941">
        <ele>668.418405</ele>
        <time>2026-03-09T15:26:16.362Z</time>
      </trkpt>
      <trkpt lat="51.762396" lon="10.649818">
        <ele>664.054067</ele>
        <time>2026-03-09T15:26:24.002Z</time>
      </trkpt>
      <trkpt lat="51.762428" lon="10.650580">
        <ele>660.471383</ele>
        <time>2026-03-09T15:26:30.530Z</time>
      </trkpt>
      <trkpt lat="51.762383" lon="10.651281">
        <ele>657.280335</ele>
        <time>2026-03-09T15:26:36.684Z</time>
      </trkpt>
      <trkpt lat="51.762361" lon="10.652330">
        <ele>652.527894</ele>
        <time>2026-03-09T15:26:46.011Z</time>
      </trkpt>
      <trkpt lat="51.762298" lon="10.652675">
        <ele>650.899212</ele>
        <time>2026-03-09T15:26:49.255Z</time>
      </trkpt>
      <trkpt lat="51.761788" lon="10.654062">
        <ele>644.326328</ele>
        <time>2026-03-09T15:27:03.734Z</time>
      </trkpt>
      <trkpt lat="51.761489" lon="10.654801">
        <ele>640.834055</ele>
        <time>2026-03-09T15:27:11.637Z</time>
      </trkpt>
      <trkpt lat="51.761427" lon="10.655017">
        <ele>639.892256</ele>
        <time>2026-03-09T15:27:13.770Z</time>
      </trkpt>
      <trkpt lat="51.761360" lon="10.655431">
        <ele>638.199616</ele>
        <time>2026-03-09T15:27:17.640Z</time>
      </trkpt>
      <trkpt lat="51.761373" lon="10.656308">
        <ele>635.147764</ele>
        <time>2026-03-09T15:27:25.671Z</time>
      </trkpt>
      <trkpt lat="51.761422" lon="10.657160">
        <ele>632.211020</ele>
        <time>2026-03-09T15:27:33.675Z</time>
      </trkpt>
      <trkpt lat="51.761503" lon="10.657825">
        <ele>629.884901</ele>
        <time>2026-03-09T15:27:40.060Z</time>
      </trkpt>
      <trkpt lat="51.761468" lon="10.659169">
        <ele>624.139660</ele>
        <time>2026-03-09T15:27:52.390Z</time>
      </trkpt>
      <trkpt lat="51.761490" lon="10.659915">
        <ele>620.483972</ele>
        <time>2026-03-09T15:27:58.843Z</time>
      </trkpt>
      <trkpt lat="51.761536" lon="10.660336">
        <ele>618.391384</ele>
        <time>2026-03-09T15:28:02.507Z</time>
      </trkpt>
      <trkpt lat="51.761671" lon="10.660873">
        <ele>615.554314</ele>
        <time>2026-03-09T15:28:07.435Z</time>
      </trkpt>
      <trkpt lat="51.761716" lon="10.660820">
        <ele>615.113914</ele>
        <time>2026-03-09T15:28:08.092Z</time>
      </trkpt>
      <trkpt lat="51.761872" lon="10.660809">
        <ele>613.879020</ele>
        <time>2026-03-09T15:28:09.973Z</time>
      </trkpt>
      <trkpt lat="51.762069" lon="10.660877">
        <ele>612.051416</ele>
        <time>2026-03-09T15:28:12.396Z</time>
      </trkpt>
      <trkpt lat="51.761800" lon="10.662285">
        <ele>603.635285</ele>
        <time>2026-03-09T15:28:23.399Z</time>
      </trkpt>
      <trkpt lat="51.761814" lon="10.662564">
        <ele>602.036557</ele>
        <time>2026-03-09T15:28:25.523Z</time>
      </trkpt>
      <trkpt lat="51.762011" lon="10.663100">
        <ele>598.476138</ele>
        <time>2026-03-09T15:28:30.175Z</time>
      </trkpt>
      <trkpt lat="51.762086" lon="10.663297">
        <ele>597.155166</ele>
        <time>2026-03-09T15:28:31.899Z</time>
      </trkpt>
      <trkpt lat="51.762341" lon="10.663822">
        <ele>594.116549</ele>
        <time>2026-03-09T15:28:36.910Z</time>
      </trkpt>
      <trkpt lat="51.762452" lon="10.664153">
        <ele>592.409620</ele>
        <time>2026-03-09T15:28:39.773Z</time>
      </trkpt>
      <trkpt lat="51.762533" lon="10.664309">
        <ele>591.486358</ele>
        <time>2026-03-09T15:28:41.332Z</time>
      </trkpt>
      <trkpt lat="51.762681" lon="10.664386">
        <ele>590.347316</ele>
        <time>2026-03-09T15:28:43.272Z</time>
      </trkpt>
      <trkpt lat="51.762718" lon="10.664804">
        <ele>588.432785</ele>
        <time>2026-03-09T15:28:46.567Z</time>
      </trkpt>
      <trkpt lat="51.762720" lon="10.665013">
        <ele>587.485049</ele>
        <time>2026-03-09T15:28:48.208Z</time>
      </trkpt>
      <trkpt lat="51.762692" lon="10.665276">
        <ele>586.275073</ele>
        <time>2026-03-09T15:28:50.307Z</time>
      </trkpt>
      <trkpt lat="51.762363" lon="10.666657">
        <ele>582.667401</ele>
        <time>2026-03-09T15:29:02.439Z</time>
      </trkpt>
      <trkpt lat="51.762283" lon="10.667011">
        <ele>582.176697</ele>
        <time>2026-03-09T15:29:05.812Z</time>
      </trkpt>
      <trkpt lat="51.762212" lon="10.667364">
        <ele>581.693398</ele>
        <time>2026-03-09T15:29:09.389Z</time>
      </trkpt>
      <trkpt lat="51.762202" lon="10.667590">
        <ele>581.398375</ele>
        <time>2026-03-09T15:29:11.684Z</time>
      </trkpt>
      <trkpt lat="51.762220" lon="10.667811">
        <ele>581.108132</ele>
        <time>2026-03-09T15:29:14.115Z</time>
      </trkpt>
      <trkpt lat="51.762297" lon="10.668197">
        <ele>580.580065</ele>
        <time>2026-03-09T15:29:19.095Z</time>
      </trkpt>
      <trkpt lat="51.762300" lon="10.668275">
        <ele>580.478306</ele>
        <time>2026-03-09T15:29:20.198Z</time>
      </trkpt>
      <trkpt lat="51.762282" lon="10.668445">
        <ele>580.253735</ele>
        <time>2026-03-09T15:29:22.676Z</time>
      </trkpt>
      <trkpt lat="51.762235" lon="10.668584">
        <ele>580.368064</ele>
        <time>2026-03-09T15:29:25.221Z</time>
      </trkpt>
      <trkpt lat="51.762005" lon="10.669223">
        <ele>583.012368</ele>
        <time>2026-03-09T15:29:40.790Z</time>
      </trkpt>
      <trkpt lat="51.761959" lon="10.669504">
        <ele>584.052145</ele>
        <time>2026-03-09T15:29:48.390Z</time>
      </trkpt>
      <trkpt lat="51.761697" lon="10.671226">
        <ele>590.395613</ele>
        <time>2026-03-09T15:30:51.061Z</time>
      </trkpt>
      <trkpt lat="51.761728" lon="10.671408">
        <ele>591.346017</ele>
        <time>2026-03-09T15:30:58.515Z</time>
      </trkpt>
      <trkpt lat="51.761796" lon="10.671537">
        <ele>592.259806</ele>
        <time>2026-03-09T15:31:05.269Z</time>
      </trkpt>
      <trkpt lat="51.761919" lon="10.671708">
        <ele>593.673654</ele>
        <time>2026-03-09T15:31:15.819Z</time>
      </trkpt>
      <trkpt lat="51.762205" lon="10.672087">
        <ele>596.896574</ele>
        <time>2026-03-09T15:31:40.467Z</time>
      </trkpt>
      <trkpt lat="51.762294" lon="10.672292">
        <ele>598.246951</ele>
        <time>2026-03-09T15:31:51.224Z</time>
      </trkpt>
      <trkpt lat="51.762332" lon="10.672799">
        <ele>601.001056</ele>
        <time>2026-03-09T15:32:13.777Z</time>
      </trkpt>
      <trkpt lat="51.762291" lon="10.673357">
        <ele>604.031348</ele>
        <time>2026-03-09T15:32:37.116Z</time>
      </trkpt>
      <trkpt lat="51.762199" lon="10.673891">
        <ele>606.519137</ele>
        <time>2026-03-09T15:32:57.186Z</time>
      </trkpt>
      <trkpt lat="51.762153" lon="10.674108">
        <ele>606.999715</ele>
        <time>2026-03-09T15:33:04.121Z</time>
      </trkpt>
      <trkpt lat="51.761861" lon="10.674876">
        <ele>608.888165</ele>
        <time>2026-03-09T15:33:25.825Z</time>
      </trkpt>
      <trkpt lat="51.761757" lon="10.675142">
        <ele>609.547368</ele>
        <time>2026-03-09T15:33:32.398Z</time>
      </trkpt>
      <trkpt lat="51.761724" lon="10.675002">
        <ele>609.861245</ele>
        <time>2026-03-09T15:33:34.899Z</time>
      </trkpt>
      <trkpt lat="51.761564" lon="10.675309">
        <ele>610.702134</ele>
        <time>2026-03-09T15:33:45.181Z</time>
      </trkpt>
      <trkpt lat="51.761266" lon="10.676167">
        <ele>612.401068</ele>
        <time>2026-03-09T15:34:07.002Z</time>
      </trkpt>
      <trkpt lat="51.760950" lon="10.676864">
        <ele>612.827914</ele>
        <time>2026-03-09T15:34:25.547Z</time>
      </trkpt>
      <trkpt lat="51.760661" lon="10.677777">
        <ele>613.334543</ele>
        <time>2026-03-09T15:34:48.500Z</time>
      </trkpt>
      <trkpt lat="51.760316" lon="10.678699">
        <ele>614.139170</ele>
        <time>2026-03-09T15:35:11.933Z</time>
      </trkpt>
      <trkpt lat="51.760044" lon="10.679343">
        <ele>615.263604</ele>
        <time>2026-03-09T15:35:29.929Z</time>
      </trkpt>
      <trkpt lat="51.759740" lon="10.679783">
        <ele>616.214636</ele>
        <time>2026-03-09T15:35:47.418Z</time>
      </trkpt>
      <trkpt lat="51.759615" lon="10.680126">
        <ele>616.788703</ele>
        <time>2026-03-09T15:35:58.688Z</time>
      </trkpt>
      <trkpt lat="51.759557" lon="10.680224">
        <ele>616.984258</ele>
        <time>2026-03-09T15:36:02.635Z</time>
      </trkpt>
      <trkpt lat="51.759532" lon="10.680384">
        <ele>617.222257</ele>
        <time>2026-03-09T15:36:07.568Z</time>
      </trkpt>
      <trkpt lat="51.759479" lon="10.680502">
        <ele>617.432529</ele>
        <time>2026-03-09T15:36:12.077Z</time>
      </trkpt>
      <trkpt lat="51.759174" lon="10.681060">
        <ele>619.064103</ele>
        <time>2026-03-09T15:36:36.455Z</time>
      </trkpt>
      <trkpt lat="51.758894" lon="10.681484">
        <ele>620.803578</ele>
        <time>2026-03-09T15:36:57.899Z</time>
      </trkpt>
      <trkpt lat="51.758155" lon="10.682099">
        <ele>624.571485</ele>
        <time>2026-03-09T15:37:44.809Z</time>
      </trkpt>
      <trkpt lat="51.758002" lon="10.682273">
        <ele>625.419573</ele>
        <time>2026-03-09T15:37:55.339Z</time>
      </trkpt>
      <trkpt lat="51.757877" lon="10.682493">
        <ele>626.106526</ele>
        <time>2026-03-09T15:38:05.797Z</time>
      </trkpt>
      <trkpt lat="51.757599" lon="10.682866">
        <ele>626.435796</ele>
        <time>2026-03-09T15:38:24.716Z</time>
      </trkpt>
      <trkpt lat="51.757574" lon="10.682905">
        <ele>626.467462</ele>
        <time>2026-03-09T15:38:26.521Z</time>
      </trkpt>
      <trkpt lat="51.757298" lon="10.683335">
        <ele>626.816832</ele>
        <time>2026-03-09T15:38:43.315Z</time>
      </trkpt>
      <trkpt lat="51.757180" lon="10.683710">
        <ele>627.054094</ele>
        <time>2026-03-09T15:38:52.099Z</time>
      </trkpt>
      <trkpt lat="51.757211" lon="10.683780">
        <ele>627.102638</ele>
        <time>2026-03-09T15:38:53.265Z</time>
      </trkpt>
      <trkpt lat="51.757227" lon="10.683840">
        <ele>627.139486</ele>
        <time>2026-03-09T15:38:54.179Z</time>
      </trkpt>
      <trkpt lat="51.757181" lon="10.683943">
        <ele>627.211120</ele>
        <time>2026-03-09T15:38:56.012Z</time>
      </trkpt>
      <trkpt lat="51.757065" lon="10.684280">
        <ele>627.428602</ele>
        <time>2026-03-09T15:39:01.221Z</time>
      </trkpt>
      <trkpt lat="51.756979" lon="10.684589">
        <ele>627.619686</ele>
        <time>2026-03-09T15:39:05.734Z</time>
      </trkpt>
      <trkpt lat="51.757021" lon="10.684666">
        <ele>627.677570</ele>
        <time>2026-03-09T15:39:06.789Z</time>
      </trkpt>
      <trkpt lat="51.757045" lon="10.684941">
        <ele>627.519910</ele>
        <time>2026-03-09T15:39:09.678Z</time>
      </trkpt>
      <trkpt lat="51.757061" lon="10.685227">
        <ele>627.280378</ele>
        <time>2026-03-09T15:39:12.602Z</time>
      </trkpt>
      <trkpt lat="51.757142" lon="10.685586">
        <ele>626.961655</ele>
        <time>2026-03-09T15:39:16.411Z</time>
      </trkpt>
      <trkpt lat="51.757343" lon="10.686110">
        <ele>626.447456</ele>
        <time>2026-03-09T15:39:22.724Z</time>
      </trkpt>
      <trkpt lat="51.757587" lon="10.686968">
        <ele>625.659868</ele>
        <time>2026-03-09T15:39:34.025Z</time>
      </trkpt>
      <trkpt lat="51.757712" lon="10.687197">
        <ele>625.405194</ele>
        <time>2026-03-09T15:39:38.771Z</time>
      </trkpt>
      <trkpt lat="51.757833" lon="10.687373">
        <ele>625.443299</ele>
        <time>2026-03-09T15:39:43.193Z</time>
      </trkpt>
      <trkpt lat="51.758219" lon="10.687777">
        <ele>626.454000</ele>
        <time>2026-03-09T15:39:57.088Z</time>
      </trkpt>
      <trkpt lat="51.758905" lon="10.688612">
        <ele>628.341484</ele>
        <time>2026-03-09T15:40:27.771Z</time>
      </trkpt>
      <trkpt lat="51.759760" lon="10.689743">
        <ele>629.969579</ele>
        <time>2026-03-09T15:41:05.961Z</time>
      </trkpt>
      <trkpt lat="51.760027" lon="10.690196">
        <ele>630.376431</ele>
        <time>2026-03-09T15:41:15.689Z</time>
      </trkpt>
      <trkpt lat="51.760119" lon="10.690438">
        <ele>630.561148</ele>
        <time>2026-03-09T15:41:19.370Z</time>
      </trkpt>
      <trkpt lat="51.760192" lon="10.690771">
        <ele>630.790916</ele>
        <time>2026-03-09T15:41:23.635Z</time>
      </trkpt>
      <trkpt lat="51.760316" lon="10.691660">
        <ele>631.458906</ele>
        <time>2026-03-09T15:41:34.951Z</time>
      </trkpt>
      <trkpt lat="51.760440" lon="10.692249">
        <ele>631.981921</ele>
        <time>2026-03-09T15:41:43.040Z</time>
      </trkpt>
      <trkpt lat="51.760535" lon="10.692497">
        <ele>632.227105</ele>
        <time>2026-03-09T15:41:47.212Z</time>
      </trkpt>
      <trkpt lat="51.760659" lon="10.692706">
        <ele>632.470489</ele>
        <time>2026-03-09T15:41:51.868Z</time>
      </trkpt>
      <trkpt lat="51.760911" lon="10.692939">
        <ele>632.864845</ele>
        <time>2026-03-09T15:42:00.288Z</time>
      </trkpt>
      <trkpt lat="51.761123" lon="10.693023">
        <ele>633.161320</ele>
        <time>2026-03-09T15:42:07.606Z</time>
      </trkpt>
      <trkpt lat="51.762142" lon="10.693023">
        <ele>634.942980</ele>
        <time>2026-03-09T15:42:50.619Z</time>
      </trkpt>
      <trkpt lat="51.762420" lon="10.692913">
        <ele>635.490087</ele>
        <time>2026-03-09T15:43:00.646Z</time>
      </trkpt>
      <trkpt lat="51.762908" lon="10.692705">
        <ele>636.454821</ele>
        <time>2026-03-09T15:43:13.634Z</time>
      </trkpt>
      <trkpt lat="51.763030" lon="10.692605">
        <ele>636.716320</ele>
        <time>2026-03-09T15:43:16.367Z</time>
      </trkpt>
      <trkpt lat="51.763324" lon="10.692446">
        <ele>637.121935</ele>
        <time>2026-03-09T15:43:22.243Z</time>
      </trkpt>
      <trkpt lat="51.763450" lon="10.692457">
        <ele>637.213551</ele>
        <time>2026-03-09T15:43:24.516Z</time>
      </trkpt>
      <trkpt lat="51.763811" lon="10.692800">
        <ele>637.517615</ele>
        <time>2026-03-09T15:43:31.937Z</time>
      </trkpt>
      <trkpt lat="51.763980" lon="10.692909">
        <ele>637.649732</ele>
        <time>2026-03-09T15:43:35.217Z</time>
      </trkpt>
      <trkpt lat="51.764100" lon="10.692940">
        <ele>637.737965</ele>
        <time>2026-03-09T15:43:37.495Z</time>
      </trkpt>
      <trkpt lat="51.764238" lon="10.692881">
        <ele>637.841608</ele>
        <time>2026-03-09T15:43:40.391Z</time>
      </trkpt>
      <trkpt lat="51.764906" lon="10.692432">
        <ele>638.919048</ele>
        <time>2026-03-09T15:44:04.659Z</time>
      </trkpt>
      <trkpt lat="51.766030" lon="10.691968">
        <ele>648.437999</ele>
        <time>2026-03-09T15:45:15.012Z</time>
      </trkpt>
      <trkpt lat="51.766691" lon="10.692152">
        <ele>654.445758</ele>
        <time>2026-03-09T15:46:06.613Z</time>
      </trkpt>
      <trkpt lat="51.766882" lon="10.692134">
        <ele>656.925483</ele>
        <time>2026-03-09T15:46:22.121Z</time>
      </trkpt>
      <trkpt lat="51.767105" lon="10.691952">
        <ele>660.163490</ele>
        <time>2026-03-09T15:46:43.282Z</time>
      </trkpt>
      <trkpt lat="51.767456" lon="10.691597">
        <ele>665.530378</ele>
        <time>2026-03-09T15:47:19.651Z</time>
      </trkpt>
      <trkpt lat="51.767793" lon="10.691399">
        <ele>670.177938</ele>
        <time>2026-03-09T15:47:52.594Z</time>
      </trkpt>
      <trkpt lat="51.767793" lon="10.691399">
        <ele>670.177938</ele>
        <time>2026-03-09T15:47:52.616Z</time>
      </trkpt>
      <trkpt lat="51.768383" lon="10.690890">
        <ele>678.905114</ele>
        <time>2026-03-09T15:48:54.025Z</time>
      </trkpt>
      <trkpt lat="51.768779" lon="10.690216">
        <ele>686.537114</ele>
        <time>2026-03-09T15:49:45.349Z</time>
      </trkpt>
      <trkpt lat="51.769093" lon="10.689836">
        <ele>691.742783</ele>
        <time>2026-03-09T15:50:19.865Z</time>
      </trkpt>
      <trkpt lat="51.769132" lon="10.689717">
        <ele>692.848564</ele>
        <time>2026-03-09T15:50:27.225Z</time>
      </trkpt>
      <trkpt lat="51.769177" lon="10.689376">
        <ele>695.711740</ele>
        <time>2026-03-09T15:50:46.110Z</time>
      </trkpt>
      <trkpt lat="51.769481" lon="10.688791">
        <ele>701.896996</ele>
        <time>2026-03-09T15:51:26.936Z</time>
      </trkpt>
      <trkpt lat="51.769627" lon="10.688677">
        <ele>703.939796</ele>
        <time>2026-03-09T15:51:40.647Z</time>
      </trkpt>
      <trkpt lat="51.770036" lon="10.688533">
        <ele>709.213330</ele>
        <time>2026-03-09T15:52:15.676Z</time>
      </trkpt>
      <trkpt lat="51.770204" lon="10.688256">
        <ele>712.237059</ele>
        <time>2026-03-09T15:52:35.816Z</time>
      </trkpt>
      <trkpt lat="51.770836" lon="10.687692">
        <ele>721.332494</ele>
        <time>2026-03-09T15:53:44.580Z</time>
      </trkpt>
      <trkpt lat="51.771100" lon="10.687528">
        <ele>724.769740</ele>
        <time>2026-03-09T15:54:11.665Z</time>
      </trkpt>
      <trkpt lat="51.771598" lon="10.687061">
        <ele>731.563144</ele>
        <time>2026-03-09T15:55:07.109Z</time>
      </trkpt>
      <trkpt lat="51.771816" lon="10.686631">
        <ele>735.621714</ele>
        <time>2026-03-09T15:55:40.410Z</time>
      </trkpt>
      <trkpt lat="51.772262" lon="10.685998">
        <ele>742.625268</ele>
        <time>2026-03-09T15:56:35.712Z</time>
      </trkpt>
      <trkpt lat="51.772403" lon="10.685992">
        <ele>744.159840</ele>
        <time>2026-03-09T15:56:47.268Z</time>
      </trkpt>
      <trkpt lat="51.772850" lon="10.686139">
        <ele>745.093937</ele>
        <time>2026-03-09T15:57:19.063Z</time>
      </trkpt>
      <trkpt lat="51.773058" lon="10.686154">
        <ele>745.520290</ele>
        <time>2026-03-09T15:57:30.720Z</time>
      </trkpt>
      <trkpt lat="51.773247" lon="10.686110">
        <ele>745.911306</ele>
        <time>2026-03-09T15:57:39.858Z</time>
      </trkpt>
      <trkpt lat="51.773163" lon="10.686367">
        <ele>746.279586</ele>
        <time>2026-03-09T15:57:44.973Z</time>
      </trkpt>
      <trkpt lat="51.773153" lon="10.686697">
        <ele>746.698227</ele>
        <time>2026-03-09T15:57:49.232Z</time>
      </trkpt>
      <trkpt lat="51.773221" lon="10.687243">
        <ele>747.403931</ele>
        <time>2026-03-09T15:57:55.081Z</time>
      </trkpt>
      <trkpt lat="51.773170" lon="10.687813">
        <ele>746.780531</ele>
        <time>2026-03-09T15:58:00.438Z</time>
      </trkpt>
      <trkpt lat="51.772896" lon="10.690008">
        <ele>737.541622</ele>
        <time>2026-03-09T15:58:20.021Z</time>
      </trkpt>
      <trkpt lat="51.772658" lon="10.690726">
        <ele>734.817325</ele>
        <time>2026-03-09T15:58:27.284Z</time>
      </trkpt>
      <trkpt lat="51.772518" lon="10.691411">
        <ele>732.994737</ele>
        <time>2026-03-09T15:58:33.945Z</time>
      </trkpt>
      <trkpt lat="51.772539" lon="10.693071">
        <ele>728.799916</ele>
        <time>2026-03-09T15:58:50.826Z</time>
      </trkpt>
      <trkpt lat="51.772490" lon="10.693843">
        <ele>727.527990</ele>
        <time>2026-03-09T15:58:59.791Z</time>
      </trkpt>
      <trkpt lat="51.772454" lon="10.694080">
        <ele>727.170438</ele>
        <time>2026-03-09T15:59:02.523Z</time>
      </trkpt>
      <trkpt lat="51.772456" lon="10.695245">
        <ele>725.463522</ele>
        <time>2026-03-09T15:59:14.985Z</time>
      </trkpt>
      <trkpt lat="51.772253" lon="10.696655">
        <ele>722.846433</ele>
        <time>2026-03-09T15:59:29.772Z</time>
      </trkpt>
      <trkpt lat="51.772240" lon="10.696870">
        <ele>722.351011</ele>
        <time>2026-03-09T15:59:31.919Z</time>
      </trkpt>
      <trkpt lat="51.772244" lon="10.697197">
        <ele>721.600935</ele>
        <time>2026-03-09T15:59:35.138Z</time>
      </trkpt>
      <trkpt lat="51.772337" lon="10.697878">
        <ele>720.001573</ele>
        <time>2026-03-09T15:59:42.070Z</time>
      </trkpt>
      <trkpt lat="51.772462" lon="10.699245">
        <ele>716.742487</ele>
        <time>2026-03-09T15:59:55.536Z</time>
      </trkpt>
      <trkpt lat="51.772439" lon="10.699901">
        <ele>715.047576</ele>
        <time>2026-03-09T16:00:01.620Z</time>
      </trkpt>
      <trkpt lat="51.772343" lon="10.700614">
        <ele>713.165305</ele>
        <time>2026-03-09T16:00:08.246Z</time>
      </trkpt>
      <trkpt lat="51.772382" lon="10.701769">
        <ele>710.181465</ele>
        <time>2026-03-09T16:00:19.506Z</time>
      </trkpt>
      <trkpt lat="51.772406" lon="10.702140">
        <ele>710.191595</ele>
        <time>2026-03-09T16:00:23.804Z</time>
      </trkpt>
      <trkpt lat="51.772435" lon="10.702244">
        <ele>710.239388</ele>
        <time>2026-03-09T16:00:25.201Z</time>
      </trkpt>
      <trkpt lat="51.772501" lon="10.702392">
        <ele>710.315821</ele>
        <time>2026-03-09T16:00:27.658Z</time>
      </trkpt>
      <trkpt lat="51.773168" lon="10.702943">
        <ele>710.823019</ele>
        <time>2026-03-09T16:00:50.383Z</time>
      </trkpt>
      <trkpt lat="51.773683" lon="10.703509">
        <ele>711.244710</ele>
        <time>2026-03-09T16:01:12.524Z</time>
      </trkpt>
      <trkpt lat="51.774150" lon="10.704214">
        <ele>709.111250</ele>
        <time>2026-03-09T16:01:25.744Z</time>
      </trkpt>
      <trkpt lat="51.774413" lon="10.704803">
        <ele>707.481849</ele>
        <time>2026-03-09T16:01:32.982Z</time>
      </trkpt>
      <trkpt lat="51.774484" lon="10.705094">
        <ele>706.780140</ele>
        <time>2026-03-09T16:01:35.897Z</time>
      </trkpt>
      <trkpt lat="51.773985" lon="10.705061">
        <ele>704.969535</ele>
        <time>2026-03-09T16:01:43.102Z</time>
      </trkpt>
      <trkpt lat="51.773985" lon="10.705061">
        <ele>704.969535</ele>
        <time>2026-03-09T16:01:43.106Z</time>
      </trkpt>
      <trkpt lat="51.773760" lon="10.705079">
        <ele>702.832976</ele>
        <time>2026-03-09T16:01:46.236Z</time>
      </trkpt>
      <trkpt lat="51.773344" lon="10.705210">
        <ele>697.915842</ele>
        <time>2026-03-09T16:01:51.978Z</time>
      </trkpt>
      <trkpt lat="51.773153" lon="10.705360">
        <ele>695.452100</ele>
        <time>2026-03-09T16:01:54.807Z</time>
      </trkpt>
      <trkpt lat="51.772856" lon="10.705733">
        <ele>691.088209</ele>
        <time>2026-03-09T16:01:59.767Z</time>
      </trkpt>
      <trkpt lat="51.772772" lon="10.705896">
        <ele>689.565360</ele>
        <time>2026-03-09T16:02:01.481Z</time>
      </trkpt>
      <trkpt lat="51.772559" lon="10.706577">
        <ele>684.087379</ele>
        <time>2026-03-09T16:02:07.619Z</time>
      </trkpt>
      <trkpt lat="51.772230" lon="10.707155">
        <ele>676.702599</ele>
        <time>2026-03-09T16:02:13.861Z</time>
      </trkpt>
      <trkpt lat="51.772146" lon="10.707403">
        <ele>674.020706</ele>
        <time>2026-03-09T16:02:16.094Z</time>
      </trkpt>
      <trkpt lat="51.772048" lon="10.707824">
        <ele>669.753875</ele>
        <time>2026-03-09T16:02:19.654Z</time>
      </trkpt>
      <trkpt lat="51.771923" lon="10.708927">
        <ele>659.116777</ele>
        <time>2026-03-09T16:02:28.524Z</time>
      </trkpt>
      <trkpt lat="51.771669" lon="10.709643">
        <ele>651.741551</ele>
        <time>2026-03-09T16:02:35.076Z</time>
      </trkpt>
      <trkpt lat="51.771608" lon="10.709863">
        <ele>649.661214</ele>
        <time>2026-03-09T16:02:38.086Z</time>
      </trkpt>
      <trkpt lat="51.771515" lon="10.710529">
        <ele>643.769522</ele>
        <time>2026-03-09T16:02:46.652Z</time>
      </trkpt>
      <trkpt lat="51.771516" lon="10.710703">
        <ele>642.267942</ele>
        <time>2026-03-09T16:02:47.890Z</time>
      </trkpt>
      <trkpt lat="51.771529" lon="10.710894">
        <ele>640.609786</ele>
        <time>2026-03-09T16:02:49.433Z</time>
      </trkpt>
      <trkpt lat="51.771561" lon="10.711521">
        <ele>635.180784</ele>
        <time>2026-03-09T16:02:54.516Z</time>
      </trkpt>
      <trkpt lat="51.771647" lon="10.711971">
        <ele>631.144992</ele>
        <time>2026-03-09T16:02:58.353Z</time>
      </trkpt>
      <trkpt lat="51.771655" lon="10.712178">
        <ele>629.806127</ele>
        <time>2026-03-09T16:03:00.044Z</time>
      </trkpt>
      <trkpt lat="51.771547" lon="10.712755">
        <ele>625.914706</ele>
        <time>2026-03-09T16:03:05.000Z</time>
      </trkpt>
      <trkpt lat="51.771555" lon="10.712994">
        <ele>624.369613</ele>
        <time>2026-03-09T16:03:06.984Z</time>
      </trkpt>
      <trkpt lat="51.771633" lon="10.713226">
        <ele>622.665188</ele>
        <time>2026-03-09T16:03:09.180Z</time>
      </trkpt>
      <trkpt lat="51.771914" lon="10.713687">
        <ele>618.487947</ele>
        <time>2026-03-09T16:03:14.611Z</time>
      </trkpt>
      <trkpt lat="51.771955" lon="10.713860">
        <ele>617.292070</ele>
        <time>2026-03-09T16:03:16.176Z</time>
      </trkpt>
      <trkpt lat="51.771969" lon="10.714048">
        <ele>616.069713</ele>
        <time>2026-03-09T16:03:17.783Z</time>
      </trkpt>
      <trkpt lat="51.771963" lon="10.714700">
        <ele>611.919577</ele>
        <time>2026-03-09T16:03:23.353Z</time>
      </trkpt>
      <trkpt lat="51.772021" lon="10.715125">
        <ele>609.384908</ele>
        <time>2026-03-09T16:03:27.068Z</time>
      </trkpt>
      <trkpt lat="51.772295" lon="10.716166">
        <ele>602.796496</ele>
        <time>2026-03-09T16:03:36.721Z</time>
      </trkpt>
      <trkpt lat="51.772590" lon="10.716983">
        <ele>597.287523</ele>
        <time>2026-03-09T16:03:44.703Z</time>
      </trkpt>
      <trkpt lat="51.772638" lon="10.717179">
        <ele>596.059892</ele>
        <time>2026-03-09T16:03:46.466Z</time>
      </trkpt>
      <trkpt lat="51.772649" lon="10.717308">
        <ele>595.303919</ele>
        <time>2026-03-09T16:03:47.554Z</time>
      </trkpt>
      <trkpt lat="51.772573" lon="10.718466">
        <ele>588.591337</ele>
        <time>2026-03-09T16:03:57.220Z</time>
      </trkpt>
      <trkpt lat="51.772605" lon="10.719773">
        <ele>581.051407</ele>
        <time>2026-03-09T16:04:08.247Z</time>
      </trkpt>
      <trkpt lat="51.772618" lon="10.720204">
        <ele>578.653882</ele>
        <time>2026-03-09T16:04:12.045Z</time>
      </trkpt>
      <trkpt lat="51.772592" lon="10.720948">
        <ele>576.132221</ele>
        <time>2026-03-09T16:04:18.873Z</time>
      </trkpt>
      <trkpt lat="51.772714" lon="10.721527">
        <ele>574.062445</ele>
        <time>2026-03-09T16:04:28.159Z</time>
      </trkpt>
      <trkpt lat="51.772714" lon="10.721828">
        <ele>573.043882</ele>
        <time>2026-03-09T16:04:32.817Z</time>
      </trkpt>
      <trkpt lat="51.772651" lon="10.722145">
        <ele>571.917207</ele>
        <time>2026-03-09T16:04:37.969Z</time>
      </trkpt>
      <trkpt lat="51.772592" lon="10.722444">
        <ele>570.855210</ele>
        <time>2026-03-09T16:04:42.819Z</time>
      </trkpt>
      <trkpt lat="51.772529" lon="10.722638">
        <ele>570.113812</ele>
        <time>2026-03-09T16:04:44.952Z</time>
      </trkpt>
      <trkpt lat="51.772274" lon="10.724778">
        <ele>561.243694</ele>
        <time>2026-03-09T16:05:04.408Z</time>
      </trkpt>
      <trkpt lat="51.772126" lon="10.725845">
        <ele>556.659747</ele>
        <time>2026-03-09T16:05:13.910Z</time>
      </trkpt>
      <trkpt lat="51.771861" lon="10.727836">
        <ele>548.884526</ele>
        <time>2026-03-09T16:05:32.258Z</time>
      </trkpt>
      <trkpt lat="51.771847" lon="10.727957">
        <ele>548.414557</ele>
        <time>2026-03-09T16:05:33.395Z</time>
      </trkpt>
      <trkpt lat="51.771770" lon="10.728558">
        <ele>546.071345</ele>
        <time>2026-03-09T16:05:39.083Z</time>
      </trkpt>
      <trkpt lat="51.771675" lon="10.729229">
        <ele>544.306186</ele>
        <time>2026-03-09T16:05:45.493Z</time>
      </trkpt>
      <trkpt lat="51.771628" lon="10.729351">
        <ele>543.972855</ele>
        <time>2026-03-09T16:05:46.832Z</time>
      </trkpt>
      <trkpt lat="51.771425" lon="10.730034">
        <ele>542.215406</ele>
        <time>2026-03-09T16:05:53.274Z</time>
      </trkpt>
      <trkpt lat="51.771243" lon="10.730663">
        <ele>540.604847</ele>
        <time>2026-03-09T16:05:59.351Z</time>
      </trkpt>
      <trkpt lat="51.771190" lon="10.730812">
        <ele>540.206217</ele>
        <time>2026-03-09T16:06:00.916Z</time>
      </trkpt>
      <trkpt lat="51.770971" lon="10.731357">
        <ele>538.793199</ele>
        <time>2026-03-09T16:06:07.049Z</time>
      </trkpt>
      <trkpt lat="51.770841" lon="10.731944">
        <ele>538.025322</ele>
        <time>2026-03-09T16:06:13.358Z</time>
      </trkpt>
      <trkpt lat="51.770733" lon="10.733022">
        <ele>536.680325</ele>
        <time>2026-03-09T16:06:24.507Z</time>
      </trkpt>
      <trkpt lat="51.770622" lon="10.733614">
        <ele>535.918456</ele>
        <time>2026-03-09T16:06:30.429Z</time>
      </trkpt>
      <trkpt lat="51.772119" lon="10.733869">
        <ele>531.247192</ele>
        <time>2026-03-09T16:06:55.000Z</time>
      </trkpt>
      <trkpt lat="51.772314" lon="10.733930">
        <ele>530.575655</ele>
        <time>2026-03-09T16:06:58.166Z</time>
      </trkpt>
      <trkpt lat="51.772509" lon="10.734065">
        <ele>529.858406</ele>
        <time>2026-03-09T16:07:01.522Z</time>
      </trkpt>
      <trkpt lat="51.773151" lon="10.734761">
        <ele>527.114938</ele>
        <time>2026-03-09T16:07:13.704Z</time>
      </trkpt>
      <trkpt lat="51.773640" lon="10.735627">
        <ele>524.502687</ele>
        <time>2026-03-09T16:07:25.279Z</time>
      </trkpt>
      <trkpt lat="51.773691" lon="10.735837">
        <ele>524.000029</ele>
        <time>2026-03-09T16:07:27.531Z</time>
      </trkpt>
      <trkpt lat="51.773763" lon="10.736504">
        <ele>522.560043</ele>
        <time>2026-03-09T16:07:34.335Z</time>
      </trkpt>
      <trkpt lat="51.773856" lon="10.736894">
        <ele>521.864980</ele>
        <time>2026-03-09T16:07:38.589Z</time>
      </trkpt>
      <trkpt lat="51.774189" lon="10.737942">
        <ele>519.905810</ele>
        <time>2026-03-09T16:07:50.903Z</time>
      </trkpt>
      <trkpt lat="51.774248" lon="10.738064">
        <ele>519.648311</ele>
        <time>2026-03-09T16:07:52.547Z</time>
      </trkpt>
      <trkpt lat="51.774614" lon="10.738539">
        <ele>518.386748</ele>
        <time>2026-03-09T16:08:00.600Z</time>
      </trkpt>
      <trkpt lat="51.774746" lon="10.738751">
        <ele>517.876087</ele>
        <time>2026-03-09T16:08:03.798Z</time>
      </trkpt>
      <trkpt lat="51.774862" lon="10.738957">
        <ele>517.295126</ele>
        <time>2026-03-09T16:08:06.733Z</time>
      </trkpt>
      <trkpt lat="51.775059" lon="10.739422">
        <ele>516.119691</ele>
        <time>2026-03-09T16:08:12.614Z</time>
      </trkpt>
      <trkpt lat="51.775180" lon="10.739612">
        <ele>515.550997</ele>
        <time>2026-03-09T16:08:15.415Z</time>
      </trkpt>
      <trkpt lat="51.775471" lon="10.739966">
        <ele>514.323236</ele>
        <time>2026-03-09T16:08:21.405Z</time>
      </trkpt>
      <trkpt lat="51.775690" lon="10.740150">
        <ele>513.491212</ele>
        <time>2026-03-09T16:08:25.391Z</time>
      </trkpt>
      <trkpt lat="51.776096" lon="10.740391">
        <ele>512.033234</ele>
        <time>2026-03-09T16:08:32.154Z</time>
      </trkpt>
      <trkpt lat="51.776210" lon="10.740415">
        <ele>511.572409</ele>
        <time>2026-03-09T16:08:33.921Z</time>
      </trkpt>
      <trkpt lat="51.776709" lon="10.740332">
        <ele>509.316014</ele>
        <time>2026-03-09T16:08:41.446Z</time>
      </trkpt>
      <trkpt lat="51.776801" lon="10.740350">
        <ele>508.899170</ele>
        <time>2026-03-09T16:08:42.804Z</time>
      </trkpt>
      <trkpt lat="51.777222" lon="10.740564">
        <ele>506.914032</ele>
        <time>2026-03-09T16:08:49.390Z</time>
      </trkpt>
      <trkpt lat="51.777662" lon="10.740588">
        <ele>504.933752</ele>
        <time>2026-03-09T16:08:56.224Z</time>
      </trkpt>
      <trkpt lat="51.777849" lon="10.740679">
        <ele>504.055314</ele>
        <time>2026-03-09T16:08:59.345Z</time>
      </trkpt>
      <trkpt lat="51.778045" lon="10.740932">
        <ele>503.573211</ele>
        <time>2026-03-09T16:09:03.465Z</time>
      </trkpt>
      <trkpt lat="51.778195" lon="10.741217">
        <ele>503.325909</ele>
        <time>2026-03-09T16:09:07.441Z</time>
      </trkpt>
      <trkpt lat="51.778377" lon="10.741727">
        <ele>502.936781</ele>
        <time>2026-03-09T16:09:14.124Z</time>
      </trkpt>
      <trkpt lat="51.778841" lon="10.743265">
        <ele>501.863959</ele>
        <time>2026-03-09T16:09:37.480Z</time>
      </trkpt>
      <trkpt lat="51.779192" lon="10.743948">
        <ele>501.999401</ele>
        <time>2026-03-09T16:09:49.022Z</time>
      </trkpt>
      <trkpt lat="51.779609" lon="10.744638">
        <ele>502.146538</ele>
        <time>2026-03-09T16:10:02.577Z</time>
      </trkpt>
      <trkpt lat="51.779807" lon="10.745064">
        <ele>502.227815</ele>
        <time>2026-03-09T16:10:10.479Z</time>
      </trkpt>
      <trkpt lat="51.780181" lon="10.746082">
        <ele>502.330599</ele>
        <time>2026-03-09T16:10:27.762Z</time>
      </trkpt>
      <trkpt lat="51.780284" lon="10.746451">
        <ele>502.349401</ele>
        <time>2026-03-09T16:10:33.847Z</time>
      </trkpt>
      <trkpt lat="51.780417" lon="10.747328">
        <ele>502.391339</ele>
        <time>2026-03-09T16:10:46.385Z</time>
      </trkpt>
      <trkpt lat="51.780588" lon="10.749424">
        <ele>502.032802</ele>
        <time>2026-03-09T16:11:12.560Z</time>
      </trkpt>
      <trkpt lat="51.780670" lon="10.749966">
        <ele>501.854545</ele>
        <time>2026-03-09T16:11:19.663Z</time>
      </trkpt>
      <trkpt lat="51.780855" lon="10.751508">
        <ele>501.206656</ele>
        <time>2026-03-09T16:11:38.791Z</time>
      </trkpt>
      <trkpt lat="51.780988" lon="10.752133">
        <ele>500.789902</ele>
        <time>2026-03-09T16:11:46.863Z</time>
      </trkpt>
      <trkpt lat="51.781078" lon="10.752827">
        <ele>500.342791</ele>
        <time>2026-03-09T16:11:55.506Z</time>
      </trkpt>
      <trkpt lat="51.781202" lon="10.754201">
        <ele>499.067251</ele>
        <time>2026-03-09T16:12:11.517Z</time>
      </trkpt>
      <trkpt lat="51.781264" lon="10.755480">
        <ele>496.659120</ele>
        <time>2026-03-09T16:12:24.595Z</time>
      </trkpt>
      <trkpt lat="51.781395" lon="10.757022">
        <ele>493.955785</ele>
        <time>2026-03-09T16:12:39.667Z</time>
      </trkpt>
      <trkpt lat="51.781545" lon="10.757692">
        <ele>493.233065</ele>
        <time>2026-03-09T16:12:47.104Z</time>
      </trkpt>
      <trkpt lat="51.781586" lon="10.758019">
        <ele>492.894641</ele>
        <time>2026-03-09T16:12:50.896Z</time>
      </trkpt>
      <trkpt lat="51.781582" lon="10.759594">
        <ele>491.297088</ele>
        <time>2026-03-09T16:13:10.321Z</time>
      </trkpt>
      <trkpt lat="51.781772" lon="10.761141">
        <ele>489.613312</ele>
        <time>2026-03-09T16:13:29.428Z</time>
      </trkpt>
      <trkpt lat="51.781768" lon="10.762333">
        <ele>488.339378</ele>
        <time>2026-03-09T16:13:42.226Z</time>
      </trkpt>
      <trkpt lat="51.781697" lon="10.763610">
        <ele>485.504129</ele>
        <time>2026-03-09T16:13:54.576Z</time>
      </trkpt>
      <trkpt lat="51.781780" lon="10.764333">
        <ele>483.748513</ele>
        <time>2026-03-09T16:14:01.294Z</time>
      </trkpt>
      <trkpt lat="51.781805" lon="10.765512">
        <ele>481.372119</ele>
        <time>2026-03-09T16:14:12.983Z</time>
      </trkpt>
      <trkpt lat="51.781786" lon="10.765742">
        <ele>481.679238</ele>
        <time>2026-03-09T16:14:15.480Z</time>
      </trkpt>
      <trkpt lat="51.781592" lon="10.765972">
        <ele>482.193953</ele>
        <time>2026-03-09T16:14:20.122Z</time>
      </trkpt>
      <trkpt lat="51.781364" lon="10.766175">
        <ele>482.750839</ele>
        <time>2026-03-09T16:14:26.523Z</time>
      </trkpt>
      <trkpt lat="51.781342" lon="10.766229">
        <ele>482.836418</ele>
        <time>2026-03-09T16:14:27.847Z</time>
      </trkpt>
      <trkpt lat="51.781344" lon="10.766324">
        <ele>482.962229</ele>
        <time>2026-03-09T16:14:29.838Z</time>
      </trkpt>
      <trkpt lat="51.781382" lon="10.766456">
        <ele>483.154929</ele>
        <time>2026-03-09T16:14:33.596Z</time>
      </trkpt>
      <trkpt lat="51.781707" lon="10.766905">
        <ele>484.069596</ele>
        <time>2026-03-09T16:14:54.601Z</time>
      </trkpt>
      <trkpt lat="51.781794" lon="10.767079">
        <ele>484.365706</ele>
        <time>2026-03-09T16:15:01.660Z</time>
      </trkpt>
      <trkpt lat="51.781850" lon="10.767436">
        <ele>484.853167</ele>
        <time>2026-03-09T16:15:11.833Z</time>
      </trkpt>
      <trkpt lat="51.781889" lon="10.768063">
        <ele>485.818340</ele>
        <time>2026-03-09T16:15:28.646Z</time>
      </trkpt>
      <trkpt lat="51.781925" lon="10.768170">
        <ele>486.013420</ele>
        <time>2026-03-09T16:15:31.679Z</time>
      </trkpt>
      <trkpt lat="51.782140" lon="10.768417">
        <ele>486.696301</ele>
        <time>2026-03-09T16:15:42.668Z</time>
      </trkpt>
      <trkpt lat="51.782848" lon="10.770031">
        <ele>489.766997</ele>
        <time>2026-03-09T16:16:19.993Z</time>
      </trkpt>
      <trkpt lat="51.783779" lon="10.772059">
        <ele>491.081526</ele>
        <time>2026-03-09T16:16:56.249Z</time>
      </trkpt>
      <trkpt lat="51.783828" lon="10.772262">
        <ele>491.194950</ele>
        <time>2026-03-09T16:16:59.708Z</time>
      </trkpt>
      <trkpt lat="51.783784" lon="10.772653">
        <ele>491.746073</ele>
        <time>2026-03-09T16:17:06.883Z</time>
      </trkpt>
      <trkpt lat="51.783818" lon="10.772780">
        <ele>491.965076</ele>
        <time>2026-03-09T16:17:09.662Z</time>
      </trkpt>
      <trkpt lat="51.783889" lon="10.772872">
        <ele>492.197864</ele>
        <time>2026-03-09T16:17:12.679Z</time>
      </trkpt>
      <trkpt lat="51.784236" lon="10.773038">
        <ele>493.123628</ele>
        <time>2026-03-09T16:17:25.610Z</time>
      </trkpt>
      <trkpt lat="51.784413" lon="10.773229">
        <ele>493.668057</ele>
        <time>2026-03-09T16:17:33.657Z</time>
      </trkpt>
      <trkpt lat="51.784804" lon="10.773996">
        <ele>495.240929</ele>
        <time>2026-03-09T16:17:56.295Z</time>
      </trkpt>
      <trkpt lat="51.785258" lon="10.774661">
        <ele>495.556348</ele>
        <time>2026-03-09T16:18:18.786Z</time>
      </trkpt>
      <trkpt lat="51.785365" lon="10.774926">
        <ele>495.413334</ele>
        <time>2026-03-09T16:18:25.998Z</time>
      </trkpt>
      <trkpt lat="51.785432" lon="10.775804">
        <ele>495.013536</ele>
        <time>2026-03-09T16:18:38.289Z</time>
      </trkpt>
      <trkpt lat="51.785403" lon="10.776160">
        <ele>494.851262</ele>
        <time>2026-03-09T16:18:41.942Z</time>
      </trkpt>
      <trkpt lat="51.785301" lon="10.776797">
        <ele>494.553897</ele>
        <time>2026-03-09T16:18:48.194Z</time>
      </trkpt>
      <trkpt lat="51.785343" lon="10.776957">
        <ele>494.228263</ele>
        <time>2026-03-09T16:18:49.771Z</time>
      </trkpt>
      <trkpt lat="51.785470" lon="10.777135">
        <ele>493.432525</ele>
        <time>2026-03-09T16:18:52.249Z</time>
      </trkpt>
      <trkpt lat="51.785847" lon="10.776854">
        <ele>491.467210</ele>
        <time>2026-03-09T16:18:58.254Z</time>
      </trkpt>
      <trkpt lat="51.785929" lon="10.776867">
        <ele>491.077156</ele>
        <time>2026-03-09T16:18:59.462Z</time>
      </trkpt>
      <trkpt lat="51.786132" lon="10.777045">
        <ele>489.983875</ele>
        <time>2026-03-09T16:19:02.771Z</time>
      </trkpt>
      <trkpt lat="51.786132" lon="10.777045">
        <ele>489.983875</ele>
        <time>2026-03-09T16:19:02.772Z</time>
      </trkpt>
      <trkpt lat="51.786320" lon="10.777100">
        <ele>489.079417</ele>
        <time>2026-03-09T16:19:05.532Z</time>
      </trkpt>
      <trkpt lat="51.786393" lon="10.777061">
        <ele>488.715449</ele>
        <time>2026-03-09T16:19:06.663Z</time>
      </trkpt>
      <trkpt lat="51.786502" lon="10.776911">
        <ele>488.037788</ele>
        <time>2026-03-09T16:19:08.830Z</time>
      </trkpt>
      <trkpt lat="51.786558" lon="10.776862">
        <ele>487.736338</ele>
        <time>2026-03-09T16:19:09.816Z</time>
      </trkpt>
      <trkpt lat="51.786651" lon="10.776877">
        <ele>487.293886</ele>
        <time>2026-03-09T16:19:11.330Z</time>
      </trkpt>
      <trkpt lat="51.787000" lon="10.777154">
        <ele>486.162255</ele>
        <time>2026-03-09T16:19:18.251Z</time>
      </trkpt>
      <trkpt lat="51.787184" lon="10.777240">
        <ele>486.419499</ele>
        <time>2026-03-09T16:19:22.326Z</time>
      </trkpt>
      <trkpt lat="51.787658" lon="10.777347">
        <ele>487.062286</ele>
        <time>2026-03-09T16:19:36.110Z</time>
      </trkpt>
      <trkpt lat="51.787924" lon="10.777431">
        <ele>487.426292</ele>
        <time>2026-03-09T16:19:45.759Z</time>
      </trkpt>
      <trkpt lat="51.788017" lon="10.777497">
        <ele>487.562702</ele>
        <time>2026-03-09T16:19:49.508Z</time>
      </trkpt>
      <trkpt lat="51.788299" lon="10.777947">
        <ele>488.094876</ele>
        <time>2026-03-09T16:20:04.235Z</time>
      </trkpt>
      <trkpt lat="51.788495" lon="10.778329">
        <ele>488.376905</ele>
        <time>2026-03-09T16:20:14.949Z</time>
      </trkpt>
      <trkpt lat="51.788623" lon="10.778650">
        <ele>488.213138</ele>
        <time>2026-03-09T16:20:22.559Z</time>
      </trkpt>
      <trkpt lat="51.788749" lon="10.779062">
        <ele>488.016059</ele>
        <time>2026-03-09T16:20:30.199Z</time>
      </trkpt>
      <trkpt lat="51.788844" lon="10.779246">
        <ele>487.913286</ele>
        <time>2026-03-09T16:20:33.325Z</time>
      </trkpt>
      <trkpt lat="51.789020" lon="10.779421">
        <ele>487.770050</ele>
        <time>2026-03-09T16:20:37.240Z</time>
      </trkpt>
      <trkpt lat="51.789366" lon="10.779426">
        <ele>487.530186</ele>
        <time>2026-03-09T16:20:43.268Z</time>
      </trkpt>
      <trkpt lat="51.789550" lon="10.779476">
        <ele>487.400844</ele>
        <time>2026-03-09T16:20:46.340Z</time>
      </trkpt>
      <trkpt lat="51.789613" lon="10.779563">
        <ele>487.343407</ele>
        <time>2026-03-09T16:20:47.660Z</time>
      </trkpt>
      <trkpt lat="51.789712" lon="10.779872">
        <ele>487.194192</ele>
        <time>2026-03-09T16:20:51.082Z</time>
      </trkpt>
      <trkpt lat="51.789812" lon="10.779996">
        <ele>487.206894</ele>
        <time>2026-03-09T16:20:53.086Z</time>
      </trkpt>
      <trkpt lat="51.789932" lon="10.780012">
        <ele>487.247023</ele>
        <time>2026-03-09T16:20:55.050Z</time>
      </trkpt>
      <trkpt lat="51.790147" lon="10.779828">
        <ele>487.328099</ele>
        <time>2026-03-09T16:20:59.242Z</time>
      </trkpt>
      <trkpt lat="51.790385" lon="10.779759">
        <ele>487.408686</ele>
        <time>2026-03-09T16:21:03.796Z</time>
      </trkpt>
      <trkpt lat="51.790463" lon="10.779771">
        <ele>487.434799</ele>
        <time>2026-03-09T16:21:05.444Z</time>
      </trkpt>
      <trkpt lat="51.790695" lon="10.779902">
        <ele>487.516701</ele>
        <time>2026-03-09T16:21:11.766Z</time>
      </trkpt>
      <trkpt lat="51.790816" lon="10.780117">
        <ele>487.576623</ele>
        <time>2026-03-09T16:21:17.712Z</time>
      </trkpt>
      <trkpt lat="51.790991" lon="10.780816">
        <ele>487.732076</ele>
        <time>2026-03-09T16:21:36.476Z</time>
      </trkpt>
      <trkpt lat="51.790997" lon="10.781025">
        <ele>487.763479</ele>
        <time>2026-03-09T16:21:41.244Z</time>
      </trkpt>
      <trkpt lat="51.790959" lon="10.781442">
        <ele>487.093598</ele>
        <time>2026-03-09T16:21:49.938Z</time>
      </trkpt>
      <trkpt lat="51.791018" lon="10.781783">
        <ele>486.530852</ele>
        <time>2026-03-09T16:21:56.305Z</time>
      </trkpt>
      <trkpt lat="51.791115" lon="10.782054">
        <ele>486.033244</ele>
        <time>2026-03-09T16:22:00.897Z</time>
      </trkpt>
      <trkpt lat="51.791182" lon="10.782171">
        <ele>485.779844</ele>
        <time>2026-03-09T16:22:02.921Z</time>
      </trkpt>
      <trkpt lat="51.791296" lon="10.782246">
        <ele>485.463606</ele>
        <time>2026-03-09T16:22:05.147Z</time>
      </trkpt>
      <trkpt lat="51.791448" lon="10.782277">
        <ele>485.069958</ele>
        <time>2026-03-09T16:22:07.674Z</time>
      </trkpt>
      <trkpt lat="51.791549" lon="10.782082">
        <ele>484.665746</ele>
        <time>2026-03-09T16:22:11.513Z</time>
      </trkpt>
      <trkpt lat="51.791603" lon="10.781803">
        <ele>484.201143</ele>
        <time>2026-03-09T16:22:15.734Z</time>
      </trkpt>
      <trkpt lat="51.791723" lon="10.781563">
        <ele>483.710685</ele>
        <time>2026-03-09T16:22:20.074Z</time>
      </trkpt>
      <trkpt lat="51.791759" lon="10.781375">
        <ele>483.397915</ele>
        <time>2026-03-09T16:22:22.788Z</time>
      </trkpt>
      <trkpt lat="51.791768" lon="10.781114">
        <ele>482.800089</ele>
        <time>2026-03-09T16:22:26.329Z</time>
      </trkpt>
      <trkpt lat="51.791789" lon="10.780230">
        <ele>479.884872</ele>
        <time>2026-03-09T16:22:38.233Z</time>
      </trkpt>
      <trkpt lat="51.791773" lon="10.780128">
        <ele>479.538108</ele>
        <time>2026-03-09T16:22:39.702Z</time>
      </trkpt>
      <trkpt lat="51.791792" lon="10.780129">
        <ele>479.436827</ele>
        <time>2026-03-09T16:22:40.122Z</time>
      </trkpt>
      <trkpt lat="51.791824" lon="10.780131">
        <ele>479.266212</ele>
        <time>2026-03-09T16:22:40.520Z</time>
      </trkpt>
      <trkpt lat="51.791842" lon="10.778834">
        <ele>474.991102</ele>
        <time>2026-03-09T16:22:51.255Z</time>
      </trkpt>
      <trkpt lat="51.791788" lon="10.778832">
        <ele>474.703328</ele>
        <time>2026-03-09T16:22:52.163Z</time>
      </trkpt>
      <trkpt lat="51.791791" lon="10.778668">
        <ele>474.162658</ele>
        <time>2026-03-09T16:22:53.916Z</time>
      </trkpt>
      <trkpt lat="51.791845" lon="10.778670">
        <ele>473.874884</ele>
        <time>2026-03-09T16:22:54.944Z</time>
      </trkpt>
      <trkpt lat="51.791862" lon="10.777489">
        <ele>473.271701</ele>
        <time>2026-03-09T16:23:08.612Z</time>
      </trkpt>
      <trkpt lat="51.792063" lon="10.777423">
        <ele>473.180949</ele>
        <time>2026-03-09T16:23:14.566Z</time>
      </trkpt>
      <trkpt lat="51.792145" lon="10.777359">
        <ele>473.140660</ele>
        <time>2026-03-09T16:23:17.758Z</time>
      </trkpt>
      <trkpt lat="51.792738" lon="10.777375">
        <ele>472.878238</ele>
        <time>2026-03-09T16:23:32.853Z</time>
      </trkpt>
      <trkpt lat="51.792857" lon="10.777330">
        <ele>472.824163</ele>
        <time>2026-03-09T16:23:35.223Z</time>
      </trkpt>
      <trkpt lat="51.792952" lon="10.777195">
        <ele>472.730864</ele>
        <time>2026-03-09T16:23:37.590Z</time>
      </trkpt>
      <trkpt lat="51.793115" lon="10.776801">
        <ele>471.737035</ele>
        <time>2026-03-09T16:23:42.531Z</time>
      </trkpt>
      <trkpt lat="51.793331" lon="10.776388">
        <ele>470.603056</ele>
        <time>2026-03-09T16:23:47.863Z</time>
      </trkpt>
      <trkpt lat="51.793524" lon="10.776133">
        <ele>469.758153</ele>
        <time>2026-03-09T16:23:51.955Z</time>
      </trkpt>
      <trkpt lat="51.793703" lon="10.775974">
        <ele>469.065831</ele>
        <time>2026-03-09T16:23:55.373Z</time>
      </trkpt>
      <trkpt lat="51.793781" lon="10.775916">
        <ele>468.774801</ele>
        <time>2026-03-09T16:23:56.814Z</time>
      </trkpt>
      <trkpt lat="51.793897" lon="10.775898">
        <ele>468.379774</ele>
        <time>2026-03-09T16:23:58.738Z</time>
      </trkpt>
      <trkpt lat="51.793982" lon="10.775924">
        <ele>468.086527</ele>
        <time>2026-03-09T16:24:00.131Z</time>
      </trkpt>
      <trkpt lat="51.794105" lon="10.776095">
        <ele>467.536637</ele>
        <time>2026-03-09T16:24:02.664Z</time>
      </trkpt>
      <trkpt lat="51.794152" lon="10.776265">
        <ele>467.146231</ele>
        <time>2026-03-09T16:24:04.435Z</time>
      </trkpt>
      <trkpt lat="51.794150" lon="10.776355">
        <ele>466.957417</ele>
        <time>2026-03-09T16:24:05.280Z</time>
      </trkpt>
      <trkpt lat="51.794123" lon="10.776468">
        <ele>466.703440</ele>
        <time>2026-03-09T16:24:07.086Z</time>
      </trkpt>
      <trkpt lat="51.794002" lon="10.776668">
        <ele>465.196344</ele>
        <time>2026-03-09T16:24:11.174Z</time>
      </trkpt>
      <trkpt lat="51.793565" lon="10.776749">
        <ele>461.253569</ele>
        <time>2026-03-09T16:24:21.097Z</time>
      </trkpt>
      <trkpt lat="51.793449" lon="10.776824">
        <ele>460.133730</ele>
        <time>2026-03-09T16:24:23.837Z</time>
      </trkpt>
      <trkpt lat="51.793296" lon="10.777059">
        <ele>458.242104</ele>
        <time>2026-03-09T16:24:28.457Z</time>
      </trkpt>
      <trkpt lat="51.793263" lon="10.777272">
        <ele>457.024742</ele>
        <time>2026-03-09T16:24:31.406Z</time>
      </trkpt>
      <trkpt lat="51.793272" lon="10.777407">
        <ele>456.271963</ele>
        <time>2026-03-09T16:24:33.212Z</time>
      </trkpt>
      <trkpt lat="51.793303" lon="10.777505">
        <ele>455.661714</ele>
        <time>2026-03-09T16:24:34.661Z</time>
      </trkpt>
      <trkpt lat="51.793794" lon="10.778052">
        <ele>450.342358</ele>
        <time>2026-03-09T16:24:47.116Z</time>
      </trkpt>
      <trkpt lat="51.793964" lon="10.778280">
        <ele>448.574549</ele>
        <time>2026-03-09T16:24:51.705Z</time>
      </trkpt>
      <trkpt lat="51.794338" lon="10.778819">
        <ele>444.564647</ele>
        <time>2026-03-09T16:24:58.404Z</time>
      </trkpt>
      <trkpt lat="51.794463" lon="10.779049">
        <ele>443.049001</ele>
        <time>2026-03-09T16:25:01.027Z</time>
      </trkpt>
      <trkpt lat="51.794576" lon="10.779421">
        <ele>440.997436</ele>
        <time>2026-03-09T16:25:04.713Z</time>
      </trkpt>
      <trkpt lat="51.794991" lon="10.781021">
        <ele>434.472847</ele>
        <time>2026-03-09T16:25:21.372Z</time>
      </trkpt>
      <trkpt lat="51.795069" lon="10.781432">
        <ele>433.516117</ele>
        <time>2026-03-09T16:25:25.927Z</time>
      </trkpt>
      <trkpt lat="51.795134" lon="10.781634">
        <ele>433.009384</ele>
        <time>2026-03-09T16:25:28.215Z</time>
      </trkpt>
      <trkpt lat="51.795234" lon="10.781763">
        <ele>432.549078</ele>
        <time>2026-03-09T16:25:30.291Z</time>
      </trkpt>
      <trkpt lat="51.795563" lon="10.781906">
        <ele>431.323246</ele>
        <time>2026-03-09T16:25:35.814Z</time>
      </trkpt>
      <trkpt lat="51.795764" lon="10.782232">
        <ele>430.298855</ele>
        <time>2026-03-09T16:25:40.410Z</time>
      </trkpt>
      <trkpt lat="51.795783" lon="10.782395">
        <ele>429.929735</ele>
        <time>2026-03-09T16:25:42.056Z</time>
      </trkpt>
      <trkpt lat="51.795782" lon="10.782690">
        <ele>429.183887</ele>
        <time>2026-03-09T16:25:44.659Z</time>
      </trkpt>
      <trkpt lat="51.795758" lon="10.783788">
        <ele>426.210458</ele>
        <time>2026-03-09T16:25:55.555Z</time>
      </trkpt>
      <trkpt lat="51.795865" lon="10.784661">
        <ele>423.801866</ele>
        <time>2026-03-09T16:26:03.915Z</time>
      </trkpt>
      <trkpt lat="51.796075" lon="10.785402">
        <ele>421.614075</ele>
        <time>2026-03-09T16:26:11.501Z</time>
      </trkpt>
      <trkpt lat="51.796205" lon="10.785703">
        <ele>420.702358</ele>
        <time>2026-03-09T16:26:14.892Z</time>
      </trkpt>
      <trkpt lat="51.796464" lon="10.785927">
        <ele>419.522949</ele>
        <time>2026-03-09T16:26:19.326Z</time>
      </trkpt>
      <trkpt lat="51.796746" lon="10.786020">
        <ele>418.367298</ele>
        <time>2026-03-09T16:26:23.751Z</time>
      </trkpt>
      <trkpt lat="51.796981" lon="10.786210">
        <ele>417.312293</ele>
        <time>2026-03-09T16:26:27.867Z</time>
      </trkpt>
      <trkpt lat="51.797651" lon="10.787368">
        <ele>413.695386</ele>
        <time>2026-03-09T16:26:44.108Z</time>
      </trkpt>
      <trkpt lat="51.797913" lon="10.787956">
        <ele>412.369497</ele>
        <time>2026-03-09T16:26:52.449Z</time>
      </trkpt>
      <trkpt lat="51.798065" lon="10.788408">
        <ele>411.428211</ele>
        <time>2026-03-09T16:26:58.242Z</time>
      </trkpt>
      <trkpt lat="51.798158" lon="10.789478">
        <ele>409.451405</ele>
        <time>2026-03-09T16:27:09.308Z</time>
      </trkpt>
      <trkpt lat="51.798330" lon="10.790419">
        <ele>404.087445</ele>
        <time>2026-03-09T16:27:18.060Z</time>
      </trkpt>
      <trkpt lat="51.798397" lon="10.790578">
        <ele>402.958384</ele>
        <time>2026-03-09T16:27:19.693Z</time>
      </trkpt>
      <trkpt lat="51.798740" lon="10.791158">
        <ele>398.249091</ele>
        <time>2026-03-09T16:27:26.376Z</time>
      </trkpt>
      <trkpt lat="51.798861" lon="10.791408">
        <ele>396.386160</ele>
        <time>2026-03-09T16:27:28.967Z</time>
      </trkpt>
      <trkpt lat="51.798976" lon="10.791587">
        <ele>394.871521</ele>
        <time>2026-03-09T16:27:31.066Z</time>
      </trkpt>
      <trkpt lat="51.799129" lon="10.791736">
        <ele>393.176750</ele>
        <time>2026-03-09T16:27:33.403Z</time>
      </trkpt>
      <trkpt lat="51.799261" lon="10.791828">
        <ele>391.828533</ele>
        <time>2026-03-09T16:27:35.280Z</time>
      </trkpt>
      <trkpt lat="51.799444" lon="10.791857">
        <ele>390.153556</ele>
        <time>2026-03-09T16:27:37.697Z</time>
      </trkpt>
      <trkpt lat="51.799797" lon="10.791907">
        <ele>386.925682</ele>
        <time>2026-03-09T16:27:42.367Z</time>
      </trkpt>
      <trkpt lat="51.800048" lon="10.791865">
        <ele>384.627054</ele>
        <time>2026-03-09T16:27:45.735Z</time>
      </trkpt>
      <trkpt lat="51.800295" lon="10.791765">
        <ele>382.307626</ele>
        <time>2026-03-09T16:27:49.185Z</time>
      </trkpt>
      <trkpt lat="51.800697" lon="10.791424">
        <ele>378.172470</ele>
        <time>2026-03-09T16:27:55.537Z</time>
      </trkpt>
      <trkpt lat="51.801129" lon="10.790930">
        <ele>375.692774</ele>
        <time>2026-03-09T16:28:03.959Z</time>
      </trkpt>
      <trkpt lat="51.801314" lon="10.790823">
        <ele>375.599572</ele>
        <time>2026-03-09T16:28:07.636Z</time>
      </trkpt>
      <trkpt lat="51.801426" lon="10.790882">
        <ele>375.543694</ele>
        <time>2026-03-09T16:28:10.117Z</time>
      </trkpt>
      <trkpt lat="51.801627" lon="10.791160">
        <ele>375.418228</ele>
        <time>2026-03-09T16:28:16.857Z</time>
      </trkpt>
      <trkpt lat="51.801932" lon="10.791930">
        <ele>375.149989</ele>
        <time>2026-03-09T16:28:34.144Z</time>
      </trkpt>
      <trkpt lat="51.802186" lon="10.792689">
        <ele>374.587398</ele>
        <time>2026-03-09T16:28:49.600Z</time>
      </trkpt>
      <trkpt lat="51.802318" lon="10.792961">
        <ele>374.045631</ele>
        <time>2026-03-09T16:28:53.682Z</time>
      </trkpt>
      <trkpt lat="51.802565" lon="10.793352">
        <ele>373.169817</ele>
        <time>2026-03-09T16:28:59.537Z</time>
      </trkpt>
      <trkpt lat="51.802880" lon="10.793722">
        <ele>372.183320</ele>
        <time>2026-03-09T16:29:05.653Z</time>
      </trkpt>
      <trkpt lat="51.803212" lon="10.793985">
        <ele>371.246567</ele>
        <time>2026-03-09T16:29:11.255Z</time>
      </trkpt>
      <trkpt lat="51.804176" lon="10.794536">
        <ele>369.670482</ele>
        <time>2026-03-09T16:29:28.055Z</time>
      </trkpt>
      <trkpt lat="51.804429" lon="10.794864">
        <ele>369.323943</ele>
        <time>2026-03-09T16:29:34.711Z</time>
      </trkpt>
      <trkpt lat="51.805014" lon="10.796264">
        <ele>368.212740</ele>
        <time>2026-03-09T16:30:00.575Z</time>
      </trkpt>
      <trkpt lat="51.805346" lon="10.796832">
        <ele>367.706146</ele>
        <time>2026-03-09T16:30:11.781Z</time>
      </trkpt>
      <trkpt lat="51.805663" lon="10.797473">
        <ele>367.174155</ele>
        <time>2026-03-09T16:30:21.424Z</time>
      </trkpt>
      <trkpt lat="51.806073" lon="10.798391">
        <ele>366.258880</ele>
        <time>2026-03-09T16:30:32.945Z</time>
      </trkpt>
      <trkpt lat="51.806250" lon="10.798625">
        <ele>365.752404</ele>
        <time>2026-03-09T16:30:36.614Z</time>
      </trkpt>
      <trkpt lat="51.806609" lon="10.799508">
        <ele>364.304770</ele>
        <time>2026-03-09T16:30:47.790Z</time>
      </trkpt>
      <trkpt lat="51.806671" lon="10.799703">
        <ele>364.004404</ele>
        <time>2026-03-09T16:30:50.383Z</time>
      </trkpt>
      <trkpt lat="51.806717" lon="10.799953">
        <ele>363.647102</ele>
        <time>2026-03-09T16:30:53.525Z</time>
      </trkpt>
      <trkpt lat="51.806760" lon="10.800462">
        <ele>362.943375</ele>
        <time>2026-03-09T16:30:59.685Z</time>
      </trkpt>
      <trkpt lat="51.806762" lon="10.800768">
        <ele>362.321607</ele>
        <time>2026-03-09T16:31:03.151Z</time>
      </trkpt>
      <trkpt lat="51.806720" lon="10.801563">
        <ele>358.874399</ele>
        <time>2026-03-09T16:31:11.336Z</time>
      </trkpt>
      <trkpt lat="51.806746" lon="10.802008">
        <ele>356.943270</ele>
        <time>2026-03-09T16:31:15.500Z</time>
      </trkpt>
      <trkpt lat="51.806785" lon="10.802191">
        <ele>356.106998</ele>
        <time>2026-03-09T16:31:17.218Z</time>
      </trkpt>
      <trkpt lat="51.806989" lon="10.802820">
        <ele>353.038345</ele>
        <time>2026-03-09T16:31:23.220Z</time>
      </trkpt>
      <trkpt lat="51.807350" lon="10.803606">
        <ele>348.840301</ele>
        <time>2026-03-09T16:31:31.218Z</time>
      </trkpt>
      <trkpt lat="51.807439" lon="10.803673">
        <ele>348.172074</ele>
        <time>2026-03-09T16:31:33.256Z</time>
      </trkpt>
      <trkpt lat="51.807580" lon="10.803610">
        <ele>347.176348</ele>
        <time>2026-03-09T16:31:36.331Z</time>
      </trkpt>
      <trkpt lat="51.807583" lon="10.803566">
        <ele>346.990041</ele>
        <time>2026-03-09T16:31:36.907Z</time>
      </trkpt>
      <trkpt lat="51.807587" lon="10.803463">
        <ele>346.555687</ele>
        <time>2026-03-09T16:31:37.769Z</time>
      </trkpt>
      <trkpt lat="51.807581" lon="10.803347">
        <ele>346.065768</ele>
        <time>2026-03-09T16:31:38.626Z</time>
      </trkpt>
      <trkpt lat="51.807737" lon="10.803639">
        <ele>344.441606</ele>
        <time>2026-03-09T16:31:43.810Z</time>
      </trkpt>
      <trkpt lat="51.807805" lon="10.803859">
        <ele>343.406438</ele>
        <time>2026-03-09T16:31:47.235Z</time>
      </trkpt>
      <trkpt lat="51.807830" lon="10.804348">
        <ele>341.341352</ele>
        <time>2026-03-09T16:31:54.380Z</time>
      </trkpt>
      <trkpt lat="51.807807" lon="10.804918">
        <ele>338.937280</ele>
        <time>2026-03-09T16:32:03.804Z</time>
      </trkpt>
      <trkpt lat="51.807741" lon="10.805280">
        <ele>337.760119</ele>
        <time>2026-03-09T16:32:10.445Z</time>
      </trkpt>
      <trkpt lat="51.807598" lon="10.805640">
        <ele>337.574614</ele>
        <time>2026-03-09T16:32:18.953Z</time>
      </trkpt>
      <trkpt lat="51.807306" lon="10.806167">
        <ele>337.267826</ele>
        <time>2026-03-09T16:32:34.218Z</time>
      </trkpt>
      <trkpt lat="51.807273" lon="10.806373">
        <ele>337.175568</ele>
        <time>2026-03-09T16:32:38.732Z</time>
      </trkpt>
      <trkpt lat="51.807341" lon="10.807034">
        <ele>336.885060</ele>
        <time>2026-03-09T16:32:51.905Z</time>
      </trkpt>
      <trkpt lat="51.807423" lon="10.807373">
        <ele>336.727245</ele>
        <time>2026-03-09T16:32:58.459Z</time>
      </trkpt>
      <trkpt lat="51.807682" lon="10.807940">
        <ele>336.344830</ele>
        <time>2026-03-09T16:33:10.470Z</time>
      </trkpt>
      <trkpt lat="51.807962" lon="10.808466">
        <ele>335.858423</ele>
        <time>2026-03-09T16:33:22.289Z</time>
      </trkpt>
      <trkpt lat="51.808048" lon="10.808708">
        <ele>335.662816</ele>
        <time>2026-03-09T16:33:27.053Z</time>
      </trkpt>
      <trkpt lat="51.808112" lon="10.808986">
        <ele>335.454932</ele>
        <time>2026-03-09T16:33:32.219Z</time>
      </trkpt>
      <trkpt lat="51.808037" lon="10.810346">
        <ele>334.478777</ele>
        <time>2026-03-09T16:33:58.381Z</time>
      </trkpt>
      <trkpt lat="51.807828" lon="10.811421">
        <ele>332.086543</ele>
        <time>2026-03-09T16:34:18.665Z</time>
      </trkpt>
      <trkpt lat="51.807797" lon="10.811737">
        <ele>331.407326</ele>
        <time>2026-03-09T16:34:23.765Z</time>
      </trkpt>
      <trkpt lat="51.807802" lon="10.812084">
        <ele>330.670491</ele>
        <time>2026-03-09T16:34:29.004Z</time>
      </trkpt>
      <trkpt lat="51.807972" lon="10.812902">
        <ele>328.838521</ele>
        <time>2026-03-09T16:34:41.115Z</time>
      </trkpt>
      <trkpt lat="51.808021" lon="10.812997">
        <ele>328.575890</ele>
        <time>2026-03-09T16:34:42.856Z</time>
      </trkpt>
      <trkpt lat="51.808146" lon="10.813097">
        <ele>328.502837</ele>
        <time>2026-03-09T16:34:46.107Z</time>
      </trkpt>
      <trkpt lat="51.808351" lon="10.813192">
        <ele>329.034445</ele>
        <time>2026-03-09T16:34:51.298Z</time>
      </trkpt>
      <trkpt lat="51.808549" lon="10.813356">
        <ele>329.589001</ele>
        <time>2026-03-09T16:34:57.177Z</time>
      </trkpt>
      <trkpt lat="51.808697" lon="10.813479">
        <ele>330.003808</ele>
        <time>2026-03-09T16:35:02.579Z</time>
      </trkpt>
      <trkpt lat="51.808682" lon="10.813666">
        <ele>330.294452</ele>
        <time>2026-03-09T16:35:06.299Z</time>
      </trkpt>
      <trkpt lat="51.808639" lon="10.813842">
        <ele>330.586138</ele>
        <time>2026-03-09T16:35:10.413Z</time>
      </trkpt>
      <trkpt lat="51.808408" lon="10.814273">
        <ele>331.465302</ele>
        <time>2026-03-09T16:35:25.503Z</time>
      </trkpt>
      <trkpt lat="51.808312" lon="10.814698">
        <ele>332.162719</ele>
        <time>2026-03-09T16:35:39.848Z</time>
      </trkpt>
      <trkpt lat="51.808225" lon="10.815237">
        <ele>333.535123</ele>
        <time>2026-03-09T16:36:02.970Z</time>
      </trkpt>
      <trkpt lat="51.808194" lon="10.815517">
        <ele>335.070478</ele>
        <time>2026-03-09T16:36:16.304Z</time>
      </trkpt>
      <trkpt lat="51.808188" lon="10.815597">
        <ele>335.505448</ele>
        <time>2026-03-09T16:36:20.056Z</time>
      </trkpt>
      <trkpt lat="51.808164" lon="10.815791">
        <ele>336.573331</ele>
        <time>2026-03-09T16:36:29.521Z</time>
      </trkpt>
      <trkpt lat="51.808076" lon="10.816140">
        <ele>338.607706</ele>
        <time>2026-03-09T16:36:46.712Z</time>
      </trkpt>
      <trkpt lat="51.807832" lon="10.816782">
        <ele>342.675276</ele>
        <time>2026-03-09T16:37:17.397Z</time>
      </trkpt>
      <trkpt lat="51.807744" lon="10.817063">
        <ele>344.375460</ele>
        <time>2026-03-09T16:37:28.031Z</time>
      </trkpt>
      <trkpt lat="51.807465" lon="10.817706">
        <ele>348.639015</ele>
        <time>2026-03-09T16:37:55.519Z</time>
      </trkpt>
      <trkpt lat="51.807439" lon="10.817753">
        <ele>349.061343</ele>
        <time>2026-03-09T16:37:57.970Z</time>
      </trkpt>
      <trkpt lat="51.807385" lon="10.817825">
        <ele>349.819325</ele>
        <time>2026-03-09T16:38:02.410Z</time>
      </trkpt>
      <trkpt lat="51.807275" lon="10.817995">
        <ele>351.467176</ele>
        <time>2026-03-09T16:38:12.488Z</time>
      </trkpt>
      <trkpt lat="51.807247" lon="10.818157">
        <ele>352.593631</ele>
        <time>2026-03-09T16:38:20.682Z</time>
      </trkpt>
      <trkpt lat="51.807220" lon="10.818776">
        <ele>356.749195</ele>
        <time>2026-03-09T16:38:52.787Z</time>
      </trkpt>
      <trkpt lat="51.807227" lon="10.819001">
        <ele>358.257861</ele>
        <time>2026-03-09T16:39:05.009Z</time>
      </trkpt>
      <trkpt lat="51.807295" lon="10.819237">
        <ele>360.001462</ele>
        <time>2026-03-09T16:39:19.411Z</time>
      </trkpt>
      <trkpt lat="51.807638" lon="10.819850">
        <ele>365.537903</ele>
        <time>2026-03-09T16:40:07.143Z</time>
      </trkpt>
      <trkpt lat="51.807914" lon="10.820635">
        <ele>371.767206</ele>
        <time>2026-03-09T16:41:02.245Z</time>
      </trkpt>
      <trkpt lat="51.808079" lon="10.820982">
        <ele>374.847344</ele>
        <time>2026-03-09T16:41:28.340Z</time>
      </trkpt>
      <trkpt lat="51.808267" lon="10.821579">
        <ele>379.561459</ele>
        <time>2026-03-09T16:42:06.252Z</time>
      </trkpt>
      <trkpt lat="51.808699" lon="10.822333">
        <ele>386.794414</ele>
        <time>2026-03-09T16:42:59.849Z</time>
      </trkpt>
      <trkpt lat="51.808824" lon="10.822644">
        <ele>389.132102</ele>
        <time>2026-03-09T16:43:18.046Z</time>
      </trkpt>
      <trkpt lat="51.808897" lon="10.823068">
        <ele>391.329388</ele>
        <time>2026-03-09T16:43:39.367Z</time>
      </trkpt>
      <trkpt lat="51.808953" lon="10.823607">
        <ele>394.057979</ele>
        <time>2026-03-09T16:44:05.049Z</time>
      </trkpt>
      <trkpt lat="51.808957" lon="10.824676">
        <ele>399.394872</ele>
        <time>2026-03-09T16:44:52.502Z</time>
      </trkpt>
      <trkpt lat="51.808856" lon="10.825562">
        <ele>403.862768</ele>
        <time>2026-03-09T16:45:28.701Z</time>
      </trkpt>
      <trkpt lat="51.808865" lon="10.825669">
        <ele>404.384032</ele>
        <time>2026-03-09T16:45:32.929Z</time>
      </trkpt>
      <trkpt lat="51.808896" lon="10.825809">
        <ele>405.101867</ele>
        <time>2026-03-09T16:45:38.714Z</time>
      </trkpt>
      <trkpt lat="51.809019" lon="10.826121">
        <ele>406.888046</ele>
        <time>2026-03-09T16:45:52.630Z</time>
      </trkpt>
      <trkpt lat="51.809233" lon="10.826572">
        <ele>409.632307</ele>
        <time>2026-03-09T16:46:14.627Z</time>
      </trkpt>
      <trkpt lat="51.809283" lon="10.826789">
        <ele>410.750168</ele>
        <time>2026-03-09T16:46:24.134Z</time>
      </trkpt>
      <trkpt lat="51.809311" lon="10.827318">
        <ele>413.313055</ele>
        <time>2026-03-09T16:46:47.581Z</time>
      </trkpt>
      <trkpt lat="51.809309" lon="10.827735">
        <ele>415.326025</ele>
        <time>2026-03-09T16:47:07.533Z</time>
      </trkpt>
      <trkpt lat="51.809125" lon="10.829619">
        <ele>426.687348</ele>
        <time>2026-03-09T16:48:38.220Z</time>
      </trkpt>
      <trkpt lat="51.809022" lon="10.829848">
        <ele>428.446936</ele>
        <time>2026-03-09T16:48:51.876Z</time>
      </trkpt>
      <trkpt lat="51.808770" lon="10.830174">
        <ele>431.689915</ele>
        <time>2026-03-09T16:49:15.673Z</time>
      </trkpt>
      <trkpt lat="51.808694" lon="10.830440">
        <ele>433.510681</ele>
        <time>2026-03-09T16:49:28.274Z</time>
      </trkpt>
      <trkpt lat="51.808572" lon="10.831117">
        <ele>436.426514</ele>
        <time>2026-03-09T16:49:55.420Z</time>
      </trkpt>
      <trkpt lat="51.808358" lon="10.832012">
        <ele>439.249472</ele>
        <time>2026-03-09T16:50:24.747Z</time>
      </trkpt>
      <trkpt lat="51.808322" lon="10.832243">
        <ele>439.950291</ele>
        <time>2026-03-09T16:50:31.047Z</time>
      </trkpt>
      <trkpt lat="51.808312" lon="10.832484">
        <ele>440.660868</ele>
        <time>2026-03-09T16:50:37.228Z</time>
      </trkpt>
      <trkpt lat="51.808448" lon="10.833620">
        <ele>443.710160</ele>
        <time>2026-03-09T16:51:01.372Z</time>
      </trkpt>
      <trkpt lat="51.808448" lon="10.834022">
        <ele>443.839912</ele>
        <time>2026-03-09T16:51:07.594Z</time>
      </trkpt>
      <trkpt lat="51.808421" lon="10.834302">
        <ele>443.931379</ele>
        <time>2026-03-09T16:51:11.624Z</time>
      </trkpt>
      <trkpt lat="51.808481" lon="10.834385">
        <ele>443.972594</ele>
        <time>2026-03-09T16:51:13.343Z</time>
      </trkpt>
      <trkpt lat="51.808532" lon="10.834395">
        <ele>443.999413</ele>
        <time>2026-03-09T16:51:14.564Z</time>
      </trkpt>
      <trkpt lat="51.808615" lon="10.834322">
        <ele>444.048733</ele>
        <time>2026-03-09T16:51:16.652Z</time>
      </trkpt>
      <trkpt lat="51.808644" lon="10.834201">
        <ele>444.090619</ele>
        <time>2026-03-09T16:51:18.521Z</time>
      </trkpt>
      <trkpt lat="51.808738" lon="10.833187">
        <ele>444.421559</ele>
        <time>2026-03-09T16:51:32.675Z</time>
      </trkpt>
      <trkpt lat="51.808762" lon="10.832347">
        <ele>444.815622</ele>
        <time>2026-03-09T16:51:43.361Z</time>
      </trkpt>
      <trkpt lat="51.808845" lon="10.831998">
        <ele>445.105330</ele>
        <time>2026-03-09T16:51:48.083Z</time>
      </trkpt>
      <trkpt lat="51.809273" lon="10.831050">
        <ele>446.014781</ele>
        <time>2026-03-09T16:52:05.352Z</time>
      </trkpt>
      <trkpt lat="51.809596" lon="10.830529">
        <ele>446.586405</ele>
        <time>2026-03-09T16:52:20.032Z</time>
      </trkpt>
      <trkpt lat="51.809789" lon="10.830150">
        <ele>447.042368</ele>
        <time>2026-03-09T16:52:32.289Z</time>
      </trkpt>
      <trkpt lat="51.809999" lon="10.830015">
        <ele>447.524454</ele>
        <time>2026-03-09T16:52:42.140Z</time>
      </trkpt>
      <trkpt lat="51.810237" lon="10.829968">
        <ele>448.035954</ele>
        <time>2026-03-09T16:52:51.535Z</time>
      </trkpt>
      <trkpt lat="51.810395" lon="10.830046">
        <ele>448.388369</ele>
        <time>2026-03-09T16:52:57.686Z</time>
      </trkpt>
      <trkpt lat="51.810552" lon="10.830210">
        <ele>448.787077</ele>
        <time>2026-03-09T16:53:04.350Z</time>
      </trkpt>
      <trkpt lat="51.810665" lon="10.830526">
        <ele>449.268559</ele>
        <time>2026-03-09T16:53:11.958Z</time>
      </trkpt>
      <trkpt lat="51.810803" lon="10.830787">
        <ele>449.721521</ele>
        <time>2026-03-09T16:53:18.555Z</time>
      </trkpt>
      <trkpt lat="51.810889" lon="10.830756">
        <ele>449.909488</ele>
        <time>2026-03-09T16:53:21.008Z</time>
      </trkpt>
      <trkpt lat="51.810974" lon="10.830657">
        <ele>450.132940</ele>
        <time>2026-03-09T16:53:23.804Z</time>
      </trkpt>
      <trkpt lat="51.811176" lon="10.830037">
        <ele>450.613771</ele>
        <time>2026-03-09T16:53:33.442Z</time>
      </trkpt>
      <trkpt lat="51.811214" lon="10.829693">
        <ele>450.508351</ele>
        <time>2026-03-09T16:53:37.517Z</time>
      </trkpt>
      <trkpt lat="51.811304" lon="10.829488">
        <ele>450.432501</ele>
        <time>2026-03-09T16:53:40.282Z</time>
      </trkpt>
      <trkpt lat="51.811773" lon="10.829101">
        <ele>450.175594</ele>
        <time>2026-03-09T16:53:49.951Z</time>
      </trkpt>
      <trkpt lat="51.812105" lon="10.828777">
        <ele>449.986393</ele>
        <time>2026-03-09T16:53:58.499Z</time>
      </trkpt>
      <trkpt lat="51.812681" lon="10.827393">
        <ele>449.400776</ele>
        <time>2026-03-09T16:54:20.089Z</time>
      </trkpt>
      <trkpt lat="51.813060" lon="10.826698">
        <ele>449.052635</ele>
        <time>2026-03-09T16:54:31.018Z</time>
      </trkpt>
      <trkpt lat="51.813184" lon="10.826756">
        <ele>448.974200</ele>
        <time>2026-03-09T16:54:33.408Z</time>
      </trkpt>
      <trkpt lat="51.813291" lon="10.827009">
        <ele>448.859046</ele>
        <time>2026-03-09T16:54:36.851Z</time>
      </trkpt>
      <trkpt lat="51.813995" lon="10.829358">
        <ele>448.824542</ele>
        <time>2026-03-09T16:55:09.434Z</time>
      </trkpt>
      <trkpt lat="51.814142" lon="10.829940">
        <ele>448.852076</ele>
        <time>2026-03-09T16:55:20.530Z</time>
      </trkpt>
      <trkpt lat="51.814217" lon="10.830131">
        <ele>448.961718</ele>
        <time>2026-03-09T16:55:24.791Z</time>
      </trkpt>
      <trkpt lat="51.814632" lon="10.830751">
        <ele>449.454639</ele>
        <time>2026-03-09T16:55:43.072Z</time>
      </trkpt>
      <trkpt lat="51.814720" lon="10.830952">
        <ele>449.587496</ele>
        <time>2026-03-09T16:55:48.131Z</time>
      </trkpt>
      <trkpt lat="51.814983" lon="10.831734">
        <ele>450.067698</ele>
        <time>2026-03-09T16:56:03.980Z</time>
      </trkpt>
      <trkpt lat="51.815316" lon="10.832264">
        <ele>450.166702</ele>
        <time>2026-03-09T16:56:13.688Z</time>
      </trkpt>
      <trkpt lat="51.815394" lon="10.832498">
        <ele>449.471073</ele>
        <time>2026-03-09T16:56:16.636Z</time>
      </trkpt>
      <trkpt lat="51.815579" lon="10.833525">
        <ele>446.672037</ele>
        <time>2026-03-09T16:56:27.009Z</time>
      </trkpt>
      <trkpt lat="51.815722" lon="10.833946">
        <ele>445.415110</ele>
        <time>2026-03-09T16:56:31.401Z</time>
      </trkpt>
      <trkpt lat="51.815745" lon="10.833958">
        <ele>445.312819</ele>
        <time>2026-03-09T16:56:31.962Z</time>
      </trkpt>
      <trkpt lat="51.815987" lon="10.834221">
        <ele>444.078809</ele>
        <time>2026-03-09T16:56:36.188Z</time>
      </trkpt>
      <trkpt lat="51.816089" lon="10.834381">
        <ele>443.477423</ele>
        <time>2026-03-09T16:56:38.238Z</time>
      </trkpt>
      <trkpt lat="51.816177" lon="10.834623">
        <ele>442.766682</ele>
        <time>2026-03-09T16:56:40.748Z</time>
      </trkpt>
      <trkpt lat="51.816684" lon="10.836267">
        <ele>439.681705</ele>
        <time>2026-03-09T16:56:58.230Z</time>
      </trkpt>
      <trkpt lat="51.816922" lon="10.836773">
        <ele>438.614078</ele>
        <time>2026-03-09T16:57:06.090Z</time>
      </trkpt>
      <trkpt lat="51.817049" lon="10.836960">
        <ele>438.147605</ele>
        <time>2026-03-09T16:57:10.425Z</time>
      </trkpt>
      <trkpt lat="51.817472" lon="10.837403">
        <ele>439.469796</ele>
        <time>2026-03-09T16:57:27.798Z</time>
      </trkpt>
      <trkpt lat="51.817612" lon="10.837610">
        <ele>440.165359</ele>
        <time>2026-03-09T16:57:36.168Z</time>
      </trkpt>
      <trkpt lat="51.817728" lon="10.837880">
        <ele>440.910756</ele>
        <time>2026-03-09T16:57:45.644Z</time>
      </trkpt>
      <trkpt lat="51.817886" lon="10.838125">
        <ele>441.713386</ele>
        <time>2026-03-09T16:57:56.307Z</time>
      </trkpt>
      <trkpt lat="51.818092" lon="10.838183">
        <ele>442.480201</ele>
        <time>2026-03-09T16:58:06.571Z</time>
      </trkpt>
      <trkpt lat="51.818435" lon="10.838158">
        <ele>443.739350</ele>
        <time>2026-03-09T16:58:21.969Z</time>
      </trkpt>
      <trkpt lat="51.818952" lon="10.837720">
        <ele>445.354473</ele>
        <time>2026-03-09T16:58:43.596Z</time>
      </trkpt>
      <trkpt lat="51.819077" lon="10.837583">
        <ele>445.694322</ele>
        <time>2026-03-09T16:58:48.511Z</time>
      </trkpt>
      <trkpt lat="51.819528" lon="10.836843">
        <ele>447.140214</ele>
        <time>2026-03-09T16:59:07.487Z</time>
      </trkpt>
      <trkpt lat="51.819700" lon="10.836670">
        <ele>447.596090</ele>
        <time>2026-03-09T16:59:12.974Z</time>
      </trkpt>
      <trkpt lat="51.820819" lon="10.836030">
        <ele>450.227159</ele>
        <time>2026-03-09T16:59:50.827Z</time>
      </trkpt>
      <trkpt lat="51.821019" lon="10.835816">
        <ele>450.754046</ele>
        <time>2026-03-09T16:59:59.563Z</time>
      </trkpt>
      <trkpt lat="51.821112" lon="10.835770">
        <ele>450.967734</ele>
        <time>2026-03-09T17:00:03.015Z</time>
      </trkpt>
      <trkpt lat="51.821572" lon="10.835814">
        <ele>451.980267</ele>
        <time>2026-03-09T17:00:18.376Z</time>
      </trkpt>
      <trkpt lat="51.821736" lon="10.835818">
        <ele>452.340668</ele>
        <time>2026-03-09T17:00:23.449Z</time>
      </trkpt>
      <trkpt lat="51.822955" lon="10.835496">
        <ele>454.479911</ele>
        <time>2026-03-09T17:01:00.018Z</time>
      </trkpt>
      <trkpt lat="51.823057" lon="10.835346">
        <ele>454.714091</ele>
        <time>2026-03-09T17:01:04.328Z</time>
      </trkpt>
      <trkpt lat="51.823106" lon="10.835051">
        <ele>455.034858</ele>
        <time>2026-03-09T17:01:10.322Z</time>
      </trkpt>
      <trkpt lat="51.823144" lon="10.834454">
        <ele>455.524502</ele>
        <time>2026-03-09T17:01:21.814Z</time>
      </trkpt>
      <trkpt lat="51.823100" lon="10.834082">
        <ele>455.291376</ele>
        <time>2026-03-09T17:01:28.283Z</time>
      </trkpt>
      <trkpt lat="51.823104" lon="10.833840">
        <ele>455.142368</ele>
        <time>2026-03-09T17:01:32.111Z</time>
      </trkpt>
      <trkpt lat="51.823210" lon="10.833410">
        <ele>454.857423</ele>
        <time>2026-03-09T17:01:38.631Z</time>
      </trkpt>
      <trkpt lat="51.823266" lon="10.833066">
        <ele>454.638466</ele>
        <time>2026-03-09T17:01:43.098Z</time>
      </trkpt>
      <trkpt lat="51.823367" lon="10.830853">
        <ele>452.456575</ele>
        <time>2026-03-09T17:02:05.824Z</time>
      </trkpt>
      <trkpt lat="51.823400" lon="10.830513">
        <ele>451.907541</ele>
        <time>2026-03-09T17:02:09.244Z</time>
      </trkpt>
      <trkpt lat="51.823475" lon="10.830238">
        <ele>451.428038</ele>
        <time>2026-03-09T17:02:12.288Z</time>
      </trkpt>
      <trkpt lat="51.823577" lon="10.830004">
        <ele>450.971257</ele>
        <time>2026-03-09T17:02:15.287Z</time>
      </trkpt>
      <trkpt lat="51.823666" lon="10.829700">
        <ele>450.434651</ele>
        <time>2026-03-09T17:02:18.864Z</time>
      </trkpt>
      <trkpt lat="51.823727" lon="10.829246">
        <ele>449.693495</ele>
        <time>2026-03-09T17:02:23.866Z</time>
      </trkpt>
      <trkpt lat="51.823797" lon="10.828950">
        <ele>449.187921</ele>
        <time>2026-03-09T17:02:27.291Z</time>
      </trkpt>
      <trkpt lat="51.823907" lon="10.828753">
        <ele>448.849276</ele>
        <time>2026-03-09T17:02:30.229Z</time>
      </trkpt>
      <trkpt lat="51.824115" lon="10.828614">
        <ele>448.398619</ele>
        <time>2026-03-09T17:02:34.293Z</time>
      </trkpt>
      <trkpt lat="51.824216" lon="10.828472">
        <ele>448.130670</ele>
        <time>2026-03-09T17:02:36.725Z</time>
      </trkpt>
      <trkpt lat="51.824269" lon="10.828330">
        <ele>447.925355</ele>
        <time>2026-03-09T17:02:38.566Z</time>
      </trkpt>
      <trkpt lat="51.824306" lon="10.828108">
        <ele>447.640768</ele>
        <time>2026-03-09T17:02:41.120Z</time>
      </trkpt>
      <trkpt lat="51.824324" lon="10.827032">
        <ele>446.308505</ele>
        <time>2026-03-09T17:02:52.932Z</time>
      </trkpt>
      <trkpt lat="51.824218" lon="10.826383">
        <ele>445.489029</ele>
        <time>2026-03-09T17:02:59.868Z</time>
      </trkpt>
      <trkpt lat="51.824222" lon="10.826016">
        <ele>445.115938</ele>
        <time>2026-03-09T17:03:03.677Z</time>
      </trkpt>
      <trkpt lat="51.824220" lon="10.825747">
        <ele>444.842497</ele>
        <time>2026-03-09T17:03:06.537Z</time>
      </trkpt>
      <trkpt lat="51.824242" lon="10.825641">
        <ele>444.728842</ele>
        <time>2026-03-09T17:03:07.747Z</time>
      </trkpt>
      <trkpt lat="51.824287" lon="10.825463">
        <ele>444.533367</ele>
        <time>2026-03-09T17:03:11.035Z</time>
      </trkpt>
      <trkpt lat="51.824280" lon="10.825279">
        <ele>444.345989</ele>
        <time>2026-03-09T17:03:14.190Z</time>
      </trkpt>
      <trkpt lat="51.824166" lon="10.824835">
        <ele>443.857300</ele>
        <time>2026-03-09T17:03:22.638Z</time>
      </trkpt>
      <trkpt lat="51.824111" lon="10.824486">
        <ele>443.491213</ele>
        <time>2026-03-09T17:03:29.168Z</time>
      </trkpt>
      <trkpt lat="51.824244" lon="10.823407">
        <ele>442.350920</ele>
        <time>2026-03-09T17:03:48.950Z</time>
      </trkpt>
      <trkpt lat="51.824053" lon="10.822397">
        <ele>441.165337</ele>
        <time>2026-03-09T17:04:07.598Z</time>
      </trkpt>
      <trkpt lat="51.823997" lon="10.822029">
        <ele>440.739928</ele>
        <time>2026-03-09T17:04:14.093Z</time>
      </trkpt>
      <trkpt lat="51.823993" lon="10.821865">
        <ele>440.555697</ele>
        <time>2026-03-09T17:04:16.874Z</time>
      </trkpt>
      <trkpt lat="51.823951" lon="10.821644">
        <ele>440.296167</ele>
        <time>2026-03-09T17:04:20.742Z</time>
      </trkpt>
      <trkpt lat="51.823923" lon="10.821276">
        <ele>439.879974</ele>
        <time>2026-03-09T17:04:26.896Z</time>
      </trkpt>
      <trkpt lat="51.823918" lon="10.821195">
        <ele>439.788600</ele>
        <time>2026-03-09T17:04:28.273Z</time>
      </trkpt>
      <trkpt lat="51.823825" lon="10.820848">
        <ele>439.364055</ele>
        <time>2026-03-09T17:04:34.543Z</time>
      </trkpt>
      <trkpt lat="51.823802" lon="10.820455">
        <ele>438.169488</ele>
        <time>2026-03-09T17:04:41.067Z</time>
      </trkpt>
      <trkpt lat="51.823748" lon="10.820155">
        <ele>437.153071</ele>
        <time>2026-03-09T17:04:46.205Z</time>
      </trkpt>
      <trkpt lat="51.823694" lon="10.820096">
        <ele>436.810139</ele>
        <time>2026-03-09T17:04:47.912Z</time>
      </trkpt>
      <trkpt lat="51.823362" lon="10.819483">
        <ele>434.158862</ele>
        <time>2026-03-09T17:05:00.705Z</time>
      </trkpt>
      <trkpt lat="51.823372" lon="10.819413">
        <ele>433.925153</ele>
        <time>2026-03-09T17:05:01.759Z</time>
      </trkpt>
      <trkpt lat="51.823453" lon="10.819252">
        <ele>433.249863</ele>
        <time>2026-03-09T17:05:04.783Z</time>
      </trkpt>
      <trkpt lat="51.823576" lon="10.819160">
        <ele>432.536693</ele>
        <time>2026-03-09T17:05:07.895Z</time>
      </trkpt>
      <trkpt lat="51.823725" lon="10.818814">
        <ele>431.164938</ele>
        <time>2026-03-09T17:05:13.707Z</time>
      </trkpt>
      <trkpt lat="51.823734" lon="10.818568">
        <ele>430.363318</ele>
        <time>2026-03-09T17:05:17.074Z</time>
      </trkpt>
      <trkpt lat="51.823738" lon="10.818451">
        <ele>429.982144</ele>
        <time>2026-03-09T17:05:18.662Z</time>
      </trkpt>
      <trkpt lat="51.823811" lon="10.818066">
        <ele>427.142278</ele>
        <time>2026-03-09T17:05:24.066Z</time>
      </trkpt>
      <trkpt lat="51.823805" lon="10.817783">
        <ele>425.025485</ele>
        <time>2026-03-09T17:05:27.826Z</time>
      </trkpt>
      <trkpt lat="51.823768" lon="10.817658">
        <ele>423.989428</ele>
        <time>2026-03-09T17:05:29.668Z</time>
      </trkpt>
      <trkpt lat="51.823642" lon="10.817411">
        <ele>421.595342</ele>
        <time>2026-03-09T17:05:33.838Z</time>
      </trkpt>
      <trkpt lat="51.823594" lon="10.817180">
        <ele>419.773536</ele>
        <time>2026-03-09T17:05:36.992Z</time>
      </trkpt>
      <trkpt lat="51.823608" lon="10.817057">
        <ele>418.838592</ele>
        <time>2026-03-09T17:05:38.602Z</time>
      </trkpt>
      <trkpt lat="51.823679" lon="10.816989">
        <ele>417.840698</ele>
        <time>2026-03-09T17:05:40.287Z</time>
      </trkpt>
      <trkpt lat="51.824154" lon="10.817100">
        <ele>412.036161</ele>
        <time>2026-03-09T17:05:50.093Z</time>
      </trkpt>
      <trkpt lat="51.824397" lon="10.817076">
        <ele>409.091709</ele>
        <time>2026-03-09T17:05:55.043Z</time>
      </trkpt>
      <trkpt lat="51.824753" lon="10.816859">
        <ele>403.558037</ele>
        <time>2026-03-09T17:06:02.789Z</time>
      </trkpt>
      <trkpt lat="51.824929" lon="10.816678">
        <ele>400.383535</ele>
        <time>2026-03-09T17:06:06.998Z</time>
      </trkpt>
      <trkpt lat="51.825077" lon="10.816413">
        <ele>397.023253</ele>
        <time>2026-03-09T17:06:11.415Z</time>
      </trkpt>
      <trkpt lat="51.825263" lon="10.815852">
        <ele>391.033763</ele>
        <time>2026-03-09T17:06:19.239Z</time>
      </trkpt>
      <trkpt lat="51.825289" lon="10.815679">
        <ele>389.358711</ele>
        <time>2026-03-09T17:06:21.425Z</time>
      </trkpt>
      <trkpt lat="51.825304" lon="10.815287">
        <ele>385.663625</ele>
        <time>2026-03-09T17:06:26.246Z</time>
      </trkpt>
      <trkpt lat="51.825181" lon="10.814609">
        <ele>380.222072</ele>
        <time>2026-03-09T17:06:35.037Z</time>
      </trkpt>
      <trkpt lat="51.825179" lon="10.814567">
        <ele>380.106662</ele>
        <time>2026-03-09T17:06:35.581Z</time>
      </trkpt>
      <trkpt lat="51.825172" lon="10.814388">
        <ele>379.615265</ele>
        <time>2026-03-09T17:06:37.888Z</time>
      </trkpt>
      <trkpt lat="51.825234" lon="10.814007">
        <ele>378.535845</ele>
        <time>2026-03-09T17:06:43.144Z</time>
      </trkpt>
      <trkpt lat="51.825424" lon="10.813214">
        <ele>376.205690</ele>
        <time>2026-03-09T17:06:55.529Z</time>
      </trkpt>
      <trkpt lat="51.825557" lon="10.813206">
        <ele>375.615720</ele>
        <time>2026-03-09T17:06:57.843Z</time>
      </trkpt>
      <trkpt lat="51.825636" lon="10.813310">
        <ele>375.164255</ele>
        <time>2026-03-09T17:06:59.815Z</time>
      </trkpt>
      <trkpt lat="51.825871" lon="10.813773">
        <ele>373.522846</ele>
        <time>2026-03-09T17:07:10.348Z</time>
      </trkpt>
      <trkpt lat="51.826236" lon="10.814323">
        <ele>374.673763</ele>
        <time>2026-03-09T17:07:34.553Z</time>
      </trkpt>
      <trkpt lat="51.826327" lon="10.814566">
        <ele>375.721823</ele>
        <time>2026-03-09T17:07:45.026Z</time>
      </trkpt>
      <trkpt lat="51.826350" lon="10.814844">
        <ele>376.756429</ele>
        <time>2026-03-09T17:07:54.915Z</time>
      </trkpt>
      <trkpt lat="51.826066" lon="10.815407">
        <ele>379.437083</ele>
        <time>2026-03-09T17:08:19.524Z</time>
      </trkpt>
      <trkpt lat="51.825951" lon="10.816024">
        <ele>381.814270</ele>
        <time>2026-03-09T17:08:41.478Z</time>
      </trkpt>
      <trkpt lat="51.825835" lon="10.816886">
        <ele>384.069868</ele>
        <time>2026-03-09T17:09:11.431Z</time>
      </trkpt>
      <trkpt lat="51.825782" lon="10.817659">
        <ele>385.135740</ele>
        <time>2026-03-09T17:09:32.485Z</time>
      </trkpt>
      <trkpt lat="51.825710" lon="10.818271">
        <ele>385.989529</ele>
        <time>2026-03-09T17:09:43.752Z</time>
      </trkpt>
      <trkpt lat="51.825536" lon="10.818734">
        <ele>386.732154</ele>
        <time>2026-03-09T17:09:50.442Z</time>
      </trkpt>
      <trkpt lat="51.825559" lon="10.818900">
        <ele>386.965300</ele>
        <time>2026-03-09T17:09:52.410Z</time>
      </trkpt>
      <trkpt lat="51.825669" lon="10.819116">
        <ele>387.348866</ele>
        <time>2026-03-09T17:09:55.604Z</time>
      </trkpt>
      <trkpt lat="51.825966" lon="10.819398">
        <ele>386.091561</ele>
        <time>2026-03-09T17:10:02.238Z</time>
      </trkpt>
      <trkpt lat="51.826155" lon="10.819704">
        <ele>384.825751</ele>
        <time>2026-03-09T17:10:07.029Z</time>
      </trkpt>
      <trkpt lat="51.826361" lon="10.820257">
        <ele>382.936500</ele>
        <time>2026-03-09T17:10:12.990Z</time>
      </trkpt>
      <trkpt lat="51.826414" lon="10.820526">
        <ele>382.110386</ele>
        <time>2026-03-09T17:10:15.535Z</time>
      </trkpt>
      <trkpt lat="51.826420" lon="10.820673">
        <ele>381.679330</ele>
        <time>2026-03-09T17:10:16.851Z</time>
      </trkpt>
      <trkpt lat="51.826371" lon="10.820982">
        <ele>380.745918</ele>
        <time>2026-03-09T17:10:19.728Z</time>
      </trkpt>
      <trkpt lat="51.826391" lon="10.821036">
        <ele>380.561717</ele>
        <time>2026-03-09T17:10:20.296Z</time>
      </trkpt>
      <trkpt lat="51.826433" lon="10.821051">
        <ele>380.358092</ele>
        <time>2026-03-09T17:10:20.917Z</time>
      </trkpt>
      <trkpt lat="51.826549" lon="10.821028">
        <ele>379.804813</ele>
        <time>2026-03-09T17:10:22.628Z</time>
      </trkpt>
      <trkpt lat="51.826708" lon="10.820925">
        <ele>378.993981</ele>
        <time>2026-03-09T17:10:25.114Z</time>
      </trkpt>
      <trkpt lat="51.826951" lon="10.820820">
        <ele>376.882044</ele>
        <time>2026-03-09T17:10:28.706Z</time>
      </trkpt>
      <trkpt lat="51.827022" lon="10.820550">
        <ele>375.335417</ele>
        <time>2026-03-09T17:10:31.247Z</time>
      </trkpt>
      <trkpt lat="51.826947" lon="10.819420">
        <ele>369.344967</ele>
        <time>2026-03-09T17:10:40.608Z</time>
      </trkpt>
      <trkpt lat="51.826863" lon="10.818980">
        <ele>366.917609</ele>
        <time>2026-03-09T17:10:44.516Z</time>
      </trkpt>
      <trkpt lat="51.826983" lon="10.818282">
        <ele>363.614471</ele>
        <time>2026-03-09T17:10:50.796Z</time>
      </trkpt>
      <trkpt lat="51.827069" lon="10.817994">
        <ele>363.619928</ele>
        <time>2026-03-09T17:10:53.695Z</time>
      </trkpt>
      <trkpt lat="51.827469" lon="10.817030">
        <ele>363.639738</ele>
        <time>2026-03-09T17:11:06.233Z</time>
      </trkpt>
      <trkpt lat="51.827656" lon="10.816835">
        <ele>363.645879</ele>
        <time>2026-03-09T17:11:13.317Z</time>
      </trkpt>
      <trkpt lat="51.827748" lon="10.816830">
        <ele>363.648420</ele>
        <time>2026-03-09T17:11:16.749Z</time>
      </trkpt>
      <trkpt lat="51.828139" lon="10.817088">
        <ele>363.660077</ele>
        <time>2026-03-09T17:11:36.482Z</time>
      </trkpt>
      <trkpt lat="51.828448" lon="10.817373">
        <ele>365.112369</ele>
        <time>2026-03-09T17:11:57.074Z</time>
      </trkpt>
      <trkpt lat="51.828901" lon="10.818330">
        <ele>369.122234</ele>
        <time>2026-03-09T17:12:44.329Z</time>
      </trkpt>
      <trkpt lat="51.829087" lon="10.818912">
        <ele>371.301738</ele>
        <time>2026-03-09T17:13:01.462Z</time>
      </trkpt>
      <trkpt lat="51.829188" lon="10.819105">
        <ele>372.142979</ele>
        <time>2026-03-09T17:13:06.729Z</time>
      </trkpt>
      <trkpt lat="51.829310" lon="10.819198">
        <ele>372.868857</ele>
        <time>2026-03-09T17:13:10.948Z</time>
      </trkpt>
      <trkpt lat="51.829398" lon="10.819704">
        <ele>373.624876</ele>
        <time>2026-03-09T17:13:20.327Z</time>
      </trkpt>
      <trkpt lat="51.829584" lon="10.819566">
        <ele>373.868113</ele>
        <time>2026-03-09T17:13:25.520Z</time>
      </trkpt>
      <trkpt lat="51.829833" lon="10.819499">
        <ele>374.168171</ele>
        <time>2026-03-09T17:13:32.686Z</time>
      </trkpt>
      <trkpt lat="51.829924" lon="10.819438">
        <ele>374.285260</ele>
        <time>2026-03-09T17:13:35.456Z</time>
      </trkpt>
      <trkpt lat="51.830192" lon="10.819170">
        <ele>374.659765</ele>
        <time>2026-03-09T17:13:43.642Z</time>
      </trkpt>
      <trkpt lat="51.830260" lon="10.819055">
        <ele>374.776689</ele>
        <time>2026-03-09T17:13:45.874Z</time>
      </trkpt>
      <trkpt lat="51.830426" lon="10.818933">
        <ele>374.993417</ele>
        <time>2026-03-09T17:13:50.092Z</time>
      </trkpt>
      <trkpt lat="51.830602" lon="10.818912">
        <ele>375.203201</ele>
        <time>2026-03-09T17:13:54.578Z</time>
      </trkpt>
      <trkpt lat="51.830930" lon="10.819050">
        <ele>375.196403</ele>
        <time>2026-03-09T17:14:04.400Z</time>
      </trkpt>
      <trkpt lat="51.831043" lon="10.818681">
        <ele>374.502879</ele>
        <time>2026-03-09T17:14:11.021Z</time>
      </trkpt>
      <trkpt lat="51.831091" lon="10.818393">
        <ele>374.000546</ele>
        <time>2026-03-09T17:14:15.299Z</time>
      </trkpt>
      <trkpt lat="51.831081" lon="10.818072">
        <ele>373.459283</ele>
        <time>2026-03-09T17:14:19.310Z</time>
      </trkpt>
      <trkpt lat="51.830973" lon="10.817216">
        <ele>371.988005</ele>
        <time>2026-03-09T17:14:28.395Z</time>
      </trkpt>
      <trkpt lat="51.830892" lon="10.816750">
        <ele>371.172788</ele>
        <time>2026-03-09T17:14:32.817Z</time>
      </trkpt>
      <trkpt lat="51.830840" lon="10.816245">
        <ele>369.726496</ele>
        <time>2026-03-09T17:14:37.322Z</time>
      </trkpt>
      <trkpt lat="51.830797" lon="10.816043">
        <ele>368.587170</ele>
        <time>2026-03-09T17:14:39.163Z</time>
      </trkpt>
      <trkpt lat="51.830624" lon="10.815546">
        <ele>365.545285</ele>
        <time>2026-03-09T17:14:44.014Z</time>
      </trkpt>
      <trkpt lat="51.830383" lon="10.814972">
        <ele>361.844658</ele>
        <time>2026-03-09T17:14:49.836Z</time>
      </trkpt>
      <trkpt lat="51.830312" lon="10.814740">
        <ele>360.464062</ele>
        <time>2026-03-09T17:14:51.989Z</time>
      </trkpt>
      <trkpt lat="51.830312" lon="10.814740">
        <ele>360.464062</ele>
        <time>2026-03-09T17:14:51.993Z</time>
      </trkpt>
      <trkpt lat="51.830258" lon="10.814456">
        <ele>358.879487</ele>
        <time>2026-03-09T17:14:54.475Z</time>
      </trkpt>
      <trkpt lat="51.830135" lon="10.813411">
        <ele>354.198560</ele>
        <time>2026-03-09T17:15:03.567Z</time>
      </trkpt>
      <trkpt lat="51.829972" lon="10.812894">
        <ele>352.760595</ele>
        <time>2026-03-09T17:15:08.849Z</time>
      </trkpt>
      <trkpt lat="51.829750" lon="10.812417">
        <ele>351.281143</ele>
        <time>2026-03-09T17:15:14.742Z</time>
      </trkpt>
      <trkpt lat="51.829697" lon="10.812128">
        <ele>350.534258</ele>
        <time>2026-03-09T17:15:17.935Z</time>
      </trkpt>
      <trkpt lat="51.829656" lon="10.812038">
        <ele>350.257239</ele>
        <time>2026-03-09T17:15:19.149Z</time>
      </trkpt>
      <trkpt lat="51.829364" lon="10.811152">
        <ele>347.826008</ele>
        <time>2026-03-09T17:15:36.985Z</time>
      </trkpt>
      <trkpt lat="51.829380" lon="10.810864">
        <ele>347.621967</ele>
        <time>2026-03-09T17:15:42.253Z</time>
      </trkpt>
      <trkpt lat="51.828926" lon="10.809693">
        <ele>346.646532</ele>
        <time>2026-03-09T17:16:06.079Z</time>
      </trkpt>
      <trkpt lat="51.828926" lon="10.809693">
        <ele>346.646532</ele>
        <time>2026-03-09T17:16:06.086Z</time>
      </trkpt>
      <trkpt lat="51.828824" lon="10.809190">
        <ele>346.272978</ele>
        <time>2026-03-09T17:16:14.860Z</time>
      </trkpt>
      <trkpt lat="51.828755" lon="10.808991">
        <ele>346.111965</ele>
        <time>2026-03-09T17:16:18.618Z</time>
      </trkpt>
      <trkpt lat="51.828699" lon="10.808919">
        <ele>346.030298</ele>
        <time>2026-03-09T17:16:20.568Z</time>
      </trkpt>
      <trkpt lat="51.828199" lon="10.807573">
        <ele>348.239115</ele>
        <time>2026-03-09T17:16:59.013Z</time>
      </trkpt>
      <trkpt lat="51.828160" lon="10.806392">
        <ele>350.576446</ele>
        <time>2026-03-09T17:17:40.799Z</time>
      </trkpt>
      <trkpt lat="51.828066" lon="10.806180">
        <ele>351.092096</ele>
        <time>2026-03-09T17:17:49.639Z</time>
      </trkpt>
      <trkpt lat="51.827965" lon="10.805433">
        <ele>352.306215</ele>
        <time>2026-03-09T17:18:17.179Z</time>
      </trkpt>
      <trkpt lat="51.827840" lon="10.804941">
        <ele>353.061965</ele>
        <time>2026-03-09T17:18:33.709Z</time>
      </trkpt>
      <trkpt lat="51.827840" lon="10.804941">
        <ele>353.061965</ele>
        <time>2026-03-09T17:18:33.715Z</time>
      </trkpt>
      <trkpt lat="51.827728" lon="10.804612">
        <ele>353.595599</ele>
        <time>2026-03-09T17:18:42.650Z</time>
      </trkpt>
      <trkpt lat="51.827788" lon="10.804367">
        <ele>353.970005</ele>
        <time>2026-03-09T17:18:47.944Z</time>
      </trkpt>
      <trkpt lat="51.827843" lon="10.804141">
        <ele>354.315083</ele>
        <time>2026-03-09T17:18:52.404Z</time>
      </trkpt>
      <trkpt lat="51.827993" lon="10.803884">
        <ele>354.817293</ele>
        <time>2026-03-09T17:18:58.630Z</time>
      </trkpt>
      <trkpt lat="51.828127" lon="10.803540">
        <ele>355.394994</ele>
        <time>2026-03-09T17:19:06.491Z</time>
      </trkpt>
      <trkpt lat="51.828187" lon="10.803206">
        <ele>356.133494</ele>
        <time>2026-03-09T17:19:15.623Z</time>
      </trkpt>
      <trkpt lat="51.828507" lon="10.802391">
        <ele>359.117338</ele>
        <time>2026-03-09T17:19:49.006Z</time>
      </trkpt>
      <trkpt lat="51.828732" lon="10.802503">
        <ele>360.294425</ele>
        <time>2026-03-09T17:20:02.391Z</time>
      </trkpt>
      <trkpt lat="51.828932" lon="10.802379">
        <ele>361.365371</ele>
        <time>2026-03-09T17:20:14.843Z</time>
      </trkpt>
      <trkpt lat="51.829001" lon="10.802278">
        <ele>361.830612</ele>
        <time>2026-03-09T17:20:20.516Z</time>
      </trkpt>
      <trkpt lat="51.829045" lon="10.802213">
        <ele>362.128522</ele>
        <time>2026-03-09T17:20:24.139Z</time>
      </trkpt>
      <trkpt lat="51.829069" lon="10.802178">
        <ele>362.290075</ele>
        <time>2026-03-09T17:20:26.131Z</time>
      </trkpt>
      <trkpt lat="51.829201" lon="10.802084">
        <ele>363.011198</ele>
        <time>2026-03-09T17:20:35.364Z</time>
      </trkpt>
      <trkpt lat="51.829348" lon="10.801883">
        <ele>363.973525</ele>
        <time>2026-03-09T17:20:48.543Z</time>
      </trkpt>
      <trkpt lat="51.829325" lon="10.801021">
        <ele>365.753738</ele>
        <time>2026-03-09T17:21:26.893Z</time>
      </trkpt>
      <trkpt lat="51.829312" lon="10.800522">
        <ele>366.601172</ele>
        <time>2026-03-09T17:21:44.672Z</time>
      </trkpt>
      <trkpt lat="51.829358" lon="10.800309">
        <ele>366.984012</ele>
        <time>2026-03-09T17:21:51.363Z</time>
      </trkpt>
      <trkpt lat="51.829453" lon="10.800117">
        <ele>367.401338</ele>
        <time>2026-03-09T17:21:57.863Z</time>
      </trkpt>
      <trkpt lat="51.829536" lon="10.800069">
        <ele>367.643334</ele>
        <time>2026-03-09T17:22:01.067Z</time>
      </trkpt>
      <trkpt lat="51.829559" lon="10.800010">
        <ele>367.761694</ele>
        <time>2026-03-09T17:22:02.541Z</time>
      </trkpt>
      <trkpt lat="51.829562" lon="10.799969">
        <ele>367.831747</ele>
        <time>2026-03-09T17:22:03.367Z</time>
      </trkpt>
      <trkpt lat="51.829573" lon="10.799784">
        <ele>368.147095</ele>
        <time>2026-03-09T17:22:06.784Z</time>
      </trkpt>
      <trkpt lat="51.829678" lon="10.799627">
        <ele>368.539611</ele>
        <time>2026-03-09T17:22:10.659Z</time>
      </trkpt>
      <trkpt lat="51.829775" lon="10.799419">
        <ele>368.981741</ele>
        <time>2026-03-09T17:22:14.874Z</time>
      </trkpt>
      <trkpt lat="51.829782" lon="10.799274">
        <ele>369.228518</ele>
        <time>2026-03-09T17:22:17.468Z</time>
      </trkpt>
      <trkpt lat="51.829851" lon="10.799116">
        <ele>369.556782</ele>
        <time>2026-03-09T17:22:20.923Z</time>
      </trkpt>
      <trkpt lat="51.829941" lon="10.799109">
        <ele>369.595059</ele>
        <time>2026-03-09T17:22:23.583Z</time>
      </trkpt>
      <trkpt lat="51.829986" lon="10.798977">
        <ele>369.570908</ele>
        <time>2026-03-09T17:22:26.894Z</time>
      </trkpt>
      <trkpt lat="51.830029" lon="10.798761">
        <ele>369.534553</ele>
        <time>2026-03-09T17:22:31.689Z</time>
      </trkpt>
      <trkpt lat="51.830023" lon="10.798733">
        <ele>369.529806</ele>
        <time>2026-03-09T17:22:32.324Z</time>
      </trkpt>
      <trkpt lat="51.829973" lon="10.798519">
        <ele>369.493154</ele>
        <time>2026-03-09T17:22:37.412Z</time>
      </trkpt>
      <trkpt lat="51.829963" lon="10.798249">
        <ele>369.449822</ele>
        <time>2026-03-09T17:22:43.338Z</time>
      </trkpt>
      <trkpt lat="51.829964" lon="10.798177">
        <ele>369.438285</ele>
        <time>2026-03-09T17:22:44.677Z</time>
      </trkpt>
      <trkpt lat="51.830000" lon="10.798096">
        <ele>369.422301</ele>
        <time>2026-03-09T17:22:46.454Z</time>
      </trkpt>
      <trkpt lat="51.830036" lon="10.798016">
        <ele>369.406447</ele>
        <time>2026-03-09T17:22:48.124Z</time>
      </trkpt>
      <trkpt lat="51.830064" lon="10.797948">
        <ele>369.393357</ele>
        <time>2026-03-09T17:22:49.125Z</time>
      </trkpt>
      <trkpt lat="51.830091" lon="10.797939">
        <ele>369.386211</ele>
        <time>2026-03-09T17:22:49.907Z</time>
      </trkpt>
      <trkpt lat="51.830152" lon="10.797984">
        <ele>369.368832</ele>
        <time>2026-03-09T17:22:51.884Z</time>
      </trkpt>
      <trkpt lat="51.830265" lon="10.798089">
        <ele>369.335053</ele>
        <time>2026-03-09T17:22:56.404Z</time>
      </trkpt>
      <trkpt lat="51.830468" lon="10.798412">
        <ele>369.261252</ele>
        <time>2026-03-09T17:23:05.392Z</time>
      </trkpt>
      <trkpt lat="51.830533" lon="10.798573">
        <ele>369.230443</ele>
        <time>2026-03-09T17:23:08.897Z</time>
      </trkpt>
      <trkpt lat="51.830666" lon="10.799148">
        <ele>368.766908</ele>
        <time>2026-03-09T17:23:20.963Z</time>
      </trkpt>
      <trkpt lat="51.830730" lon="10.799656">
        <ele>366.628078</ele>
        <time>2026-03-09T17:23:30.264Z</time>
      </trkpt>
      <trkpt lat="51.830766" lon="10.800007">
        <ele>365.160242</ele>
        <time>2026-03-09T17:23:35.507Z</time>
      </trkpt>
      <trkpt lat="51.830759" lon="10.800521">
        <ele>363.039254</ele>
        <time>2026-03-09T17:23:42.645Z</time>
      </trkpt>
      <trkpt lat="51.830860" lon="10.801209">
        <ele>360.121974</ele>
        <time>2026-03-09T17:23:52.033Z</time>
      </trkpt>
      <trkpt lat="51.830888" lon="10.801726">
        <ele>357.980954</ele>
        <time>2026-03-09T17:23:58.848Z</time>
      </trkpt>
      <trkpt lat="51.830981" lon="10.801448">
        <ele>356.690424</ele>
        <time>2026-03-09T17:24:03.056Z</time>
      </trkpt>
      <trkpt lat="51.831259" lon="10.801083">
        <ele>354.370733</ele>
        <time>2026-03-09T17:24:10.929Z</time>
      </trkpt>
      <trkpt lat="51.831318" lon="10.800968">
        <ele>353.772232</ele>
        <time>2026-03-09T17:24:12.963Z</time>
      </trkpt>
      <trkpt lat="51.831352" lon="10.800804">
        <ele>353.079564</ele>
        <time>2026-03-09T17:24:15.329Z</time>
      </trkpt>
      <trkpt lat="51.831402" lon="10.800128">
        <ele>350.353365</ele>
        <time>2026-03-09T17:24:24.959Z</time>
      </trkpt>
      <trkpt lat="51.831531" lon="10.799614">
        <ele>348.131923</ele>
        <time>2026-03-09T17:24:33.289Z</time>
      </trkpt>
      <trkpt lat="51.831654" lon="10.798882">
        <ele>345.298488</ele>
        <time>2026-03-09T17:24:44.837Z</time>
      </trkpt>
      <trkpt lat="51.831564" lon="10.798496">
        <ele>344.509038</ele>
        <time>2026-03-09T17:24:51.509Z</time>
      </trkpt>
      <trkpt lat="51.831471" lon="10.797800">
        <ele>343.146435</ele>
        <time>2026-03-09T17:25:03.386Z</time>
      </trkpt>
      <trkpt lat="51.831258" lon="10.797586">
        <ele>342.370102</ele>
        <time>2026-03-09T17:25:10.528Z</time>
      </trkpt>
      <trkpt lat="51.831189" lon="10.797452">
        <ele>342.036339</ele>
        <time>2026-03-09T17:25:13.829Z</time>
      </trkpt>
      <trkpt lat="51.831091" lon="10.797380">
        <ele>341.703072</ele>
        <time>2026-03-09T17:25:17.210Z</time>
      </trkpt>
      <trkpt lat="51.830981" lon="10.797300">
        <ele>341.329641</ele>
        <time>2026-03-09T17:25:20.810Z</time>
      </trkpt>
      <trkpt lat="51.830796" lon="10.797049">
        <ele>340.582080</ele>
        <time>2026-03-09T17:25:27.621Z</time>
      </trkpt>
      <trkpt lat="51.830665" lon="10.796947">
        <ele>340.131926</ele>
        <time>2026-03-09T17:25:31.473Z</time>
      </trkpt>
      <trkpt lat="51.830454" lon="10.796894">
        <ele>337.737385</ele>
        <time>2026-03-09T17:25:36.729Z</time>
      </trkpt>
      <trkpt lat="51.830202" lon="10.796758">
        <ele>333.711487</ele>
        <time>2026-03-09T17:25:42.606Z</time>
      </trkpt>
      <trkpt lat="51.830115" lon="10.796764">
        <ele>332.391796</ele>
        <time>2026-03-09T17:25:44.416Z</time>
      </trkpt>
      <trkpt lat="51.830163" lon="10.796619">
        <ele>330.851197</ele>
        <time>2026-03-09T17:25:46.469Z</time>
      </trkpt>
      <trkpt lat="51.830299" lon="10.796477">
        <ele>328.398270</ele>
        <time>2026-03-09T17:25:49.665Z</time>
      </trkpt>
      <trkpt lat="51.830328" lon="10.796380">
        <ele>327.389067</ele>
        <time>2026-03-09T17:25:50.965Z</time>
      </trkpt>
      <trkpt lat="51.830246" lon="10.796256">
        <ele>325.688158</ele>
        <time>2026-03-09T17:25:53.146Z</time>
      </trkpt>
      <trkpt lat="51.830030" lon="10.796135">
        <ele>322.224041</ele>
        <time>2026-03-09T17:25:57.607Z</time>
      </trkpt>
      <trkpt lat="51.829996" lon="10.796126">
        <ele>321.701918</ele>
        <time>2026-03-09T17:25:58.285Z</time>
      </trkpt>
      <trkpt lat="51.829952" lon="10.796109">
        <ele>321.016348</ele>
        <time>2026-03-09T17:25:59.167Z</time>
      </trkpt>
      <trkpt lat="51.829837" lon="10.795916">
        <ele>318.505388</ele>
        <time>2026-03-09T17:26:02.420Z</time>
      </trkpt>
      <trkpt lat="51.829755" lon="10.795810">
        <ele>316.914802</ele>
        <time>2026-03-09T17:26:04.505Z</time>
      </trkpt>
      <trkpt lat="51.829572" lon="10.795575">
        <ele>313.374182</ele>
        <time>2026-03-09T17:26:09.112Z</time>
      </trkpt>
      <trkpt lat="51.829524" lon="10.795466">
        <ele>311.976858</ele>
        <time>2026-03-09T17:26:10.752Z</time>
      </trkpt>
      <trkpt lat="51.829403" lon="10.795203">
        <ele>308.083135</ele>
        <time>2026-03-09T17:26:12.984Z</time>
      </trkpt>
      <trkpt lat="51.829433" lon="10.795726">
        <ele>301.845515</ele>
        <time>2026-03-09T17:26:16.565Z</time>
      </trkpt>
      <trkpt lat="51.829410" lon="10.795922">
        <ele>299.476314</ele>
        <time>2026-03-09T17:26:17.926Z</time>
      </trkpt>
      <trkpt lat="51.829344" lon="10.796068">
        <ele>297.328139</ele>
        <time>2026-03-09T17:26:19.158Z</time>
      </trkpt>
      <trkpt lat="51.829176" lon="10.796262">
        <ele>293.362078</ele>
        <time>2026-03-09T17:26:21.456Z</time>
      </trkpt>
      <trkpt lat="51.829075" lon="10.796184">
        <ele>291.211545</ele>
        <time>2026-03-09T17:26:23.694Z</time>
      </trkpt>
      <trkpt lat="51.829020" lon="10.796112">
        <ele>289.852096</ele>
        <time>2026-03-09T17:26:25.100Z</time>
      </trkpt>
      <trkpt lat="51.828944" lon="10.796012">
        <ele>287.969776</ele>
        <time>2026-03-09T17:26:27.067Z</time>
      </trkpt>
      <trkpt lat="51.828913" lon="10.796012">
        <ele>287.374080</ele>
        <time>2026-03-09T17:26:27.666Z</time>
      </trkpt>
      <trkpt lat="51.828834" lon="10.796108">
        <ele>285.475588</ele>
        <time>2026-03-09T17:26:39.968Z</time>
      </trkpt>
      <trkpt lat="51.828448" lon="10.796453">
        <ele>277.503844</ele>
        <time>2026-03-09T17:26:48.691Z</time>
      </trkpt>
      <trkpt lat="51.828422" lon="10.796506">
        <ele>277.069427</ele>
        <time>2026-03-09T17:26:49.514Z</time>
      </trkpt>
      <trkpt lat="51.828306" lon="10.796551">
        <ele>275.830291</ele>
        <time>2026-03-09T17:26:51.858Z</time>
      </trkpt>
      <trkpt lat="51.828251" lon="10.796547">
        <ele>275.258384</ele>
        <time>2026-03-09T17:26:52.935Z</time>
      </trkpt>
      <trkpt lat="51.828170" lon="10.796542">
        <ele>274.416357</ele>
        <time>2026-03-09T17:26:54.517Z</time>
      </trkpt>
      <trkpt lat="51.827956" lon="10.796436">
        <ele>272.091533</ele>
        <time>2026-03-09T17:26:58.966Z</time>
      </trkpt>
      <trkpt lat="51.827874" lon="10.796410">
        <ele>271.223530</ele>
        <time>2026-03-09T17:27:00.661Z</time>
      </trkpt>
      <trkpt lat="51.827808" lon="10.796427">
        <ele>270.529300</ele>
        <time>2026-03-09T17:27:08.905Z</time>
      </trkpt>
      <trkpt lat="51.827760" lon="10.796090">
        <ele>268.309059</ele>
        <time>2026-03-09T17:27:11.408Z</time>
      </trkpt>
      <trkpt lat="51.827758" lon="10.795874">
        <ele>266.922190</ele>
        <time>2026-03-09T17:27:13.014Z</time>
      </trkpt>
      <trkpt lat="51.827800" lon="10.795233">
        <ele>262.783930</ele>
        <time>2026-03-09T17:27:18.080Z</time>
      </trkpt>
      <trkpt lat="51.827845" lon="10.794645">
        <ele>259.387852</ele>
        <time>2026-03-09T17:27:23.672Z</time>
      </trkpt>
      <trkpt lat="51.827855" lon="10.794507">
        <ele>259.340908</ele>
        <time>2026-03-09T17:27:25.521Z</time>
      </trkpt>
      <trkpt lat="51.827816" lon="10.794137">
        <ele>259.214095</ele>
        <time>2026-03-09T17:27:30.738Z</time>
      </trkpt>
      <trkpt lat="51.827760" lon="10.793880">
        <ele>259.122026</ele>
        <time>2026-03-09T17:27:34.827Z</time>
      </trkpt>
      <trkpt lat="51.827736" lon="10.793743">
        <ele>259.073916</ele>
        <time>2026-03-09T17:27:36.869Z</time>
      </trkpt>
      <trkpt lat="51.827751" lon="10.793523">
        <ele>258.999136</ele>
        <time>2026-03-09T17:27:39.955Z</time>
      </trkpt>
      <trkpt lat="51.827755" lon="10.793433">
        <ele>258.968650</ele>
        <time>2026-03-09T17:27:41.218Z</time>
      </trkpt>
      <trkpt lat="51.827766" lon="10.793290">
        <ele>258.919963</ele>
        <time>2026-03-09T17:27:43.179Z</time>
      </trkpt>
      <trkpt lat="51.827819" lon="10.792737">
        <ele>258.730893</ele>
        <time>2026-03-09T17:27:50.484Z</time>
      </trkpt>
      <trkpt lat="51.827966" lon="10.792515">
        <ele>258.620968</ele>
        <time>2026-03-09T17:27:54.277Z</time>
      </trkpt>
      <trkpt lat="51.828485" lon="10.791190">
        <ele>259.047024</ele>
        <time>2026-03-09T17:28:10.089Z</time>
      </trkpt>
      <trkpt lat="51.828715" lon="10.790878">
        <ele>259.349451</ele>
        <time>2026-03-09T17:28:15.608Z</time>
      </trkpt>
      <trkpt lat="51.828936" lon="10.790716">
        <ele>259.593925</ele>
        <time>2026-03-09T17:28:20.981Z</time>
      </trkpt>
      <trkpt lat="51.828887" lon="10.790666">
        <ele>259.652298</ele>
        <time>2026-03-09T17:28:22.673Z</time>
      </trkpt>
      <trkpt lat="51.828829" lon="10.790591">
        <ele>259.727111</ele>
        <time>2026-03-09T17:28:24.578Z</time>
      </trkpt>
      <trkpt lat="51.828807" lon="10.790564">
        <ele>259.754934</ele>
        <time>2026-03-09T17:28:25.383Z</time>
      </trkpt>
      <trkpt lat="51.828408" lon="10.790035">
        <ele>260.483068</ele>
        <time>2026-03-09T17:28:43.311Z</time>
      </trkpt>
      <trkpt lat="51.828357" lon="10.789714">
        <ele>261.914887</ele>
        <time>2026-03-09T17:28:52.537Z</time>
      </trkpt>
      <trkpt lat="51.828119" lon="10.788675">
        <ele>266.701804</ele>
        <time>2026-03-09T17:29:30.731Z</time>
      </trkpt>
      <trkpt lat="51.828086" lon="10.788547">
        <ele>267.300956</ele>
        <time>2026-03-09T17:29:35.802Z</time>
      </trkpt>
      <trkpt lat="51.827939" lon="10.788132">
        <ele>269.367374</ele>
        <time>2026-03-09T17:29:53.115Z</time>
      </trkpt>
      <trkpt lat="51.827730" lon="10.787886">
        <ele>271.173959</ele>
        <time>2026-03-09T17:30:08.522Z</time>
      </trkpt>
      <trkpt lat="51.827611" lon="10.787707">
        <ele>272.309705</ele>
        <time>2026-03-09T17:30:18.522Z</time>
      </trkpt>
      <trkpt lat="51.827368" lon="10.787707">
        <ele>274.561542</ele>
        <time>2026-03-09T17:30:33.760Z</time>
      </trkpt>
      <trkpt lat="51.826611" lon="10.787682">
        <ele>282.302483</ele>
        <time>2026-03-09T17:31:21.128Z</time>
      </trkpt>
      <trkpt lat="51.826197" lon="10.787705">
        <ele>286.537583</ele>
        <time>2026-03-09T17:31:51.152Z</time>
      </trkpt>
      <trkpt lat="51.825972" lon="10.787719">
        <ele>288.839613</ele>
        <time>2026-03-09T17:32:08.582Z</time>
      </trkpt>
      <trkpt lat="51.825814" lon="10.787708">
        <ele>290.456449</ele>
        <time>2026-03-09T17:32:21.619Z</time>
      </trkpt>
      <trkpt lat="51.825712" lon="10.786846">
        <ele>297.849678</ele>
        <time>2026-03-09T17:33:10.009Z</time>
      </trkpt>
      <trkpt lat="51.825631" lon="10.786471">
        <ele>301.325679</ele>
        <time>2026-03-09T17:33:32.832Z</time>
      </trkpt>
      <trkpt lat="51.825469" lon="10.785886">
        <ele>306.934986</ele>
        <time>2026-03-09T17:34:10.484Z</time>
      </trkpt>
      <trkpt lat="51.825426" lon="10.785523">
        <ele>310.169193</ele>
        <time>2026-03-09T17:34:32.270Z</time>
      </trkpt>
      <trkpt lat="51.825412" lon="10.784858">
        <ele>315.991583</ele>
        <time>2026-03-09T17:35:11.883Z</time>
      </trkpt>
      <trkpt lat="51.825386" lon="10.784735">
        <ele>317.093931</ele>
        <time>2026-03-09T17:35:19.364Z</time>
      </trkpt>
      <trkpt lat="51.825374" lon="10.784659">
        <ele>317.728202</ele>
        <time>2026-03-09T17:35:23.757Z</time>
      </trkpt>
      <trkpt lat="51.825296" lon="10.784389">
        <ele>320.138135</ele>
        <time>2026-03-09T17:35:42.064Z</time>
      </trkpt>
      <trkpt lat="51.825178" lon="10.784259">
        <ele>322.005814</ele>
        <time>2026-03-09T17:35:55.559Z</time>
      </trkpt>
      <trkpt lat="51.824936" lon="10.784126">
        <ele>325.349529</ele>
        <time>2026-03-09T17:36:18.423Z</time>
      </trkpt>
      <trkpt lat="51.824618" lon="10.784134">
        <ele>329.510375</ele>
        <time>2026-03-09T17:36:47.602Z</time>
      </trkpt>
      <trkpt lat="51.824180" lon="10.784848">
        <ele>337.644848</ele>
        <time>2026-03-09T17:37:48.494Z</time>
      </trkpt>
      <trkpt lat="51.824090" lon="10.784891">
        <ele>338.872570</ele>
        <time>2026-03-09T17:37:57.606Z</time>
      </trkpt>
      <trkpt lat="51.823817" lon="10.784821">
        <ele>342.743395</ele>
        <time>2026-03-09T17:38:24.906Z</time>
      </trkpt>
      <trkpt lat="51.823634" lon="10.784762">
        <ele>345.455918</ele>
        <time>2026-03-09T17:38:43.710Z</time>
      </trkpt>
      <trkpt lat="51.823329" lon="10.784729">
        <ele>349.899519</ele>
        <time>2026-03-09T17:39:16.094Z</time>
      </trkpt>
      <trkpt lat="51.823067" lon="10.784752">
        <ele>353.713741</ele>
        <time>2026-03-09T17:39:45.472Z</time>
      </trkpt>
      <trkpt lat="51.822929" lon="10.784791">
        <ele>355.750183</ele>
        <time>2026-03-09T17:40:01.461Z</time>
      </trkpt>
      <trkpt lat="51.822840" lon="10.784776">
        <ele>357.050952</ele>
        <time>2026-03-09T17:40:11.740Z</time>
      </trkpt>
      <trkpt lat="51.822726" lon="10.784712">
        <ele>358.805073</ele>
        <time>2026-03-09T17:40:25.182Z</time>
      </trkpt>
      <trkpt lat="51.822607" lon="10.784589">
        <ele>360.857838</ele>
        <time>2026-03-09T17:40:39.984Z</time>
      </trkpt>
      <trkpt lat="51.822521" lon="10.784410">
        <ele>362.894905</ele>
        <time>2026-03-09T17:40:54.227Z</time>
      </trkpt>
      <trkpt lat="51.822421" lon="10.784076">
        <ele>366.229481</ele>
        <time>2026-03-09T17:41:18.332Z</time>
      </trkpt>
      <trkpt lat="51.822196" lon="10.783164">
        <ele>371.400901</ele>
        <time>2026-03-09T17:42:21.101Z</time>
      </trkpt>
      <trkpt lat="51.822133" lon="10.782913">
        <ele>372.814381</ele>
        <time>2026-03-09T17:42:35.627Z</time>
      </trkpt>
      <trkpt lat="51.821965" lon="10.782744">
        <ele>374.484312</ele>
        <time>2026-03-09T17:42:51.285Z</time>
      </trkpt>
      <trkpt lat="51.821838" lon="10.782503">
        <ele>376.136728</ele>
        <time>2026-03-09T17:43:04.809Z</time>
      </trkpt>
      <trkpt lat="51.821719" lon="10.782365">
        <ele>377.372653</ele>
        <time>2026-03-09T17:43:13.585Z</time>
      </trkpt>
      <trkpt lat="51.821330" lon="10.781263">
        <ele>382.318555</ele>
        <time>2026-03-09T17:43:47.014Z</time>
      </trkpt>
      <trkpt lat="51.821276" lon="10.781008">
        <ele>382.769911</ele>
        <time>2026-03-09T17:43:51.762Z</time>
      </trkpt>
      <trkpt lat="51.821047" lon="10.780284">
        <ele>384.131746</ele>
        <time>2026-03-09T17:44:06.292Z</time>
      </trkpt>
      <trkpt lat="51.820883" lon="10.779887">
        <ele>384.931313</ele>
        <time>2026-03-09T17:44:16.985Z</time>
      </trkpt>
      <trkpt lat="51.820730" lon="10.779931">
        <ele>385.352289</ele>
        <time>2026-03-09T17:44:23.575Z</time>
      </trkpt>
      <trkpt lat="51.820649" lon="10.780012">
        <ele>385.610255</ele>
        <time>2026-03-09T17:44:28.224Z</time>
      </trkpt>
      <trkpt lat="51.820005" lon="10.781190">
        <ele>394.836358</ele>
        <time>2026-03-09T17:45:45.249Z</time>
      </trkpt>
      <trkpt lat="51.819719" lon="10.781644">
        <ele>399.801795</ele>
        <time>2026-03-09T17:46:27.862Z</time>
      </trkpt>
      <trkpt lat="51.819399" lon="10.782014">
        <ele>404.676054</ele>
        <time>2026-03-09T17:47:10.579Z</time>
      </trkpt>
      <trkpt lat="51.818867" lon="10.782630">
        <ele>413.465406</ele>
        <time>2026-03-09T17:48:21.943Z</time>
      </trkpt>
      <trkpt lat="51.818740" lon="10.782761">
        <ele>415.642781</ele>
        <time>2026-03-09T17:48:37.361Z</time>
      </trkpt>
      <trkpt lat="51.818641" lon="10.782789">
        <ele>417.095640</ele>
        <time>2026-03-09T17:48:47.661Z</time>
      </trkpt>
      <trkpt lat="51.818358" lon="10.782843">
        <ele>421.215071</ele>
        <time>2026-03-09T17:49:16.472Z</time>
      </trkpt>
      <trkpt lat="51.818248" lon="10.782824">
        <ele>422.814279</ele>
        <time>2026-03-09T17:49:27.623Z</time>
      </trkpt>
      <trkpt lat="51.817432" lon="10.783467">
        <ele>435.660683</ele>
        <time>2026-03-09T17:51:03.965Z</time>
      </trkpt>
      <trkpt lat="51.817177" lon="10.783591">
        <ele>438.660769</ele>
        <time>2026-03-09T17:51:31.445Z</time>
      </trkpt>
      <trkpt lat="51.816904" lon="10.783639">
        <ele>441.754777</ele>
        <time>2026-03-09T17:51:59.076Z</time>
      </trkpt>
      <trkpt lat="51.816652" lon="10.783560">
        <ele>444.646888</ele>
        <time>2026-03-09T17:52:23.781Z</time>
      </trkpt>
      <trkpt lat="51.816582" lon="10.783510">
        <ele>445.509043</ele>
        <time>2026-03-09T17:52:30.604Z</time>
      </trkpt>
      <trkpt lat="51.816461" lon="10.783426">
        <ele>446.992589</ele>
        <time>2026-03-09T17:52:42.236Z</time>
      </trkpt>
      <trkpt lat="51.816165" lon="10.783149">
        <ele>450.845479</ele>
        <time>2026-03-09T17:53:11.119Z</time>
      </trkpt>
      <trkpt lat="51.815910" lon="10.782910">
        <ele>454.165982</ele>
        <time>2026-03-09T17:53:33.512Z</time>
      </trkpt>
      <trkpt lat="51.815713" lon="10.782763">
        <ele>455.139961</ele>
        <time>2026-03-09T17:53:48.181Z</time>
      </trkpt>
      <trkpt lat="51.815623" lon="10.782536">
        <ele>455.349676</ele>
        <time>2026-03-09T17:53:57.618Z</time>
      </trkpt>
      <trkpt lat="51.815754" lon="10.782247">
        <ele>455.628364</ele>
        <time>2026-03-09T17:54:09.120Z</time>
      </trkpt>
      <trkpt lat="51.815811" lon="10.782050">
        <ele>455.797512</ele>
        <time>2026-03-09T17:54:15.377Z</time>
      </trkpt>
      <trkpt lat="51.815873" lon="10.781898">
        <ele>455.939129</ele>
        <time>2026-03-09T17:54:20.307Z</time>
      </trkpt>
      <trkpt lat="51.815949" lon="10.781909">
        <ele>456.035116</ele>
        <time>2026-03-09T17:54:23.642Z</time>
      </trkpt>
      <trkpt lat="51.816014" lon="10.781866">
        <ele>456.123456</ele>
        <time>2026-03-09T17:54:26.352Z</time>
      </trkpt>
      <trkpt lat="51.816070" lon="10.781777">
        <ele>456.222212</ele>
        <time>2026-03-09T17:54:29.332Z</time>
      </trkpt>
      <trkpt lat="51.816190" lon="10.781682">
        <ele>456.390276</ele>
        <time>2026-03-09T17:54:33.521Z</time>
      </trkpt>
      <trkpt lat="51.816212" lon="10.781609">
        <ele>456.453431</ele>
        <time>2026-03-09T17:54:34.975Z</time>
      </trkpt>
      <trkpt lat="51.816346" lon="10.781431">
        <ele>456.671548</ele>
        <time>2026-03-09T17:54:39.770Z</time>
      </trkpt>
      <trkpt lat="51.816251" lon="10.781357">
        <ele>456.804188</ele>
        <time>2026-03-09T17:54:41.562Z</time>
      </trkpt>
      <trkpt lat="51.816153" lon="10.781163">
        <ele>456.999016</ele>
        <time>2026-03-09T17:54:44.059Z</time>
      </trkpt>
      <trkpt lat="51.816081" lon="10.780731">
        <ele>456.585272</ele>
        <time>2026-03-09T17:54:48.367Z</time>
      </trkpt>
      <trkpt lat="51.816018" lon="10.780543">
        <ele>455.771031</ele>
        <time>2026-03-09T17:54:50.367Z</time>
      </trkpt>
      <trkpt lat="51.815812" lon="10.780052">
        <ele>453.511582</ele>
        <time>2026-03-09T17:54:55.776Z</time>
      </trkpt>
      <trkpt lat="51.815689" lon="10.779842">
        <ele>452.410074</ele>
        <time>2026-03-09T17:54:58.357Z</time>
      </trkpt>
      <trkpt lat="51.815556" lon="10.779606">
        <ele>451.194111</ele>
        <time>2026-03-09T17:55:01.173Z</time>
      </trkpt>
      <trkpt lat="51.815447" lon="10.779292">
        <ele>449.822904</ele>
        <time>2026-03-09T17:55:04.315Z</time>
      </trkpt>
      <trkpt lat="51.815366" lon="10.778452">
        <ele>446.585781</ele>
        <time>2026-03-09T17:55:11.762Z</time>
      </trkpt>
      <trkpt lat="51.815262" lon="10.777760">
        <ele>442.969163</ele>
        <time>2026-03-09T17:55:18.363Z</time>
      </trkpt>
      <trkpt lat="51.815257" lon="10.777057">
        <ele>439.222737</ele>
        <time>2026-03-09T17:55:24.615Z</time>
      </trkpt>
      <trkpt lat="51.815260" lon="10.777000">
        <ele>438.917894</ele>
        <time>2026-03-09T17:55:25.116Z</time>
      </trkpt>
      <trkpt lat="51.815382" lon="10.776888">
        <ele>437.708704</ele>
        <time>2026-03-09T17:55:34.866Z</time>
      </trkpt>
      <trkpt lat="51.815260" lon="10.777000">
        <ele>436.499514</ele>
        <time>2026-03-09T17:55:44.621Z</time>
      </trkpt>
      <trkpt lat="51.815288" lon="10.776801">
        <ele>435.411954</ele>
        <time>2026-03-09T17:55:46.340Z</time>
      </trkpt>
      <trkpt lat="51.815320" lon="10.776576">
        <ele>434.181644</ele>
        <time>2026-03-09T17:55:48.271Z</time>
      </trkpt>
      <trkpt lat="51.815331" lon="10.776352">
        <ele>432.984224</ele>
        <time>2026-03-09T17:55:49.922Z</time>
      </trkpt>
      <trkpt lat="51.815322" lon="10.775846">
        <ele>430.166917</ele>
        <time>2026-03-09T17:55:53.613Z</time>
      </trkpt>
      <trkpt lat="51.815293" lon="10.775638">
        <ele>428.640005</ele>
        <time>2026-03-09T17:55:55.159Z</time>
      </trkpt>
      <trkpt lat="51.815241" lon="10.775411">
        <ele>426.906429</ele>
        <time>2026-03-09T17:55:56.906Z</time>
      </trkpt>
      <trkpt lat="51.815027" lon="10.774849">
        <ele>422.179704</ele>
        <time>2026-03-09T17:56:01.589Z</time>
      </trkpt>
      <trkpt lat="51.814931" lon="10.774369">
        <ele>418.566962</ele>
        <time>2026-03-09T17:56:05.186Z</time>
      </trkpt>
      <trkpt lat="51.814888" lon="10.773826">
        <ele>414.646698</ele>
        <time>2026-03-09T17:56:09.145Z</time>
      </trkpt>
      <trkpt lat="51.814898" lon="10.773693">
        <ele>413.687250</ele>
        <time>2026-03-09T17:56:10.123Z</time>
      </trkpt>
      <trkpt lat="51.814927" lon="10.773463">
        <ele>412.006282</ele>
        <time>2026-03-09T17:56:11.848Z</time>
      </trkpt>
      <trkpt lat="51.814763" lon="10.772974">
        <ele>408.789327</ele>
        <time>2026-03-09T17:56:16.535Z</time>
      </trkpt>
      <trkpt lat="51.814639" lon="10.772969">
        <ele>407.972385</ele>
        <time>2026-03-09T17:56:19.265Z</time>
      </trkpt>
      <trkpt lat="51.814563" lon="10.772800">
        <ele>407.121477</ele>
        <time>2026-03-09T17:56:22.112Z</time>
      </trkpt>
      <trkpt lat="51.814505" lon="10.772577">
        <ele>406.136415</ele>
        <time>2026-03-09T17:56:25.436Z</time>
      </trkpt>
      <trkpt lat="51.814459" lon="10.772021">
        <ele>403.852393</ele>
        <time>2026-03-09T17:56:33.315Z</time>
      </trkpt>
      <trkpt lat="51.814292" lon="10.771844">
        <ele>402.537419</ele>
        <time>2026-03-09T17:56:38.009Z</time>
      </trkpt>
      <trkpt lat="51.814197" lon="10.771641">
        <ele>401.500755</ele>
        <time>2026-03-09T17:56:41.749Z</time>
      </trkpt>
      <trkpt lat="51.814062" lon="10.770939">
        <ele>398.507333</ele>
        <time>2026-03-09T17:56:52.609Z</time>
      </trkpt>
      <trkpt lat="51.813973" lon="10.770014">
        <ele>397.517077</ele>
        <time>2026-03-09T17:57:07.825Z</time>
      </trkpt>
      <trkpt lat="51.814017" lon="10.769759">
        <ele>397.372567</ele>
        <time>2026-03-09T17:57:12.673Z</time>
      </trkpt>
      <trkpt lat="51.814175" lon="10.769180">
        <ele>397.027104</ele>
        <time>2026-03-09T17:57:25.210Z</time>
      </trkpt>
      <trkpt lat="51.814222" lon="10.768759">
        <ele>396.793588</ele>
        <time>2026-03-09T17:57:35.156Z</time>
      </trkpt>
      <trkpt lat="51.814210" lon="10.768232">
        <ele>396.505735</ele>
        <time>2026-03-09T17:57:48.381Z</time>
      </trkpt>
      <trkpt lat="51.814072" lon="10.766787">
        <ele>393.606703</ele>
        <time>2026-03-09T17:58:15.714Z</time>
      </trkpt>
      <trkpt lat="51.814058" lon="10.766459">
        <ele>392.854358</ele>
        <time>2026-03-09T17:58:20.805Z</time>
      </trkpt>
      <trkpt lat="51.814052" lon="10.766009">
        <ele>391.824389</ele>
        <time>2026-03-09T17:58:27.474Z</time>
      </trkpt>
      <trkpt lat="51.814185" lon="10.764700">
        <ele>387.706682</ele>
        <time>2026-03-09T17:58:45.983Z</time>
      </trkpt>
      <trkpt lat="51.814161" lon="10.763865">
        <ele>383.542440</ele>
        <time>2026-03-09T17:58:57.546Z</time>
      </trkpt>
      <trkpt lat="51.814077" lon="10.763565">
        <ele>381.901775</ele>
        <time>2026-03-09T17:59:02.090Z</time>
      </trkpt>
      <trkpt lat="51.814062" lon="10.763117">
        <ele>379.666682</ele>
        <time>2026-03-09T17:59:08.261Z</time>
      </trkpt>
      <trkpt lat="51.814141" lon="10.762636">
        <ele>377.187343</ele>
        <time>2026-03-09T17:59:15.030Z</time>
      </trkpt>
      <trkpt lat="51.814150" lon="10.762111">
        <ele>374.412442</ele>
        <time>2026-03-09T17:59:22.124Z</time>
      </trkpt>
      <trkpt lat="51.814185" lon="10.761863">
        <ele>372.833003</ele>
        <time>2026-03-09T17:59:25.552Z</time>
      </trkpt>
      <trkpt lat="51.814234" lon="10.761577">
        <ele>370.990308</ele>
        <time>2026-03-09T17:59:29.563Z</time>
      </trkpt>
      <trkpt lat="51.814312" lon="10.761372">
        <ele>369.495717</ele>
        <time>2026-03-09T17:59:32.794Z</time>
      </trkpt>
      <trkpt lat="51.814427" lon="10.761179">
        <ele>367.831389</ele>
        <time>2026-03-09T17:59:36.396Z</time>
      </trkpt>
      <trkpt lat="51.814511" lon="10.760895">
        <ele>365.876628</ele>
        <time>2026-03-09T17:59:40.582Z</time>
      </trkpt>
      <trkpt lat="51.814482" lon="10.760364">
        <ele>362.566849</ele>
        <time>2026-03-09T17:59:47.630Z</time>
      </trkpt>
      <trkpt lat="51.814444" lon="10.759663">
        <ele>358.197689</ele>
        <time>2026-03-09T17:59:56.834Z</time>
      </trkpt>
      <trkpt lat="51.814399" lon="10.759056">
        <ele>353.875081</ele>
        <time>2026-03-09T18:00:04.782Z</time>
      </trkpt>
      <trkpt lat="51.814298" lon="10.758595">
        <ele>350.256175</ele>
        <time>2026-03-09T18:00:11.113Z</time>
      </trkpt>
      <trkpt lat="51.814041" lon="10.757975">
        <ele>344.732858</ele>
        <time>2026-03-09T18:00:20.658Z</time>
      </trkpt>
      <trkpt lat="51.814007" lon="10.757242">
        <ele>339.293949</ele>
        <time>2026-03-09T18:00:30.042Z</time>
      </trkpt>
      <trkpt lat="51.814018" lon="10.756545">
        <ele>334.552827</ele>
        <time>2026-03-09T18:00:39.054Z</time>
      </trkpt>
      <trkpt lat="51.813895" lon="10.755944">
        <ele>331.184557</ele>
        <time>2026-03-09T18:00:47.376Z</time>
      </trkpt>
      <trkpt lat="51.813871" lon="10.755408">
        <ele>328.325305</ele>
        <time>2026-03-09T18:00:54.580Z</time>
      </trkpt>
      <trkpt lat="51.813819" lon="10.755279">
        <ele>327.505950</ele>
        <time>2026-03-09T18:00:56.665Z</time>
      </trkpt>
      <trkpt lat="51.813808" lon="10.754819">
        <ele>325.056692</ele>
        <time>2026-03-09T18:01:03.015Z</time>
      </trkpt>
      <trkpt lat="51.813839" lon="10.754535">
        <ele>323.522299</ele>
        <time>2026-03-09T18:01:07.078Z</time>
      </trkpt>
      <trkpt lat="51.813812" lon="10.753773">
        <ele>319.775948</ele>
        <time>2026-03-09T18:01:18.094Z</time>
      </trkpt>
      <trkpt lat="51.813808" lon="10.753668">
        <ele>319.474581</ele>
        <time>2026-03-09T18:01:19.640Z</time>
      </trkpt>
      <trkpt lat="51.813851" lon="10.752824">
        <ele>317.048555</ele>
        <time>2026-03-09T18:01:32.373Z</time>
      </trkpt>
      <trkpt lat="51.813878" lon="10.752538">
        <ele>316.219745</ele>
        <time>2026-03-09T18:01:36.832Z</time>
      </trkpt>
      <trkpt lat="51.813934" lon="10.752348">
        <ele>315.616755</ele>
        <time>2026-03-09T18:01:40.082Z</time>
      </trkpt>
      <trkpt lat="51.814003" lon="10.752250">
        <ele>315.191259</ele>
        <time>2026-03-09T18:01:42.379Z</time>
      </trkpt>
      <trkpt lat="51.814278" lon="10.752144">
        <ele>313.881272</ele>
        <time>2026-03-09T18:01:49.490Z</time>
      </trkpt>
      <trkpt lat="51.814440" lon="10.751934">
        <ele>312.919280</ele>
        <time>2026-03-09T18:01:54.686Z</time>
      </trkpt>
      <trkpt lat="51.814535" lon="10.751614">
        <ele>311.902359</ele>
        <time>2026-03-09T18:02:00.152Z</time>
      </trkpt>
      <trkpt lat="51.814874" lon="10.751052">
        <ele>308.992292</ele>
        <time>2026-03-09T18:02:11.874Z</time>
      </trkpt>
      <trkpt lat="51.815129" lon="10.750780">
        <ele>307.142965</ele>
        <time>2026-03-09T18:02:18.986Z</time>
      </trkpt>
      <trkpt lat="51.815307" lon="10.750695">
        <ele>306.019297</ele>
        <time>2026-03-09T18:02:23.283Z</time>
      </trkpt>
      <trkpt lat="51.815474" lon="10.750665">
        <ele>305.001991</ele>
        <time>2026-03-09T18:02:27.140Z</time>
      </trkpt>
      <trkpt lat="51.816082" lon="10.750504">
        <ele>301.271899</ele>
        <time>2026-03-09T18:02:41.191Z</time>
      </trkpt>
      <trkpt lat="51.816588" lon="10.750521">
        <ele>298.363623</ele>
        <time>2026-03-09T18:02:52.718Z</time>
      </trkpt>
      <trkpt lat="51.816854" lon="10.750480">
        <ele>296.838908</ele>
        <time>2026-03-09T18:02:58.840Z</time>
      </trkpt>
      <trkpt lat="51.817076" lon="10.750397">
        <ele>295.538745</ele>
        <time>2026-03-09T18:03:04.144Z</time>
      </trkpt>
      <trkpt lat="51.817192" lon="10.750346">
        <ele>294.852818</ele>
        <time>2026-03-09T18:03:07.018Z</time>
      </trkpt>
      <trkpt lat="51.817601" lon="10.750023">
        <ele>292.255735</ele>
        <time>2026-03-09T18:03:17.810Z</time>
      </trkpt>
      <trkpt lat="51.817920" lon="10.749864">
        <ele>290.580736</ele>
        <time>2026-03-09T18:03:25.995Z</time>
      </trkpt>
      <trkpt lat="51.818237" lon="10.749890">
        <ele>290.137861</ele>
        <time>2026-03-09T18:03:34.128Z</time>
      </trkpt>
      <trkpt lat="51.818455" lon="10.750018">
        <ele>289.814272</ele>
        <time>2026-03-09T18:03:37.557Z</time>
      </trkpt>
      <trkpt lat="51.818456" lon="10.749905">
        <ele>289.716799</ele>
        <time>2026-03-09T18:03:38.632Z</time>
      </trkpt>
      <trkpt lat="51.818035" lon="10.748276">
        <ele>288.193918</ele>
        <time>2026-03-09T18:03:57.947Z</time>
      </trkpt>
      <trkpt lat="51.817745" lon="10.747055">
        <ele>289.971041</ele>
        <time>2026-03-09T18:04:21.640Z</time>
      </trkpt>
      <trkpt lat="51.817678" lon="10.746766">
        <ele>290.421162</ele>
        <time>2026-03-09T18:04:27.859Z</time>
      </trkpt>
      <trkpt lat="51.817564" lon="10.746277">
        <ele>291.183314</ele>
        <time>2026-03-09T18:04:38.672Z</time>
      </trkpt>
      <trkpt lat="51.817496" lon="10.745940">
        <ele>291.700292</ele>
        <time>2026-03-09T18:04:46.212Z</time>
      </trkpt>
      <trkpt lat="51.817458" lon="10.745791">
        <ele>291.935350</ele>
        <time>2026-03-09T18:04:49.788Z</time>
      </trkpt>
      <trkpt lat="51.816977" lon="10.743716">
        <ele>296.902353</ele>
        <time>2026-03-09T18:05:40.849Z</time>
      </trkpt>
      <trkpt lat="51.816810" lon="10.743077">
        <ele>298.545938</ele>
        <time>2026-03-09T18:05:59.482Z</time>
      </trkpt>
      <trkpt lat="51.816644" lon="10.742268">
        <ele>298.875739</ele>
        <time>2026-03-09T18:06:22.512Z</time>
      </trkpt>
      <trkpt lat="51.816551" lon="10.741708">
        <ele>298.441153</ele>
        <time>2026-03-09T18:06:32.403Z</time>
      </trkpt>
      <trkpt lat="51.816518" lon="10.741369">
        <ele>298.183951</ele>
        <time>2026-03-09T18:06:35.858Z</time>
      </trkpt>
      <trkpt lat="51.816483" lon="10.741069">
        <ele>297.955139</ele>
        <time>2026-03-09T18:06:38.653Z</time>
      </trkpt>
      <trkpt lat="51.816440" lon="10.740738">
        <ele>297.701644</ele>
        <time>2026-03-09T18:06:41.574Z</time>
      </trkpt>
      <trkpt lat="51.816444" lon="10.740591">
        <ele>297.591365</ele>
        <time>2026-03-09T18:06:42.795Z</time>
      </trkpt>
      <trkpt lat="51.816484" lon="10.740484">
        <ele>297.497648</ele>
        <time>2026-03-09T18:06:43.955Z</time>
      </trkpt>
      <trkpt lat="51.816742" lon="10.740094">
        <ele>297.030374</ele>
        <time>2026-03-09T18:06:49.131Z</time>
      </trkpt>
      <trkpt lat="51.816923" lon="10.740032">
        <ele>296.528166</ele>
        <time>2026-03-09T18:06:51.804Z</time>
      </trkpt>
      <trkpt lat="51.817029" lon="10.739922">
        <ele>296.186319</ele>
        <time>2026-03-09T18:06:53.596Z</time>
      </trkpt>
      <trkpt lat="51.816998" lon="10.739876">
        <ele>296.072131</ele>
        <time>2026-03-09T18:06:54.144Z</time>
      </trkpt>
      <trkpt lat="51.817043" lon="10.739788">
        <ele>295.880493</ele>
        <time>2026-03-09T18:06:55.149Z</time>
      </trkpt>
      <trkpt lat="51.817051" lon="10.739719">
        <ele>295.762692</ele>
        <time>2026-03-09T18:06:55.692Z</time>
      </trkpt>
      <trkpt lat="51.817052" lon="10.739691">
        <ele>295.715630</ele>
        <time>2026-03-09T18:06:55.920Z</time>
      </trkpt>
      <trkpt lat="51.817457" lon="10.739534">
        <ele>294.585154</ele>
        <time>2026-03-09T18:07:02.079Z</time>
      </trkpt>
      <trkpt lat="51.817551" lon="10.739468">
        <ele>294.306999</ele>
        <time>2026-03-09T18:07:03.774Z</time>
      </trkpt>
      <trkpt lat="51.817660" lon="10.739321">
        <ele>293.921792</ele>
        <time>2026-03-09T18:07:06.370Z</time>
      </trkpt>
      <trkpt lat="51.817884" lon="10.739203">
        <ele>293.282330</ele>
        <time>2026-03-09T18:07:11.760Z</time>
      </trkpt>
      <trkpt lat="51.818056" lon="10.739001">
        <ele>292.705383</ele>
        <time>2026-03-09T18:07:18.214Z</time>
      </trkpt>
      <trkpt lat="51.818090" lon="10.738846">
        <ele>292.429410</ele>
        <time>2026-03-09T18:07:21.403Z</time>
      </trkpt>
      <trkpt lat="51.818219" lon="10.738743">
        <ele>292.430732</ele>
        <time>2026-03-09T18:07:26.100Z</time>
      </trkpt>
      <trkpt lat="51.817907" lon="10.738347">
        <ele>293.698546</ele>
        <time>2026-03-09T18:07:40.196Z</time>
      </trkpt>
      <trkpt lat="51.817040" lon="10.737667">
        <ele>296.778905</ele>
        <time>2026-03-09T18:08:17.887Z</time>
      </trkpt>
      <trkpt lat="51.816809" lon="10.737486">
        <ele>297.599474</ele>
        <time>2026-03-09T18:08:27.886Z</time>
      </trkpt>
      <trkpt lat="51.815258" lon="10.736752">
        <ele>303.469626</ele>
        <time>2026-03-09T18:09:35.396Z</time>
      </trkpt>
      <trkpt lat="51.814831" lon="10.736582">
        <ele>304.984937</ele>
        <time>2026-03-09T18:09:50.598Z</time>
      </trkpt>
      <trkpt lat="51.814339" lon="10.736468">
        <ele>306.467043</ele>
        <time>2026-03-09T18:10:06.418Z</time>
      </trkpt>
      <trkpt lat="51.814001" lon="10.736316">
        <ele>307.513176</ele>
        <time>2026-03-09T18:10:17.420Z</time>
      </trkpt>
      <trkpt lat="51.813233" lon="10.735880">
        <ele>309.943693</ele>
        <time>2026-03-09T18:10:49.060Z</time>
      </trkpt>
      <trkpt lat="51.812443" lon="10.735316">
        <ele>313.152370</ele>
        <time>2026-03-09T18:11:26.796Z</time>
      </trkpt>
      <trkpt lat="51.811340" lon="10.734810">
        <ele>317.635848</ele>
        <time>2026-03-09T18:12:10.524Z</time>
      </trkpt>
      <trkpt lat="51.810987" lon="10.734537">
        <ele>319.494219</ele>
        <time>2026-03-09T18:12:23.956Z</time>
      </trkpt>
      <trkpt lat="51.810946" lon="10.734590">
        <ele>319.743500</ele>
        <time>2026-03-09T18:12:26.343Z</time>
      </trkpt>
      <trkpt lat="51.810925" lon="10.734611">
        <ele>319.860763</ele>
        <time>2026-03-09T18:12:27.244Z</time>
      </trkpt>
      <trkpt lat="51.810712" lon="10.734268">
        <ele>321.288305</ele>
        <time>2026-03-09T18:12:39.125Z</time>
      </trkpt>
      <trkpt lat="51.810396" lon="10.733496">
        <ele>324.007048</ele>
        <time>2026-03-09T18:13:06.047Z</time>
      </trkpt>
      <trkpt lat="51.809977" lon="10.732473">
        <ele>329.803593</ele>
        <time>2026-03-09T18:13:54.277Z</time>
      </trkpt>
      <trkpt lat="51.809505" lon="10.731402">
        <ele>337.111913</ele>
        <time>2026-03-09T18:15:01.821Z</time>
      </trkpt>
      <trkpt lat="51.809272" lon="10.730798">
        <ele>341.067858</ele>
        <time>2026-03-09T18:15:36.555Z</time>
      </trkpt>
      <trkpt lat="51.809094" lon="10.730221">
        <ele>344.530138</ele>
        <time>2026-03-09T18:16:05.392Z</time>
      </trkpt>
      <trkpt lat="51.808990" lon="10.729736">
        <ele>347.279193</ele>
        <time>2026-03-09T18:16:27.040Z</time>
      </trkpt>
      <trkpt lat="51.808825" lon="10.728889">
        <ele>352.034895</ele>
        <time>2026-03-09T18:17:06.714Z</time>
      </trkpt>
      <trkpt lat="51.808759" lon="10.728342">
        <ele>355.019477</ele>
        <time>2026-03-09T18:17:32.687Z</time>
      </trkpt>
      <trkpt lat="51.808638" lon="10.727505">
        <ele>360.377301</ele>
        <time>2026-03-09T18:18:16.429Z</time>
      </trkpt>
      <trkpt lat="51.808295" lon="10.724916">
        <ele>378.502331</ele>
        <time>2026-03-09T18:20:43.355Z</time>
      </trkpt>
      <trkpt lat="51.808246" lon="10.724673">
        <ele>380.271599</ele>
        <time>2026-03-09T18:20:57.057Z</time>
      </trkpt>
      <trkpt lat="51.807773" lon="10.723536">
        <ele>389.757725</ele>
        <time>2026-03-09T18:22:13.477Z</time>
      </trkpt>
      <trkpt lat="51.807701" lon="10.723226">
        <ele>392.050009</ele>
        <time>2026-03-09T18:22:32.507Z</time>
      </trkpt>
      <trkpt lat="51.807622" lon="10.721686">
        <ele>401.268974</ele>
        <time>2026-03-09T18:23:52.968Z</time>
      </trkpt>
      <trkpt lat="51.807643" lon="10.721380">
        <ele>402.859302</ele>
        <time>2026-03-09T18:24:07.081Z</time>
      </trkpt>
      <trkpt lat="51.807675" lon="10.720989">
        <ele>404.896601</ele>
        <time>2026-03-09T18:24:23.891Z</time>
      </trkpt>
      <trkpt lat="51.807677" lon="10.720494">
        <ele>407.453541</ele>
        <time>2026-03-09T18:24:44.058Z</time>
      </trkpt>
      <trkpt lat="51.807652" lon="10.720342">
        <ele>408.265990</ele>
        <time>2026-03-09T18:24:50.290Z</time>
      </trkpt>
      <trkpt lat="51.807552" lon="10.720132">
        <ele>409.635146</ele>
        <time>2026-03-09T18:25:00.708Z</time>
      </trkpt>
      <trkpt lat="51.807427" lon="10.719960">
        <ele>411.006228</ele>
        <time>2026-03-09T18:25:11.128Z</time>
      </trkpt>
      <trkpt lat="51.807154" lon="10.719641">
        <ele>414.566388</ele>
        <time>2026-03-09T18:25:33.848Z</time>
      </trkpt>
      <trkpt lat="51.806872" lon="10.719239">
        <ele>418.960388</ele>
        <time>2026-03-09T18:26:03.138Z</time>
      </trkpt>
      <trkpt lat="51.806785" lon="10.719053">
        <ele>420.646021</ele>
        <time>2026-03-09T18:26:15.534Z</time>
      </trkpt>
      <trkpt lat="51.806496" lon="10.718202">
        <ele>427.663285</ele>
        <time>2026-03-09T18:27:13.457Z</time>
      </trkpt>
      <trkpt lat="51.806114" lon="10.717343">
        <ele>436.114142</ele>
        <time>2026-03-09T18:28:24.256Z</time>
      </trkpt>
      <trkpt lat="51.805634" lon="10.716516">
        <ele>447.131129</ele>
        <time>2026-03-09T18:29:45.072Z</time>
      </trkpt>
      <trkpt lat="51.805391" lon="10.715950">
        <ele>453.823927</ele>
        <time>2026-03-09T18:30:33.932Z</time>
      </trkpt>
      <trkpt lat="51.805096" lon="10.715450">
        <ele>460.536559</ele>
        <time>2026-03-09T18:31:22.389Z</time>
      </trkpt>
      <trkpt lat="51.804185" lon="10.714137">
        <ele>477.038229</ele>
        <time>2026-03-09T18:33:26.836Z</time>
      </trkpt>
      <trkpt lat="51.804108" lon="10.714060">
        <ele>478.255075</ele>
        <time>2026-03-09T18:33:34.888Z</time>
      </trkpt>
      <trkpt lat="51.803984" lon="10.713947">
        <ele>480.168169</ele>
        <time>2026-03-09T18:33:47.599Z</time>
      </trkpt>
      <trkpt lat="51.803951" lon="10.713912">
        <ele>480.698606</ele>
        <time>2026-03-09T18:33:51.196Z</time>
      </trkpt>
      <trkpt lat="51.803606" lon="10.713455">
        <ele>486.712152</ele>
        <time>2026-03-09T18:34:31.924Z</time>
      </trkpt>
      <trkpt lat="51.803248" lon="10.713193">
        <ele>492.073103</ele>
        <time>2026-03-09T18:35:08.967Z</time>
      </trkpt>
      <trkpt lat="51.803009" lon="10.713159">
        <ele>495.346313</ele>
        <time>2026-03-09T18:35:32.853Z</time>
      </trkpt>
      <trkpt lat="51.802774" lon="10.713215">
        <ele>498.586980</ele>
        <time>2026-03-09T18:35:57.613Z</time>
      </trkpt>
      <trkpt lat="51.802633" lon="10.713266">
        <ele>500.558138</ele>
        <time>2026-03-09T18:36:12.787Z</time>
      </trkpt>
      <trkpt lat="51.802210" lon="10.713542">
        <ele>506.781055</ele>
        <time>2026-03-09T18:37:00.493Z</time>
      </trkpt>
      <trkpt lat="51.802041" lon="10.713543">
        <ele>509.086696</ele>
        <time>2026-03-09T18:37:18.622Z</time>
      </trkpt>
      <trkpt lat="51.801822" lon="10.713477">
        <ele>511.956962</ele>
        <time>2026-03-09T18:37:42.489Z</time>
      </trkpt>
      <trkpt lat="51.801639" lon="10.713524">
        <ele>514.289316</ele>
        <time>2026-03-09T18:38:02.151Z</time>
      </trkpt>
      <trkpt lat="51.801363" lon="10.713675">
        <ele>517.956862</ele>
        <time>2026-03-09T18:38:32.178Z</time>
      </trkpt>
      <trkpt lat="51.800570" lon="10.714009">
        <ele>528.271645</ele>
        <time>2026-03-09T18:39:49.333Z</time>
      </trkpt>
      <trkpt lat="51.800352" lon="10.714148">
        <ele>531.221297</ele>
        <time>2026-03-09T18:40:09.747Z</time>
      </trkpt>
      <trkpt lat="51.799660" lon="10.715053">
        <ele>539.183489</ele>
        <time>2026-03-09T18:41:21.110Z</time>
      </trkpt>
      <trkpt lat="51.799305" lon="10.715712">
        <ele>543.746632</ele>
        <time>2026-03-09T18:41:59.525Z</time>
      </trkpt>
      <trkpt lat="51.799066" lon="10.715834">
        <ele>545.862635</ele>
        <time>2026-03-09T18:42:16.053Z</time>
      </trkpt>
      <trkpt lat="51.798938" lon="10.715863">
        <ele>546.953879</ele>
        <time>2026-03-09T18:42:24.333Z</time>
      </trkpt>
      <trkpt lat="51.798818" lon="10.715836">
        <ele>547.948183</ele>
        <time>2026-03-09T18:42:31.936Z</time>
      </trkpt>
      <trkpt lat="51.798693" lon="10.715712">
        <ele>549.016694</ele>
        <time>2026-03-09T18:42:39.352Z</time>
      </trkpt>
      <trkpt lat="51.797235" lon="10.714475">
        <ele>561.060597</ele>
        <time>2026-03-09T18:44:12.007Z</time>
      </trkpt>
      <trkpt lat="51.796992" lon="10.714201">
        <ele>563.943157</ele>
        <time>2026-03-09T18:44:33.333Z</time>
      </trkpt>
      <trkpt lat="51.796931" lon="10.713953">
        <ele>565.549227</ele>
        <time>2026-03-09T18:44:45.445Z</time>
      </trkpt>
      <trkpt lat="51.796921" lon="10.713616">
        <ele>567.579501</ele>
        <time>2026-03-09T18:45:00.962Z</time>
      </trkpt>
      <trkpt lat="51.796973" lon="10.713220">
        <ele>570.015604</ele>
        <time>2026-03-09T18:45:20.045Z</time>
      </trkpt>
      <trkpt lat="51.797023" lon="10.713079">
        <ele>570.993671</ele>
        <time>2026-03-09T18:45:27.863Z</time>
      </trkpt>
      <trkpt lat="51.797390" lon="10.712456">
        <ele>576.171175</ele>
        <time>2026-03-09T18:46:08.788Z</time>
      </trkpt>
      <trkpt lat="51.797530" lon="10.712123">
        <ele>578.515723</ele>
        <time>2026-03-09T18:46:26.662Z</time>
      </trkpt>
      <trkpt lat="51.797554" lon="10.711924">
        <ele>579.300065</ele>
        <time>2026-03-09T18:46:35.081Z</time>
      </trkpt>
      <trkpt lat="51.797493" lon="10.710373">
        <ele>585.312300</ele>
        <time>2026-03-09T18:47:25.684Z</time>
      </trkpt>
      <trkpt lat="51.797497" lon="10.710245">
        <ele>585.808106</ele>
        <time>2026-03-09T18:47:29.344Z</time>
      </trkpt>
      <trkpt lat="51.797550" lon="10.709850">
        <ele>587.371732</ele>
        <time>2026-03-09T18:47:40.458Z</time>
      </trkpt>
      <trkpt lat="51.797612" lon="10.709719">
        <ele>588.009883</ele>
        <time>2026-03-09T18:47:44.914Z</time>
      </trkpt>
      <trkpt lat="51.797744" lon="10.709587">
        <ele>588.980728</ele>
        <time>2026-03-09T18:47:51.587Z</time>
      </trkpt>
      <trkpt lat="51.797908" lon="10.709530">
        <ele>589.923722</ele>
        <time>2026-03-09T18:47:58.770Z</time>
      </trkpt>
      <trkpt lat="51.797908" lon="10.709530">
        <ele>589.923722</ele>
        <time>2026-03-09T18:47:58.783Z</time>
      </trkpt>
      <trkpt lat="51.798068" lon="10.709330">
        <ele>590.856305</ele>
        <time>2026-03-09T18:48:07.518Z</time>
      </trkpt>
      <trkpt lat="51.798161" lon="10.709104">
        <ele>591.630467</ele>
        <time>2026-03-09T18:48:14.822Z</time>
      </trkpt>
      <trkpt lat="51.798299" lon="10.708511">
        <ele>593.437383</ele>
        <time>2026-03-09T18:48:32.806Z</time>
      </trkpt>
      <trkpt lat="51.798420" lon="10.708320">
        <ele>594.217154</ele>
        <time>2026-03-09T18:48:41.069Z</time>
      </trkpt>
      <trkpt lat="51.798490" lon="10.708063">
        <ele>595.018011</ele>
        <time>2026-03-09T18:48:49.633Z</time>
      </trkpt>
      <trkpt lat="51.798560" lon="10.707805">
        <ele>595.821478</ele>
        <time>2026-03-09T18:48:58.197Z</time>
      </trkpt>
      <trkpt lat="51.798673" lon="10.707632">
        <ele>596.539073</ele>
        <time>2026-03-09T18:49:05.600Z</time>
      </trkpt>
      <trkpt lat="51.798918" lon="10.707429">
        <ele>597.808555</ele>
        <time>2026-03-09T18:49:17.833Z</time>
      </trkpt>
      <trkpt lat="51.799025" lon="10.707292">
        <ele>597.861676</ele>
        <time>2026-03-09T18:49:23.272Z</time>
      </trkpt>
      <trkpt lat="51.799148" lon="10.707044">
        <ele>597.759982</ele>
        <time>2026-03-09T18:49:30.374Z</time>
      </trkpt>
      <trkpt lat="51.799160" lon="10.706995">
        <ele>597.743124</ele>
        <time>2026-03-09T18:49:31.442Z</time>
      </trkpt>
      <trkpt lat="51.799329" lon="10.706616">
        <ele>597.593656</ele>
        <time>2026-03-09T18:49:39.706Z</time>
      </trkpt>
      <trkpt lat="51.799573" lon="10.706236">
        <ele>597.418425</ele>
        <time>2026-03-09T18:49:46.584Z</time>
      </trkpt>
      <trkpt lat="51.799859" lon="10.705639">
        <ele>597.176855</ele>
        <time>2026-03-09T18:49:54.436Z</time>
      </trkpt>
      <trkpt lat="51.800426" lon="10.704417">
        <ele>594.804213</ele>
        <time>2026-03-09T18:50:09.246Z</time>
      </trkpt>
      <trkpt lat="51.800426" lon="10.704417">
        <ele>594.804213</ele>
        <time>2026-03-09T18:50:09.251Z</time>
      </trkpt>
      <trkpt lat="51.801957" lon="10.701258">
        <ele>584.786415</ele>
        <time>2026-03-09T18:50:48.860Z</time>
      </trkpt>
      <trkpt lat="51.802029" lon="10.701159">
        <ele>584.379155</ele>
        <time>2026-03-09T18:50:50.309Z</time>
      </trkpt>
      <trkpt lat="51.802113" lon="10.701110">
        <ele>583.994348</ele>
        <time>2026-03-09T18:50:51.667Z</time>
      </trkpt>
      <trkpt lat="51.802452" lon="10.701114">
        <ele>582.533473</ele>
        <time>2026-03-09T18:50:56.748Z</time>
      </trkpt>
      <trkpt lat="51.802758" lon="10.700747">
        <ele>580.543035</ele>
        <time>2026-03-09T18:51:02.317Z</time>
      </trkpt>
      <trkpt lat="51.802907" lon="10.700456">
        <ele>579.316582</ele>
        <time>2026-03-09T18:51:05.661Z</time>
      </trkpt>
      <trkpt lat="51.803037" lon="10.699993">
        <ele>577.665908</ele>
        <time>2026-03-09T18:51:10.172Z</time>
      </trkpt>
      <trkpt lat="51.803266" lon="10.698665">
        <ele>573.190488</ele>
        <time>2026-03-09T18:51:23.109Z</time>
      </trkpt>
      <trkpt lat="51.803321" lon="10.697849">
        <ele>572.788510</ele>
        <time>2026-03-09T18:51:31.746Z</time>
      </trkpt>
      <trkpt lat="51.803308" lon="10.696859">
        <ele>572.458196</ele>
        <time>2026-03-09T18:51:44.620Z</time>
      </trkpt>
      <trkpt lat="51.803359" lon="10.696349">
        <ele>572.285862</ele>
        <time>2026-03-09T18:51:53.637Z</time>
      </trkpt>
      <trkpt lat="51.803421" lon="10.696099">
        <ele>572.196011</ele>
        <time>2026-03-09T18:51:58.393Z</time>
      </trkpt>
      <trkpt lat="51.803598" lon="10.695628">
        <ele>572.350641</ele>
        <time>2026-03-09T18:52:07.777Z</time>
      </trkpt>
      <trkpt lat="51.803633" lon="10.695413">
        <ele>572.661459</ele>
        <time>2026-03-09T18:52:11.541Z</time>
      </trkpt>
      <trkpt lat="51.803644" lon="10.695148">
        <ele>573.032770</ele>
        <time>2026-03-09T18:52:16.096Z</time>
      </trkpt>
      <trkpt lat="51.803705" lon="10.694833">
        <ele>573.494238</ele>
        <time>2026-03-09T18:52:21.822Z</time>
      </trkpt>
      <trkpt lat="51.803822" lon="10.694649">
        <ele>573.863213</ele>
        <time>2026-03-09T18:52:26.416Z</time>
      </trkpt>
      <trkpt lat="51.803902" lon="10.694648">
        <ele>574.044088</ele>
        <time>2026-03-09T18:52:28.699Z</time>
      </trkpt>
      <trkpt lat="51.804064" lon="10.694589">
        <ele>574.419522</ele>
        <time>2026-03-09T18:52:33.529Z</time>
      </trkpt>
      <trkpt lat="51.804140" lon="10.694554">
        <ele>574.598179</ele>
        <time>2026-03-09T18:52:35.892Z</time>
      </trkpt>
      <trkpt lat="51.804115" lon="10.694278">
        <ele>574.988148</ele>
        <time>2026-03-09T18:52:41.158Z</time>
      </trkpt>
      <trkpt lat="51.804118" lon="10.694009">
        <ele>575.364275</ele>
        <time>2026-03-09T18:52:46.743Z</time>
      </trkpt>
      <trkpt lat="51.804188" lon="10.693472">
        <ele>576.131507</ele>
        <time>2026-03-09T18:53:01.135Z</time>
      </trkpt>
      <trkpt lat="51.804210" lon="10.693387">
        <ele>576.281466</ele>
        <time>2026-03-09T18:53:04.019Z</time>
      </trkpt>
      <trkpt lat="51.804392" lon="10.692602">
        <ele>577.666225</ele>
        <time>2026-03-09T18:53:28.404Z</time>
      </trkpt>
      <trkpt lat="51.804445" lon="10.692357">
        <ele>578.094949</ele>
        <time>2026-03-09T18:53:35.158Z</time>
      </trkpt>
      <trkpt lat="51.804479" lon="10.692043">
        <ele>578.621484</ele>
        <time>2026-03-09T18:53:42.809Z</time>
      </trkpt>
      <trkpt lat="51.804466" lon="10.691650">
        <ele>579.271542</ele>
        <time>2026-03-09T18:53:51.497Z</time>
      </trkpt>
      <trkpt lat="51.805556" lon="10.691324">
        <ele>580.224292</ele>
        <time>2026-03-09T18:54:18.551Z</time>
      </trkpt>
      <trkpt lat="51.805760" lon="10.691170">
        <ele>579.885183</ele>
        <time>2026-03-09T18:54:22.187Z</time>
      </trkpt>
      <trkpt lat="51.805833" lon="10.691026">
        <ele>579.711752</ele>
        <time>2026-03-09T18:54:24.075Z</time>
      </trkpt>
      <trkpt lat="51.805990" lon="10.690504">
        <ele>579.171110</ele>
        <time>2026-03-09T18:54:30.024Z</time>
      </trkpt>
      <trkpt lat="51.806054" lon="10.690365">
        <ele>579.009699</ele>
        <time>2026-03-09T18:54:31.845Z</time>
      </trkpt>
      <trkpt lat="51.806478" lon="10.689793">
        <ele>578.242847</ele>
        <time>2026-03-09T18:54:41.589Z</time>
      </trkpt>
      <trkpt lat="51.806599" lon="10.689539">
        <ele>578.260944</ele>
        <time>2026-03-09T18:54:45.265Z</time>
      </trkpt>
      <trkpt lat="51.806861" lon="10.688988">
        <ele>578.300172</ele>
        <time>2026-03-09T18:54:53.544Z</time>
      </trkpt>
      <trkpt lat="51.807106" lon="10.688700">
        <ele>578.327817</ele>
        <time>2026-03-09T18:54:59.955Z</time>
      </trkpt>
      <trkpt lat="51.807628" lon="10.688345">
        <ele>578.379504</ele>
        <time>2026-03-09T18:55:15.260Z</time>
      </trkpt>
      <trkpt lat="51.807859" lon="10.688258">
        <ele>578.401152</ele>
        <time>2026-03-09T18:55:22.411Z</time>
      </trkpt>
      <trkpt lat="51.808250" lon="10.688218">
        <ele>578.759924</ele>
        <time>2026-03-09T18:55:34.099Z</time>
      </trkpt>
      <trkpt lat="51.808465" lon="10.688314">
        <ele>578.976007</ele>
        <time>2026-03-09T18:55:40.528Z</time>
      </trkpt>
      <trkpt lat="51.808596" lon="10.688325">
        <ele>579.103089</ele>
        <time>2026-03-09T18:55:44.147Z</time>
      </trkpt>
      <trkpt lat="51.808748" lon="10.688448">
        <ele>579.267749</ele>
        <time>2026-03-09T18:55:48.749Z</time>
      </trkpt>
      <trkpt lat="51.809421" lon="10.689450">
        <ele>580.124900</ele>
        <time>2026-03-09T18:56:12.206Z</time>
      </trkpt>
      <trkpt lat="51.809563" lon="10.689483">
        <ele>579.766160</ele>
        <time>2026-03-09T18:56:15.267Z</time>
      </trkpt>
      <trkpt lat="51.809703" lon="10.689444">
        <ele>579.410913</ele>
        <time>2026-03-09T18:56:18.165Z</time>
      </trkpt>
      <trkpt lat="51.809852" lon="10.689322">
        <ele>578.993291</ele>
        <time>2026-03-09T18:56:21.434Z</time>
      </trkpt>
      <trkpt lat="51.810149" lon="10.688955">
        <ele>578.058650</ele>
        <time>2026-03-09T18:56:28.227Z</time>
      </trkpt>
      <trkpt lat="51.810430" lon="10.688377">
        <ele>576.921837</ele>
        <time>2026-03-09T18:56:35.772Z</time>
      </trkpt>
      <trkpt lat="51.810551" lon="10.688301">
        <ele>576.597243</ele>
        <time>2026-03-09T18:56:37.826Z</time>
      </trkpt>
      <trkpt lat="51.810656" lon="10.688295">
        <ele>576.334510</ele>
        <time>2026-03-09T18:56:39.454Z</time>
      </trkpt>
      <trkpt lat="51.812384" lon="10.688949">
        <ele>568.773336</ele>
        <time>2026-03-09T18:57:05.789Z</time>
      </trkpt>
      <trkpt lat="51.812808" lon="10.688439">
        <ele>567.529152</ele>
        <time>2026-03-09T18:57:14.894Z</time>
      </trkpt>
      <trkpt lat="51.813376" lon="10.688093">
        <ele>567.855657</ele>
        <time>2026-03-09T18:57:29.261Z</time>
      </trkpt>
      <trkpt lat="51.813531" lon="10.687955">
        <ele>567.950835</ele>
        <time>2026-03-09T18:57:34.798Z</time>
      </trkpt>
      <trkpt lat="51.813703" lon="10.687713">
        <ele>568.073467</ele>
        <time>2026-03-09T18:57:41.941Z</time>
      </trkpt>
      <trkpt lat="51.813761" lon="10.687791">
        <ele>568.114043</ele>
        <time>2026-03-09T18:57:44.266Z</time>
      </trkpt>
      <trkpt lat="51.813942" lon="10.687833">
        <ele>568.212409</ele>
        <time>2026-03-09T18:57:49.919Z</time>
      </trkpt>
      <trkpt lat="51.814122" lon="10.687961">
        <ele>568.318184</ele>
        <time>2026-03-09T18:57:56.040Z</time>
      </trkpt>
      <trkpt lat="51.814369" lon="10.688393">
        <ele>568.921143</ele>
        <time>2026-03-09T18:58:07.351Z</time>
      </trkpt>
      <trkpt lat="51.814609" lon="10.688606">
        <ele>569.494306</ele>
        <time>2026-03-09T18:58:16.120Z</time>
      </trkpt>
      <trkpt lat="51.814876" lon="10.688758">
        <ele>570.086945</ele>
        <time>2026-03-09T18:58:25.459Z</time>
      </trkpt>
      <trkpt lat="51.815152" lon="10.688971">
        <ele>570.727216</ele>
        <time>2026-03-09T18:58:35.249Z</time>
      </trkpt>
      <trkpt lat="51.815441" lon="10.689414">
        <ele>571.560833</ele>
        <time>2026-03-09T18:58:47.878Z</time>
      </trkpt>
      <trkpt lat="51.815453" lon="10.689430">
        <ele>571.593393</ele>
        <time>2026-03-09T18:58:48.396Z</time>
      </trkpt>
      <trkpt lat="51.815996" lon="10.690120">
        <ele>572.294988</ele>
        <time>2026-03-09T18:59:10.504Z</time>
      </trkpt>
      <trkpt lat="51.816126" lon="10.690442">
        <ele>572.381273</ele>
        <time>2026-03-09T18:59:17.721Z</time>
      </trkpt>
      <trkpt lat="51.816181" lon="10.690765">
        <ele>572.456439</ele>
        <time>2026-03-09T18:59:23.626Z</time>
      </trkpt>
      <trkpt lat="51.816174" lon="10.691471">
        <ele>572.614856</ele>
        <time>2026-03-09T18:59:34.349Z</time>
      </trkpt>
      <trkpt lat="51.816045" lon="10.691949">
        <ele>572.731874</ele>
        <time>2026-03-09T18:59:40.594Z</time>
      </trkpt>
      <trkpt lat="51.816023" lon="10.692215">
        <ele>572.786190</ele>
        <time>2026-03-09T18:59:43.493Z</time>
      </trkpt>
      <trkpt lat="51.816111" lon="10.692857">
        <ele>570.479485</ele>
        <time>2026-03-09T18:59:50.056Z</time>
      </trkpt>
      <trkpt lat="51.816159" lon="10.693197">
        <ele>569.256129</ele>
        <time>2026-03-09T18:59:53.354Z</time>
      </trkpt>
      <trkpt lat="51.817035" lon="10.695611">
        <ele>558.173357</ele>
        <time>2026-03-09T19:00:32.606Z</time>
      </trkpt>
      <trkpt lat="51.817499" lon="10.696504">
        <ele>552.438762</ele>
        <time>2026-03-09T19:00:48.666Z</time>
      </trkpt>
      <trkpt lat="51.817692" lon="10.696925">
        <ele>549.862215</ele>
        <time>2026-03-09T19:00:55.848Z</time>
      </trkpt>
      <trkpt lat="51.817773" lon="10.697337">
        <ele>547.595822</ele>
        <time>2026-03-09T19:01:01.730Z</time>
      </trkpt>
      <trkpt lat="51.817874" lon="10.697561">
        <ele>545.880273</ele>
        <time>2026-03-09T19:01:05.474Z</time>
      </trkpt>
      <trkpt lat="51.818288" lon="10.697703">
        <ele>541.644171</ele>
        <time>2026-03-09T19:01:14.618Z</time>
      </trkpt>
      <trkpt lat="51.818697" lon="10.697732">
        <ele>537.546310</ele>
        <time>2026-03-09T19:01:23.340Z</time>
      </trkpt>
      <trkpt lat="51.818787" lon="10.697820">
        <ele>536.493678</ele>
        <time>2026-03-09T19:01:25.584Z</time>
      </trkpt>
      <trkpt lat="51.818849" lon="10.697879">
        <ele>535.773673</ele>
        <time>2026-03-09T19:01:27.107Z</time>
      </trkpt>
      <trkpt lat="51.818943" lon="10.698269">
        <ele>533.183625</ele>
        <time>2026-03-09T19:01:32.590Z</time>
      </trkpt>
      <trkpt lat="51.819401" lon="10.698876">
        <ele>527.926911</ele>
        <time>2026-03-09T19:01:45.150Z</time>
      </trkpt>
      <trkpt lat="51.819522" lon="10.699388">
        <ele>525.287076</ele>
        <time>2026-03-09T19:01:52.403Z</time>
      </trkpt>
      <trkpt lat="51.819689" lon="10.699921">
        <ele>522.409261</ele>
        <time>2026-03-09T19:02:00.428Z</time>
      </trkpt>
      <trkpt lat="51.819808" lon="10.700589">
        <ele>519.061290</ele>
        <time>2026-03-09T19:02:10.287Z</time>
      </trkpt>
      <trkpt lat="51.819895" lon="10.700845">
        <ele>517.654373</ele>
        <time>2026-03-09T19:02:14.604Z</time>
      </trkpt>
      <trkpt lat="51.820287" lon="10.701275">
        <ele>516.124091</ele>
        <time>2026-03-09T19:02:26.702Z</time>
      </trkpt>
      <trkpt lat="51.820365" lon="10.700978">
        <ele>516.028634</ele>
        <time>2026-03-09T19:02:30.281Z</time>
      </trkpt>
      <trkpt lat="51.820434" lon="10.700850">
        <ele>515.978395</ele>
        <time>2026-03-09T19:02:32.217Z</time>
      </trkpt>
      <trkpt lat="51.820657" lon="10.700515">
        <ele>515.832762</ele>
        <time>2026-03-09T19:02:38.476Z</time>
      </trkpt>
      <trkpt lat="51.820864" lon="10.700116">
        <ele>515.678672</ele>
        <time>2026-03-09T19:02:46.987Z</time>
      </trkpt>
      <trkpt lat="51.821109" lon="10.699796">
        <ele>515.527984</ele>
        <time>2026-03-09T19:02:56.593Z</time>
      </trkpt>
      <trkpt lat="51.821122" lon="10.699779">
        <ele>515.519984</ele>
        <time>2026-03-09T19:02:57.104Z</time>
      </trkpt>
      <trkpt lat="51.821176" lon="10.699646">
        <ele>515.472914</ele>
        <time>2026-03-09T19:02:59.919Z</time>
      </trkpt>
      <trkpt lat="51.821288" lon="10.699152">
        <ele>515.801580</ele>
        <time>2026-03-09T19:03:09.138Z</time>
      </trkpt>
      <trkpt lat="51.821421" lon="10.698853">
        <ele>516.296385</ele>
        <time>2026-03-09T19:03:15.947Z</time>
      </trkpt>
      <trkpt lat="51.821562" lon="10.698611">
        <ele>516.743091</ele>
        <time>2026-03-09T19:03:22.336Z</time>
      </trkpt>
      <trkpt lat="51.821755" lon="10.697849">
        <ele>517.849212</ele>
        <time>2026-03-09T19:03:39.858Z</time>
      </trkpt>
      <trkpt lat="51.821954" lon="10.697406">
        <ele>518.584793</ele>
        <time>2026-03-09T19:03:51.897Z</time>
      </trkpt>
      <trkpt lat="51.822045" lon="10.697127">
        <ele>519.008520</ele>
        <time>2026-03-09T19:03:58.471Z</time>
      </trkpt>
      <trkpt lat="51.822169" lon="10.696535">
        <ele>519.659601</ele>
        <time>2026-03-09T19:04:10.718Z</time>
      </trkpt>
      <trkpt lat="51.822292" lon="10.696243">
        <ele>519.966943</ele>
        <time>2026-03-09T19:04:17.542Z</time>
      </trkpt>
      <trkpt lat="51.823011" lon="10.695020">
        <ele>521.434979</ele>
        <time>2026-03-09T19:04:45.421Z</time>
      </trkpt>
      <trkpt lat="51.823235" lon="10.694595">
        <ele>521.998994</ele>
        <time>2026-03-09T19:04:53.727Z</time>
      </trkpt>
      <trkpt lat="51.823368" lon="10.694429">
        <ele>522.477025</ele>
        <time>2026-03-09T19:04:58.312Z</time>
      </trkpt>
      <trkpt lat="51.823549" lon="10.694294">
        <ele>523.044217</ele>
        <time>2026-03-09T19:05:04.260Z</time>
      </trkpt>
      <trkpt lat="51.823830" lon="10.694006">
        <ele>523.990841</ele>
        <time>2026-03-09T19:05:15.387Z</time>
      </trkpt>
      <trkpt lat="51.824177" lon="10.693512">
        <ele>525.306197</ele>
        <time>2026-03-09T19:05:33.375Z</time>
      </trkpt>
      <trkpt lat="51.824408" lon="10.693126">
        <ele>526.251246</ele>
        <time>2026-03-09T19:05:46.620Z</time>
      </trkpt>
      <trkpt lat="51.824556" lon="10.692850">
        <ele>526.893948</ele>
        <time>2026-03-09T19:05:55.864Z</time>
      </trkpt>
      <trkpt lat="51.824735" lon="10.692418">
        <ele>528.233789</ele>
        <time>2026-03-09T19:06:09.392Z</time>
      </trkpt>
      <trkpt lat="51.824906" lon="10.691850">
        <ele>529.903450</ele>
        <time>2026-03-09T19:06:26.119Z</time>
      </trkpt>
      <trkpt lat="51.824966" lon="10.691650">
        <ele>530.490962</ele>
        <time>2026-03-09T19:06:32.129Z</time>
      </trkpt>
      <trkpt lat="51.825040" lon="10.691154">
        <ele>531.839388</ele>
        <time>2026-03-09T19:06:45.968Z</time>
      </trkpt>
      <trkpt lat="51.825047" lon="10.690890">
        <ele>532.537702</ele>
        <time>2026-03-09T19:06:53.133Z</time>
      </trkpt>
      <trkpt lat="51.825009" lon="10.690184">
        <ele>534.410507</ele>
        <time>2026-03-09T19:07:12.370Z</time>
      </trkpt>
      <trkpt lat="51.825046" lon="10.689537">
        <ele>534.902306</ele>
        <time>2026-03-09T19:07:29.986Z</time>
      </trkpt>
      <trkpt lat="51.825112" lon="10.689183">
        <ele>535.067275</ele>
        <time>2026-03-09T19:07:39.336Z</time>
      </trkpt>
      <trkpt lat="51.825266" lon="10.688601">
        <ele>535.349734</ele>
        <time>2026-03-09T19:07:52.115Z</time>
      </trkpt>
      <trkpt lat="51.825570" lon="10.687618">
        <ele>535.840142</ele>
        <time>2026-03-09T19:08:04.987Z</time>
      </trkpt>
      <trkpt lat="51.825827" lon="10.686943">
        <ele>534.079352</ele>
        <time>2026-03-09T19:08:12.513Z</time>
      </trkpt>
      <trkpt lat="51.825991" lon="10.686629">
        <ele>532.660559</ele>
        <time>2026-03-09T19:08:16.228Z</time>
      </trkpt>
      <trkpt lat="51.826375" lon="10.686063">
        <ele>529.759980</ele>
        <time>2026-03-09T19:08:23.699Z</time>
      </trkpt>
      <trkpt lat="51.826594" lon="10.685640">
        <ele>527.855628</ele>
        <time>2026-03-09T19:08:28.641Z</time>
      </trkpt>
      <trkpt lat="51.826691" lon="10.685496">
        <ele>527.120544</ele>
        <time>2026-03-09T19:08:30.562Z</time>
      </trkpt>
      <trkpt lat="51.827026" lon="10.685242">
        <ele>525.175133</ele>
        <time>2026-03-09T19:08:36.074Z</time>
      </trkpt>
      <trkpt lat="51.827119" lon="10.685116">
        <ele>524.593367</ele>
        <time>2026-03-09T19:08:37.905Z</time>
      </trkpt>
      <trkpt lat="51.827170" lon="10.685007">
        <ele>524.188120</ele>
        <time>2026-03-09T19:08:39.175Z</time>
      </trkpt>
      <trkpt lat="51.827239" lon="10.684860">
        <ele>523.640956</ele>
        <time>2026-03-09T19:08:40.899Z</time>
      </trkpt>
      <trkpt lat="51.827507" lon="10.684292">
        <ele>521.522720</ele>
        <time>2026-03-09T19:08:47.615Z</time>
      </trkpt>
      <trkpt lat="51.827652" lon="10.684077">
        <ele>520.579428</ele>
        <time>2026-03-09T19:08:50.629Z</time>
      </trkpt>
      <trkpt lat="51.828024" lon="10.683824">
        <ele>518.644046</ele>
        <time>2026-03-09T19:08:56.803Z</time>
      </trkpt>
      <trkpt lat="51.828279" lon="10.683564">
        <ele>517.243522</ele>
        <time>2026-03-09T19:09:01.542Z</time>
      </trkpt>
      <trkpt lat="51.828435" lon="10.683510">
        <ele>516.893005</ele>
        <time>2026-03-09T19:09:04.073Z</time>
      </trkpt>
      <trkpt lat="51.828618" lon="10.683514">
        <ele>516.490884</ele>
        <time>2026-03-09T19:09:07.006Z</time>
      </trkpt>
      <trkpt lat="51.828781" lon="10.683594">
        <ele>516.116630</ele>
        <time>2026-03-09T19:09:09.776Z</time>
      </trkpt>
      <trkpt lat="51.829076" lon="10.683979">
        <ele>515.283906</ele>
        <time>2026-03-09T19:09:16.176Z</time>
      </trkpt>
      <trkpt lat="51.828772" lon="10.685440">
        <ele>513.283782</ele>
        <time>2026-03-09T19:09:34.246Z</time>
      </trkpt>
      <trkpt lat="51.828750" lon="10.685760">
        <ele>513.139507</ele>
        <time>2026-03-09T19:09:38.175Z</time>
      </trkpt>
      <trkpt lat="51.828763" lon="10.685890">
        <ele>513.080497</ele>
        <time>2026-03-09T19:09:39.753Z</time>
      </trkpt>
      <trkpt lat="51.828883" lon="10.686260">
        <ele>512.893259</ele>
        <time>2026-03-09T19:09:44.740Z</time>
      </trkpt>
      <trkpt lat="51.829179" lon="10.686936">
        <ele>512.522025</ele>
        <time>2026-03-09T19:09:54.739Z</time>
      </trkpt>
      <trkpt lat="51.829255" lon="10.687395">
        <ele>512.309098</ele>
        <time>2026-03-09T19:10:00.543Z</time>
      </trkpt>
      <trkpt lat="51.829271" lon="10.687881">
        <ele>512.091018</ele>
        <time>2026-03-09T19:10:06.529Z</time>
      </trkpt>
      <trkpt lat="51.829247" lon="10.688354">
        <ele>511.980866</ele>
        <time>2026-03-09T19:10:12.423Z</time>
      </trkpt>
      <trkpt lat="51.829213" lon="10.688601">
        <ele>511.946441</ele>
        <time>2026-03-09T19:10:15.566Z</time>
      </trkpt>
      <trkpt lat="51.829123" lon="10.689366">
        <ele>511.840500</ele>
        <time>2026-03-09T19:10:25.540Z</time>
      </trkpt>
      <trkpt lat="51.829102" lon="10.689799">
        <ele>511.781413</ele>
        <time>2026-03-09T19:10:31.251Z</time>
      </trkpt>
      <trkpt lat="51.829135" lon="10.690843">
        <ele>511.639199</ele>
        <time>2026-03-09T19:10:44.769Z</time>
      </trkpt>
      <trkpt lat="51.829170" lon="10.691284">
        <ele>511.486027</ele>
        <time>2026-03-09T19:10:50.517Z</time>
      </trkpt>
      <trkpt lat="51.829179" lon="10.692271">
        <ele>511.107256</ele>
        <time>2026-03-09T19:11:03.905Z</time>
      </trkpt>
      <trkpt lat="51.829251" lon="10.692991">
        <ele>510.827385</ele>
        <time>2026-03-09T19:11:13.469Z</time>
      </trkpt>
      <trkpt lat="51.829259" lon="10.693270">
        <ele>510.720213</ele>
        <time>2026-03-09T19:11:16.854Z</time>
      </trkpt>
      <trkpt lat="51.829230" lon="10.693574">
        <ele>510.602181</ele>
        <time>2026-03-09T19:11:20.393Z</time>
      </trkpt>
      <trkpt lat="51.829194" lon="10.693763">
        <ele>510.526292</ele>
        <time>2026-03-09T19:11:22.568Z</time>
      </trkpt>
      <trkpt lat="51.829004" lon="10.694354">
        <ele>509.686872</ele>
        <time>2026-03-09T19:11:29.458Z</time>
      </trkpt>
      <trkpt lat="51.828850" lon="10.694969">
        <ele>508.818480</ele>
        <time>2026-03-09T19:11:35.970Z</time>
      </trkpt>
      <trkpt lat="51.828458" lon="10.696259">
        <ele>506.937239</ele>
        <time>2026-03-09T19:11:51.085Z</time>
      </trkpt>
      <trkpt lat="51.828206" lon="10.697572">
        <ele>506.391850</ele>
        <time>2026-03-09T19:12:11.442Z</time>
      </trkpt>
      <trkpt lat="51.828109" lon="10.698453">
        <ele>506.158345</ele>
        <time>2026-03-09T19:12:28.303Z</time>
      </trkpt>
      <trkpt lat="51.827906" lon="10.699533">
        <ele>504.887564</ele>
        <time>2026-03-09T19:12:40.787Z</time>
      </trkpt>
      <trkpt lat="51.827833" lon="10.699778">
        <ele>503.960400</ele>
        <time>2026-03-09T19:12:43.331Z</time>
      </trkpt>
      <trkpt lat="51.827654" lon="10.700419">
        <ele>501.562616</ele>
        <time>2026-03-09T19:12:49.563Z</time>
      </trkpt>
      <trkpt lat="51.827354" lon="10.701670">
        <ele>496.988326</ele>
        <time>2026-03-09T19:13:01.296Z</time>
      </trkpt>
      <trkpt lat="51.827318" lon="10.701938">
        <ele>496.053412</ele>
        <time>2026-03-09T19:13:03.772Z</time>
      </trkpt>
      <trkpt lat="51.827317" lon="10.702309">
        <ele>496.522526</ele>
        <time>2026-03-09T19:13:07.239Z</time>
      </trkpt>
      <trkpt lat="51.827382" lon="10.702962">
        <ele>497.432682</ele>
        <time>2026-03-09T19:13:14.278Z</time>
      </trkpt>
      <trkpt lat="51.827450" lon="10.703399">
        <ele>498.052792</ele>
        <time>2026-03-09T19:13:22.278Z</time>
      </trkpt>
      <trkpt lat="51.827539" lon="10.703770">
        <ele>498.600423</ele>
        <time>2026-03-09T19:13:33.127Z</time>
      </trkpt>
      <trkpt lat="51.827713" lon="10.704158">
        <ele>499.260086</ele>
        <time>2026-03-09T19:13:49.417Z</time>
      </trkpt>
      <trkpt lat="51.828074" lon="10.704664">
        <ele>501.252759</ele>
        <time>2026-03-09T19:14:21.059Z</time>
      </trkpt>
      <trkpt lat="51.828260" lon="10.704827">
        <ele>503.208000</ele>
        <time>2026-03-09T19:14:35.919Z</time>
      </trkpt>
      <trkpt lat="51.828755" lon="10.705079">
        <ele>508.004613</ele>
        <time>2026-03-09T19:15:12.452Z</time>
      </trkpt>
      <trkpt lat="51.828888" lon="10.705208">
        <ele>509.437934</ele>
        <time>2026-03-09T19:15:22.857Z</time>
      </trkpt>
      <trkpt lat="51.829223" lon="10.705803">
        <ele>514.035918</ele>
        <time>2026-03-09T19:15:54.246Z</time>
      </trkpt>
      <trkpt lat="51.829777" lon="10.706529">
        <ele>522.039386</ele>
        <time>2026-03-09T19:16:45.728Z</time>
      </trkpt>
      <trkpt lat="51.829864" lon="10.706603">
        <ele>523.271350</ele>
        <time>2026-03-09T19:16:53.492Z</time>
      </trkpt>
      <trkpt lat="51.829949" lon="10.706613">
        <ele>524.339578</ele>
        <time>2026-03-09T19:17:00.307Z</time>
      </trkpt>
      <trkpt lat="51.830067" lon="10.706560">
        <ele>525.874548</ele>
        <time>2026-03-09T19:17:10.318Z</time>
      </trkpt>
      <trkpt lat="51.830192" lon="10.706416">
        <ele>527.797837</ele>
        <time>2026-03-09T19:17:23.175Z</time>
      </trkpt>
      <trkpt lat="51.830242" lon="10.706307">
        <ele>528.849342</ele>
        <time>2026-03-09T19:17:30.562Z</time>
      </trkpt>
      <trkpt lat="51.830260" lon="10.706203">
        <ele>529.685935</ele>
        <time>2026-03-09T19:17:36.388Z</time>
      </trkpt>
      <trkpt lat="51.830211" lon="10.705750">
        <ele>533.248273</ele>
        <time>2026-03-09T19:18:02.690Z</time>
      </trkpt>
      <trkpt lat="51.830187" lon="10.705177">
        <ele>537.696987</ele>
        <time>2026-03-09T19:18:37.559Z</time>
      </trkpt>
      <trkpt lat="51.830227" lon="10.704726">
        <ele>540.718904</ele>
        <time>2026-03-09T19:19:06.207Z</time>
      </trkpt>
      <trkpt lat="51.830214" lon="10.704447">
        <ele>542.343781</ele>
        <time>2026-03-09T19:19:22.680Z</time>
      </trkpt>
      <trkpt lat="51.830136" lon="10.704106">
        <ele>544.455422</ele>
        <time>2026-03-09T19:19:42.073Z</time>
      </trkpt>
      <trkpt lat="51.829792" lon="10.703304">
        <ele>550.124931</ele>
        <time>2026-03-09T19:20:25.650Z</time>
      </trkpt>
      <trkpt lat="51.829767" lon="10.703160">
        <ele>550.993585</ele>
        <time>2026-03-09T19:20:31.368Z</time>
      </trkpt>
      <trkpt lat="51.829780" lon="10.702971">
        <ele>552.097981</ele>
        <time>2026-03-09T19:20:38.222Z</time>
      </trkpt>
      <trkpt lat="51.829954" lon="10.701993">
        <ele>555.901588</ele>
        <time>2026-03-09T19:21:05.548Z</time>
      </trkpt>
      <trkpt lat="51.830052" lon="10.701724">
        <ele>555.711650</ele>
        <time>2026-03-09T19:21:10.196Z</time>
      </trkpt>
      <trkpt lat="51.830253" lon="10.701394">
        <ele>555.429818</ele>
        <time>2026-03-09T19:21:15.404Z</time>
      </trkpt>
      <trkpt lat="51.830760" lon="10.700934">
        <ele>554.857714</ele>
        <time>2026-03-09T19:21:25.432Z</time>
      </trkpt>
      <trkpt lat="51.830921" lon="10.700673">
        <ele>554.633407</ele>
        <time>2026-03-09T19:21:29.193Z</time>
      </trkpt>
      <trkpt lat="51.831044" lon="10.700555">
        <ele>554.492667</ele>
        <time>2026-03-09T19:21:31.541Z</time>
      </trkpt>
      <trkpt lat="51.831390" lon="10.699767">
        <ele>551.544300</ele>
        <time>2026-03-09T19:21:41.055Z</time>
      </trkpt>
      <trkpt lat="51.831789" lon="10.699063">
        <ele>547.746295</ele>
        <time>2026-03-09T19:21:49.964Z</time>
      </trkpt>
      <trkpt lat="51.831862" lon="10.698975">
        <ele>547.160626</ele>
        <time>2026-03-09T19:21:51.295Z</time>
      </trkpt>
      <trkpt lat="51.831944" lon="10.698959">
        <ele>546.629229</ele>
        <time>2026-03-09T19:21:52.489Z</time>
      </trkpt>
      <trkpt lat="51.832201" lon="10.699160">
        <ele>544.792734</ele>
        <time>2026-03-09T19:21:56.495Z</time>
      </trkpt>
      <trkpt lat="51.832558" lon="10.699771">
        <ele>540.889615</ele>
        <time>2026-03-09T19:22:03.493Z</time>
      </trkpt>
      <trkpt lat="51.832621" lon="10.699907">
        <ele>539.924847</ele>
        <time>2026-03-09T19:22:04.888Z</time>
      </trkpt>
      <trkpt lat="51.832699" lon="10.700076">
        <ele>538.727561</ele>
        <time>2026-03-09T19:22:06.612Z</time>
      </trkpt>
      <trkpt lat="51.832870" lon="10.700860">
        <ele>534.008427</ele>
        <time>2026-03-09T19:22:13.419Z</time>
      </trkpt>
      <trkpt lat="51.833011" lon="10.701186">
        <ele>531.749809</ele>
        <time>2026-03-09T19:22:16.722Z</time>
      </trkpt>
      <trkpt lat="51.833235" lon="10.701514">
        <ele>528.975024</ele>
        <time>2026-03-09T19:22:20.915Z</time>
      </trkpt>
      <trkpt lat="51.833474" lon="10.701714">
        <ele>526.503596</ele>
        <time>2026-03-09T19:22:24.864Z</time>
      </trkpt>
      <trkpt lat="51.833712" lon="10.701804">
        <ele>525.185002</ele>
        <time>2026-03-09T19:22:28.712Z</time>
      </trkpt>
      <trkpt lat="51.833994" lon="10.701773">
        <ele>523.803994</ele>
        <time>2026-03-09T19:22:33.477Z</time>
      </trkpt>
      <trkpt lat="51.834090" lon="10.701574">
        <ele>523.041762</ele>
        <time>2026-03-09T19:22:36.215Z</time>
      </trkpt>
      <trkpt lat="51.834229" lon="10.700945">
        <ele>521.024893</ele>
        <time>2026-03-09T19:22:43.614Z</time>
      </trkpt>
      <trkpt lat="51.834364" lon="10.700574">
        <ele>519.724988</ele>
        <time>2026-03-09T19:22:48.181Z</time>
      </trkpt>
      <trkpt lat="51.834423" lon="10.700319">
        <ele>518.902894</ele>
        <time>2026-03-09T19:22:50.782Z</time>
      </trkpt>
      <trkpt lat="51.834544" lon="10.700112">
        <ele>518.042600</ele>
        <time>2026-03-09T19:22:53.313Z</time>
      </trkpt>
      <trkpt lat="51.834497" lon="10.700793">
        <ele>512.595520</ele>
        <time>2026-03-09T19:23:02.361Z</time>
      </trkpt>
      <trkpt lat="51.834524" lon="10.701072">
        <ele>509.791432</ele>
        <time>2026-03-09T19:23:05.914Z</time>
      </trkpt>
      <trkpt lat="51.834563" lon="10.701267">
        <ele>507.756298</ele>
        <time>2026-03-09T19:23:08.465Z</time>
      </trkpt>
      <trkpt lat="51.834701" lon="10.701492">
        <ele>504.608508</ele>
        <time>2026-03-09T19:23:12.365Z</time>
      </trkpt>
      <trkpt lat="51.834851" lon="10.701646">
        <ele>501.754062</ele>
        <time>2026-03-09T19:23:15.872Z</time>
      </trkpt>
      <trkpt lat="51.835378" lon="10.701978">
        <ele>492.666795</ele>
        <time>2026-03-09T19:23:26.934Z</time>
      </trkpt>
      <trkpt lat="51.835497" lon="10.702115">
        <ele>490.320118</ele>
        <time>2026-03-09T19:23:29.760Z</time>
      </trkpt>
      <trkpt lat="51.835611" lon="10.702892">
        <ele>480.894865</ele>
        <time>2026-03-09T19:23:39.408Z</time>
      </trkpt>
      <trkpt lat="51.835820" lon="10.703922">
        <ele>467.515508</ele>
        <time>2026-03-09T19:23:52.541Z</time>
      </trkpt>
      <trkpt lat="51.835778" lon="10.704236">
        <ele>463.550598</ele>
        <time>2026-03-09T19:23:56.398Z</time>
      </trkpt>
      <trkpt lat="51.835736" lon="10.704374">
        <ele>461.652128</ele>
        <time>2026-03-09T19:23:58.235Z</time>
      </trkpt>
      <trkpt lat="51.835642" lon="10.704542">
        <ele>458.855099</ele>
        <time>2026-03-09T19:24:00.955Z</time>
      </trkpt>
      <trkpt lat="51.835438" lon="10.704846">
        <ele>453.316489</ele>
        <time>2026-03-09T19:24:06.330Z</time>
      </trkpt>
      <trkpt lat="51.835342" lon="10.705080">
        <ele>450.596817</ele>
        <time>2026-03-09T19:24:09.699Z</time>
      </trkpt>
      <trkpt lat="51.835205" lon="10.705621">
        <ele>445.323261</ele>
        <time>2026-03-09T19:24:16.799Z</time>
      </trkpt>
      <trkpt lat="51.835203" lon="10.705865">
        <ele>443.122245</ele>
        <time>2026-03-09T19:24:19.800Z</time>
      </trkpt>
      <trkpt lat="51.835256" lon="10.706214">
        <ele>439.880678</ele>
        <time>2026-03-09T19:24:24.255Z</time>
      </trkpt>
      <trkpt lat="51.835393" lon="10.706509">
        <ele>436.552156</ele>
        <time>2026-03-09T19:24:28.888Z</time>
      </trkpt>
      <trkpt lat="51.835497" lon="10.706558">
        <ele>434.971056</ele>
        <time>2026-03-09T19:24:31.127Z</time>
      </trkpt>
      <trkpt lat="51.835653" lon="10.706567">
        <ele>432.692501</ele>
        <time>2026-03-09T19:24:34.394Z</time>
      </trkpt>
      <trkpt lat="51.835824" lon="10.706481">
        <ele>430.078689</ele>
        <time>2026-03-09T19:24:38.205Z</time>
      </trkpt>
      <trkpt lat="51.836093" lon="10.706284">
        <ele>426.029773</ele>
        <time>2026-03-09T19:24:44.688Z</time>
      </trkpt>
      <trkpt lat="51.836473" lon="10.706247">
        <ele>422.884860</ele>
        <time>2026-03-09T19:24:53.297Z</time>
      </trkpt>
      <trkpt lat="51.836855" lon="10.706023">
        <ele>419.528336</ele>
        <time>2026-03-09T19:25:02.615Z</time>
      </trkpt>
      <trkpt lat="51.836981" lon="10.706086">
        <ele>418.438885</ele>
        <time>2026-03-09T19:25:05.644Z</time>
      </trkpt>
      <trkpt lat="51.837039" lon="10.706353">
        <ele>416.994194</ele>
        <time>2026-03-09T19:25:09.616Z</time>
      </trkpt>
      <trkpt lat="51.837051" lon="10.706536">
        <ele>416.054813</ele>
        <time>2026-03-09T19:25:12.146Z</time>
      </trkpt>
      <trkpt lat="51.837001" lon="10.706662">
        <ele>415.290423</ele>
        <time>2026-03-09T19:25:14.186Z</time>
      </trkpt>
      <trkpt lat="51.836862" lon="10.706800">
        <ele>413.943272</ele>
        <time>2026-03-09T19:25:17.747Z</time>
      </trkpt>
      <trkpt lat="51.836595" lon="10.706948">
        <ele>411.611753</ele>
        <time>2026-03-09T19:25:23.837Z</time>
      </trkpt>
      <trkpt lat="51.836236" lon="10.707071">
        <ele>408.335807</ele>
        <time>2026-03-09T19:25:31.737Z</time>
      </trkpt>
      <trkpt lat="51.835490" lon="10.707856">
        <ele>400.371632</ele>
        <time>2026-03-09T19:25:50.824Z</time>
      </trkpt>
      <trkpt lat="51.835369" lon="10.707871">
        <ele>399.285487</ele>
        <time>2026-03-09T19:25:53.452Z</time>
      </trkpt>
      <trkpt lat="51.834986" lon="10.707642">
        <ele>395.631084</ele>
        <time>2026-03-09T19:26:02.396Z</time>
      </trkpt>
      <trkpt lat="51.834780" lon="10.707269">
        <ele>394.534765</ele>
        <time>2026-03-09T19:26:09.576Z</time>
      </trkpt>
      <trkpt lat="51.834471" lon="10.706904">
        <ele>393.354922</ele>
        <time>2026-03-09T19:26:19.734Z</time>
      </trkpt>
      <trkpt lat="51.834183" lon="10.706507">
        <ele>392.188152</ele>
        <time>2026-03-09T19:26:33.591Z</time>
      </trkpt>
      <trkpt lat="51.833909" lon="10.706442">
        <ele>391.334083</ele>
        <time>2026-03-09T19:26:42.722Z</time>
      </trkpt>
      <trkpt lat="51.833579" lon="10.706302">
        <ele>390.281945</ele>
        <time>2026-03-09T19:26:51.878Z</time>
      </trkpt>
      <trkpt lat="51.833416" lon="10.706319">
        <ele>389.527773</ele>
        <time>2026-03-09T19:26:55.970Z</time>
      </trkpt>
      <trkpt lat="51.833416" lon="10.706319">
        <ele>389.527773</ele>
        <time>2026-03-09T19:26:55.975Z</time>
      </trkpt>
      <trkpt lat="51.833367" lon="10.706414">
        <ele>388.618059</ele>
        <time>2026-03-09T19:26:57.883Z</time>
      </trkpt>
      <trkpt lat="51.833358" lon="10.706519">
        <ele>387.838752</ele>
        <time>2026-03-09T19:26:59.460Z</time>
      </trkpt>
      <trkpt lat="51.833508" lon="10.706807">
        <ele>385.069776</ele>
        <time>2026-03-09T19:27:05.018Z</time>
      </trkpt>
      <trkpt lat="51.833582" lon="10.706861">
        <ele>384.104052</ele>
        <time>2026-03-09T19:27:06.851Z</time>
      </trkpt>
      <trkpt lat="51.833777" lon="10.707293">
        <ele>380.171133</ele>
        <time>2026-03-09T19:27:14.131Z</time>
      </trkpt>
      <trkpt lat="51.833948" lon="10.707525">
        <ele>377.516434</ele>
        <time>2026-03-09T19:27:18.771Z</time>
      </trkpt>
      <trkpt lat="51.834159" lon="10.707660">
        <ele>374.817158</ele>
        <time>2026-03-09T19:27:23.312Z</time>
      </trkpt>
      <trkpt lat="51.834585" lon="10.708340">
        <ele>367.438033</ele>
        <time>2026-03-09T19:27:35.006Z</time>
      </trkpt>
      <trkpt lat="51.834967" lon="10.709882">
        <ele>351.089228</ele>
        <time>2026-03-09T19:27:47.940Z</time>
      </trkpt>
      <trkpt lat="51.835110" lon="10.710112">
        <ele>347.878400</ele>
        <time>2026-03-09T19:27:50.511Z</time>
      </trkpt>
      <trkpt lat="51.835254" lon="10.710202">
        <ele>345.420022</ele>
        <time>2026-03-09T19:27:52.506Z</time>
      </trkpt>
      <trkpt lat="51.835407" lon="10.710221">
        <ele>342.976234</ele>
        <time>2026-03-09T19:27:54.509Z</time>
      </trkpt>
      <trkpt lat="51.835642" lon="10.710180">
        <ele>339.540286</ele>
        <time>2026-03-09T19:27:57.639Z</time>
      </trkpt>
      <trkpt lat="51.836663" lon="10.709691">
        <ele>331.688941</ele>
        <time>2026-03-09T19:28:12.957Z</time>
      </trkpt>
      <trkpt lat="51.836848" lon="10.709675">
        <ele>330.322855</ele>
        <time>2026-03-09T19:28:15.718Z</time>
      </trkpt>
      <trkpt lat="51.837102" lon="10.709748">
        <ele>328.420624</ele>
        <time>2026-03-09T19:28:19.559Z</time>
      </trkpt>
      <trkpt lat="51.837452" lon="10.710037">
        <ele>325.793113</ele>
        <time>2026-03-09T19:28:25.331Z</time>
      </trkpt>
      <trkpt lat="51.837760" lon="10.710245">
        <ele>323.972269</ele>
        <time>2026-03-09T19:28:30.160Z</time>
      </trkpt>
      <trkpt lat="51.837910" lon="10.710487">
        <ele>322.816715</ele>
        <time>2026-03-09T19:28:33.216Z</time>
      </trkpt>
      <trkpt lat="51.838207" lon="10.711189">
        <ele>319.948590</ele>
        <time>2026-03-09T19:28:40.805Z</time>
      </trkpt>
      <trkpt lat="51.838365" lon="10.711746">
        <ele>317.882466</ele>
        <time>2026-03-09T19:28:46.521Z</time>
      </trkpt>
      <trkpt lat="51.838527" lon="10.712117">
        <ele>316.822213</ele>
        <time>2026-03-09T19:28:51.020Z</time>
      </trkpt>
      <trkpt lat="51.838647" lon="10.712521">
        <ele>317.107311</ele>
        <time>2026-03-09T19:28:55.849Z</time>
      </trkpt>
      <trkpt lat="51.838906" lon="10.712731">
        <ele>317.405498</ele>
        <time>2026-03-09T19:29:01.747Z</time>
      </trkpt>
      <trkpt lat="51.839064" lon="10.712797">
        <ele>317.573465</ele>
        <time>2026-03-09T19:29:06.057Z</time>
      </trkpt>
      <trkpt lat="51.839481" lon="10.712851">
        <ele>318.004076</ele>
        <time>2026-03-09T19:29:20.319Z</time>
      </trkpt>
      <trkpt lat="51.839880" lon="10.713166">
        <ele>318.461044</ele>
        <time>2026-03-09T19:29:38.898Z</time>
      </trkpt>
      <trkpt lat="51.840004" lon="10.713333">
        <ele>318.673660</ele>
        <time>2026-03-09T19:29:45.659Z</time>
      </trkpt>
      <trkpt lat="51.840171" lon="10.713490">
        <ele>319.200284</ele>
        <time>2026-03-09T19:29:53.442Z</time>
      </trkpt>
      <trkpt lat="51.840641" lon="10.713685">
        <ele>320.523318</ele>
        <time>2026-03-09T19:30:11.922Z</time>
      </trkpt>
      <trkpt lat="51.840797" lon="10.713874">
        <ele>321.054674</ele>
        <time>2026-03-09T19:30:19.086Z</time>
      </trkpt>
      <trkpt lat="51.841023" lon="10.714265">
        <ele>321.956730</ele>
        <time>2026-03-09T19:30:30.832Z</time>
      </trkpt>
      <trkpt lat="51.841244" lon="10.714490">
        <ele>322.668660</ele>
        <time>2026-03-09T19:30:39.503Z</time>
      </trkpt>
      <trkpt lat="51.842035" lon="10.715117">
        <ele>322.737773</ele>
        <time>2026-03-09T19:31:03.661Z</time>
      </trkpt>
      <trkpt lat="51.842201" lon="10.715148">
        <ele>322.515136</ele>
        <time>2026-03-09T19:31:07.144Z</time>
      </trkpt>
      <trkpt lat="51.842370" lon="10.715173">
        <ele>322.289030</ele>
        <time>2026-03-09T19:31:10.533Z</time>
      </trkpt>
      <trkpt lat="51.842611" lon="10.715068">
        <ele>321.956505</ele>
        <time>2026-03-09T19:31:15.310Z</time>
      </trkpt>
      <trkpt lat="51.842795" lon="10.714845">
        <ele>321.650245</ele>
        <time>2026-03-09T19:31:19.477Z</time>
      </trkpt>
      <trkpt lat="51.842921" lon="10.714614">
        <ele>321.396594</ele>
        <time>2026-03-09T19:31:22.638Z</time>
      </trkpt>
      <trkpt lat="51.843085" lon="10.714153">
        <ele>320.538642</ele>
        <time>2026-03-09T19:31:27.616Z</time>
      </trkpt>
      <trkpt lat="51.843242" lon="10.713433">
        <ele>318.129505</ele>
        <time>2026-03-09T19:31:34.240Z</time>
      </trkpt>
      <trkpt lat="51.843325" lon="10.713326">
        <ele>317.587596</ele>
        <time>2026-03-09T19:31:35.724Z</time>
      </trkpt>
      <trkpt lat="51.843636" lon="10.713183">
        <ele>315.936436</ele>
        <time>2026-03-09T19:31:40.323Z</time>
      </trkpt>
      <trkpt lat="51.844137" lon="10.712867">
        <ele>313.190369</ele>
        <time>2026-03-09T19:31:48.553Z</time>
      </trkpt>
      <trkpt lat="51.844200" lon="10.712774">
        <ele>312.754909</ele>
        <time>2026-03-09T19:31:49.911Z</time>
      </trkpt>
      <trkpt lat="51.844227" lon="10.712517">
        <ele>311.932384</ele>
        <time>2026-03-09T19:31:52.537Z</time>
      </trkpt>
      <trkpt lat="51.843970" lon="10.711668">
        <ele>312.477624</ele>
        <time>2026-03-09T19:32:03.676Z</time>
      </trkpt>
      <trkpt lat="51.843950" lon="10.711587">
        <ele>312.529167</ele>
        <time>2026-03-09T19:32:05.475Z</time>
      </trkpt>
      <trkpt lat="51.843867" lon="10.711084">
        <ele>312.836809</ele>
        <time>2026-03-09T19:32:18.415Z</time>
      </trkpt>
      <trkpt lat="51.843879" lon="10.710918">
        <ele>312.935567</ele>
        <time>2026-03-09T19:32:23.070Z</time>
      </trkpt>
      <trkpt lat="51.843927" lon="10.710721">
        <ele>313.060700</ele>
        <time>2026-03-09T19:32:28.868Z</time>
      </trkpt>
      <trkpt lat="51.844290" lon="10.709914">
        <ele>313.631074</ele>
        <time>2026-03-09T19:32:55.772Z</time>
      </trkpt>
      <trkpt lat="51.844322" lon="10.709845">
        <ele>313.573657</ele>
        <time>2026-03-09T19:32:57.618Z</time>
      </trkpt>
      <trkpt lat="51.844402" lon="10.709792">
        <ele>313.480544</ele>
        <time>2026-03-09T19:33:00.378Z</time>
      </trkpt>
      <trkpt lat="51.844537" lon="10.709818">
        <ele>313.334099</ele>
        <time>2026-03-09T19:33:04.533Z</time>
      </trkpt>
      <trkpt lat="51.844644" lon="10.709886">
        <ele>313.210276</ele>
        <time>2026-03-09T19:33:07.904Z</time>
      </trkpt>
      <trkpt lat="51.845587" lon="10.711076">
        <ele>311.922280</ele>
        <time>2026-03-09T19:33:40.383Z</time>
      </trkpt>
      <trkpt lat="51.845914" lon="10.711192">
        <ele>311.870678</ele>
        <time>2026-03-09T19:33:49.623Z</time>
      </trkpt>
      <trkpt lat="51.846254" lon="10.711120">
        <ele>312.303653</ele>
        <time>2026-03-09T19:34:00.381Z</time>
      </trkpt>
      <trkpt lat="51.846509" lon="10.710863">
        <ele>312.682951</ele>
        <time>2026-03-09T19:34:11.244Z</time>
      </trkpt>
      <trkpt lat="51.846692" lon="10.710559">
        <ele>313.014054</ele>
        <time>2026-03-09T19:34:22.506Z</time>
      </trkpt>
      <trkpt lat="51.846873" lon="10.710444">
        <ele>313.259577</ele>
        <time>2026-03-09T19:34:31.168Z</time>
      </trkpt>
      <trkpt lat="51.846873" lon="10.710139">
        <ele>313.497493</ele>
        <time>2026-03-09T19:34:38.248Z</time>
      </trkpt>
      <trkpt lat="51.846953" lon="10.709819">
        <ele>313.766774</ele>
        <time>2026-03-09T19:34:46.223Z</time>
      </trkpt>
      <trkpt lat="51.847141" lon="10.709773">
        <ele>314.058905</ele>
        <time>2026-03-09T19:34:52.807Z</time>
      </trkpt>
      <trkpt lat="51.847179" lon="10.709691">
        <ele>314.269809</ele>
        <time>2026-03-09T19:34:55.170Z</time>
      </trkpt>
      <trkpt lat="51.847181" lon="10.709417">
        <ele>314.833589</ele>
        <time>2026-03-09T19:35:00.883Z</time>
      </trkpt>
      <trkpt lat="51.847223" lon="10.709305">
        <ele>315.103156</ele>
        <time>2026-03-09T19:35:03.261Z</time>
      </trkpt>
      <trkpt lat="51.847570" lon="10.708672">
        <ele>316.844343</ele>
        <time>2026-03-09T19:35:20.234Z</time>
      </trkpt>
      <trkpt lat="51.847626" lon="10.708651">
        <ele>317.035790</ele>
        <time>2026-03-09T19:35:21.891Z</time>
      </trkpt>
      <trkpt lat="51.847940" lon="10.708732">
        <ele>318.094759</ele>
        <time>2026-03-09T19:35:32.402Z</time>
      </trkpt>
      <trkpt lat="51.848068" lon="10.709048">
        <ele>318.872202</ele>
        <time>2026-03-09T19:35:41.396Z</time>
      </trkpt>
      <trkpt lat="51.848114" lon="10.709104">
        <ele>319.063893</ele>
        <time>2026-03-09T19:35:43.736Z</time>
      </trkpt>
      <trkpt lat="51.848233" lon="10.709137">
        <ele>319.465995</ele>
        <time>2026-03-09T19:35:48.885Z</time>
      </trkpt>
      <trkpt lat="51.848382" lon="10.708293">
        <ele>323.474383</ele>
        <time>2026-03-09T19:36:16.267Z</time>
      </trkpt>
      <trkpt lat="51.848687" lon="10.707004">
        <ele>331.101469</ele>
        <time>2026-03-09T19:37:17.881Z</time>
      </trkpt>
      <trkpt lat="51.848741" lon="10.706808">
        <ele>332.287309</ele>
        <time>2026-03-09T19:37:28.445Z</time>
      </trkpt>
      <trkpt lat="51.848824" lon="10.706416">
        <ele>334.577026</ele>
        <time>2026-03-09T19:37:49.118Z</time>
      </trkpt>
      <trkpt lat="51.849073" lon="10.705987">
        <ele>337.059221</ele>
        <time>2026-03-09T19:38:17.462Z</time>
      </trkpt>
      <trkpt lat="51.849163" lon="10.705767">
        <ele>337.884637</ele>
        <time>2026-03-09T19:38:29.664Z</time>
      </trkpt>
      <trkpt lat="51.849643" lon="10.704142">
        <ele>343.519071</ele>
        <time>2026-03-09T19:39:22.069Z</time>
      </trkpt>
      <trkpt lat="51.849850" lon="10.703794">
        <ele>345.030284</ele>
        <time>2026-03-09T19:39:28.318Z</time>
      </trkpt>
      <trkpt lat="51.850045" lon="10.703576">
        <ele>344.900206</ele>
        <time>2026-03-09T19:39:32.522Z</time>
      </trkpt>
      <trkpt lat="51.850218" lon="10.703052">
        <ele>344.444692</ele>
        <time>2026-03-09T19:39:38.552Z</time>
      </trkpt>
      <trkpt lat="51.850399" lon="10.702690">
        <ele>344.087635</ele>
        <time>2026-03-09T19:39:43.081Z</time>
      </trkpt>
      <trkpt lat="51.850670" lon="10.702326">
        <ele>343.650593</ele>
        <time>2026-03-09T19:39:48.861Z</time>
      </trkpt>
      <trkpt lat="51.850775" lon="10.702344">
        <ele>343.519546</ele>
        <time>2026-03-09T19:39:50.749Z</time>
      </trkpt>
      <trkpt lat="51.850803" lon="10.702292">
        <ele>343.466660</ele>
        <time>2026-03-09T19:39:51.542Z</time>
      </trkpt>
      <trkpt lat="51.850923" lon="10.701520">
        <ele>343.116674</ele>
        <time>2026-03-09T19:40:02.690Z</time>
      </trkpt>
      <trkpt lat="51.851050" lon="10.701062">
        <ele>344.097902</ele>
        <time>2026-03-09T19:40:12.506Z</time>
      </trkpt>
      <trkpt lat="51.851272" lon="10.700602">
        <ele>345.238848</ele>
        <time>2026-03-09T19:40:27.027Z</time>
      </trkpt>
      <trkpt lat="51.851467" lon="10.699983">
        <ele>346.596936</ele>
        <time>2026-03-09T19:40:46.681Z</time>
      </trkpt>
      <trkpt lat="51.851644" lon="10.699272">
        <ele>348.095193</ele>
        <time>2026-03-09T19:41:08.181Z</time>
      </trkpt>
      <trkpt lat="51.851799" lon="10.698871">
        <ele>348.611037</ele>
        <time>2026-03-09T19:41:18.715Z</time>
      </trkpt>
      <trkpt lat="51.851839" lon="10.698653">
        <ele>348.600097</ele>
        <time>2026-03-09T19:41:23.136Z</time>
      </trkpt>
      <trkpt lat="51.851873" lon="10.698230">
        <ele>348.579575</ele>
        <time>2026-03-09T19:41:30.690Z</time>
      </trkpt>
      <trkpt lat="51.852009" lon="10.697643">
        <ele>348.549414</ele>
        <time>2026-03-09T19:41:39.684Z</time>
      </trkpt>
      <trkpt lat="51.852102" lon="10.697580">
        <ele>348.541563</ele>
        <time>2026-03-09T19:41:41.587Z</time>
      </trkpt>
      <trkpt lat="51.852260" lon="10.697388">
        <ele>348.526176</ele>
        <time>2026-03-09T19:41:45.309Z</time>
      </trkpt>
      <trkpt lat="51.852599" lon="10.696750">
        <ele>348.485689</ele>
        <time>2026-03-09T19:41:54.248Z</time>
      </trkpt>
      <trkpt lat="51.852705" lon="10.696483">
        <ele>348.072370</ele>
        <time>2026-03-09T19:41:57.464Z</time>
      </trkpt>
      <trkpt lat="51.853037" lon="10.694902">
        <ele>344.902506</ele>
        <time>2026-03-09T19:42:14.746Z</time>
      </trkpt>
      <trkpt lat="51.853056" lon="10.694576">
        <ele>344.280923</ele>
        <time>2026-03-09T19:42:19.955Z</time>
      </trkpt>
      <trkpt lat="51.853196" lon="10.694197">
        <ele>343.442645</ele>
        <time>2026-03-09T19:42:26.929Z</time>
      </trkpt>
      <trkpt lat="51.853377" lon="10.693972">
        <ele>342.628890</ele>
        <time>2026-03-09T19:42:32.729Z</time>
      </trkpt>
      <trkpt lat="51.853483" lon="10.693740">
        <ele>341.790318</ele>
        <time>2026-03-09T19:42:37.220Z</time>
      </trkpt>
      <trkpt lat="51.853742" lon="10.691399">
        <ele>334.879307</ele>
        <time>2026-03-09T19:43:12.199Z</time>
      </trkpt>
      <trkpt lat="51.853996" lon="10.690284">
        <ele>334.384335</ele>
        <time>2026-03-09T19:43:30.834Z</time>
      </trkpt>
      <trkpt lat="51.854000" lon="10.690228">
        <ele>334.378622</ele>
        <time>2026-03-09T19:43:31.799Z</time>
      </trkpt>
      <trkpt lat="51.854019" lon="10.690031">
        <ele>334.358418</ele>
        <time>2026-03-09T19:43:35.261Z</time>
      </trkpt>
      <trkpt lat="51.853999" lon="10.689527">
        <ele>334.307241</ele>
        <time>2026-03-09T19:43:44.927Z</time>
      </trkpt>
      <trkpt lat="51.854050" lon="10.689194">
        <ele>334.272476</ele>
        <time>2026-03-09T19:43:53.496Z</time>
      </trkpt>
      <trkpt lat="51.854104" lon="10.689014">
        <ele>334.252199</ele>
        <time>2026-03-09T19:43:59.307Z</time>
      </trkpt>
      <trkpt lat="51.854193" lon="10.688891">
        <ele>334.233002</ele>
        <time>2026-03-09T19:44:05.247Z</time>
      </trkpt>
      <trkpt lat="51.854360" lon="10.688579">
        <ele>334.268882</ele>
        <time>2026-03-09T19:44:19.785Z</time>
      </trkpt>
      <trkpt lat="51.854398" lon="10.688461">
        <ele>334.465750</ele>
        <time>2026-03-09T19:44:24.838Z</time>
      </trkpt>
      <trkpt lat="51.854576" lon="10.687765">
        <ele>335.580164</ele>
        <time>2026-03-09T19:44:52.409Z</time>
      </trkpt>
      <trkpt lat="51.854608" lon="10.687362">
        <ele>336.181255</ele>
        <time>2026-03-09T19:45:05.644Z</time>
      </trkpt>
      <trkpt lat="51.854717" lon="10.687057">
        <ele>336.702546</ele>
        <time>2026-03-09T19:45:15.979Z</time>
      </trkpt>
      <trkpt lat="51.854895" lon="10.686724">
        <ele>337.354036</ele>
        <time>2026-03-09T19:45:28.363Z</time>
      </trkpt>
      <trkpt lat="51.854928" lon="10.686449">
        <ele>337.768465</ele>
        <time>2026-03-09T19:45:35.214Z</time>
      </trkpt>
      <trkpt lat="51.855134" lon="10.685793">
        <ele>337.586473</ele>
        <time>2026-03-09T19:45:48.820Z</time>
      </trkpt>
      <trkpt lat="51.855354" lon="10.685357">
        <ele>335.421600</ele>
        <time>2026-03-09T19:45:57.295Z</time>
      </trkpt>
      <trkpt lat="51.855385" lon="10.685201">
        <ele>334.791459</ele>
        <time>2026-03-09T19:45:59.639Z</time>
      </trkpt>
      <trkpt lat="51.855419" lon="10.685111">
        <ele>334.385785</ele>
        <time>2026-03-09T19:46:01.113Z</time>
      </trkpt>
      <trkpt lat="51.855640" lon="10.684534">
        <ele>331.775108</ele>
        <time>2026-03-09T19:46:10.500Z</time>
      </trkpt>
      <trkpt lat="51.855924" lon="10.684048">
        <ele>329.202479</ele>
        <time>2026-03-09T19:46:19.635Z</time>
      </trkpt>
      <trkpt lat="51.855966" lon="10.683903">
        <ele>328.586657</ele>
        <time>2026-03-09T19:46:21.016Z</time>
      </trkpt>
      <trkpt lat="51.856233" lon="10.683432">
        <ele>325.733020</ele>
        <time>2026-03-09T19:46:26.475Z</time>
      </trkpt>
      <trkpt lat="51.856342" lon="10.683021">
        <ele>323.435897</ele>
        <time>2026-03-09T19:46:30.276Z</time>
      </trkpt>
      <trkpt lat="51.856380" lon="10.682953">
        <ele>322.964943</ele>
        <time>2026-03-09T19:46:31.046Z</time>
      </trkpt>
      <trkpt lat="51.856550" lon="10.682442">
        <ele>319.984136</ele>
        <time>2026-03-09T19:46:36.044Z</time>
      </trkpt>
      <trkpt lat="51.856603" lon="10.682312">
        <ele>319.184167</ele>
        <time>2026-03-09T19:46:37.402Z</time>
      </trkpt>
      <trkpt lat="51.856682" lon="10.682143">
        <ele>318.095685</ele>
        <time>2026-03-09T19:46:39.251Z</time>
      </trkpt>
      <trkpt lat="51.856763" lon="10.681839">
        <ele>316.395370</ele>
        <time>2026-03-09T19:46:42.153Z</time>
      </trkpt>
      <trkpt lat="51.857047" lon="10.680294">
        <ele>308.319058</ele>
        <time>2026-03-09T19:46:56.003Z</time>
      </trkpt>
      <trkpt lat="51.857122" lon="10.679766">
        <ele>305.669537</ele>
        <time>2026-03-09T19:47:00.676Z</time>
      </trkpt>
      <trkpt lat="51.857111" lon="10.679141">
        <ele>302.611822</ele>
        <time>2026-03-09T19:47:06.164Z</time>
      </trkpt>
      <trkpt lat="51.857074" lon="10.678848">
        <ele>301.149302</ele>
        <time>2026-03-09T19:47:08.806Z</time>
      </trkpt>
      <trkpt lat="51.857062" lon="10.678677">
        <ele>300.307669</ele>
        <time>2026-03-09T19:47:10.311Z</time>
      </trkpt>
      <trkpt lat="51.857056" lon="10.678592">
        <ele>299.889282</ele>
        <time>2026-03-09T19:47:11.051Z</time>
      </trkpt>
      <trkpt lat="51.857077" lon="10.678130">
        <ele>297.614895</ele>
        <time>2026-03-09T19:47:15.082Z</time>
      </trkpt>
      <trkpt lat="51.857029" lon="10.677244">
        <ele>293.185349</ele>
        <time>2026-03-09T19:47:22.794Z</time>
      </trkpt>
      <trkpt lat="51.857092" lon="10.677102">
        <ele>292.314587</ele>
        <time>2026-03-09T19:47:24.287Z</time>
      </trkpt>
      <trkpt lat="51.857142" lon="10.676901">
        <ele>291.235391</ele>
        <time>2026-03-09T19:47:26.120Z</time>
      </trkpt>
      <trkpt lat="51.857186" lon="10.676603">
        <ele>289.709425</ele>
        <time>2026-03-09T19:47:28.679Z</time>
      </trkpt>
      <trkpt lat="51.857291" lon="10.676463">
        <ele>288.612593</ele>
        <time>2026-03-09T19:47:31.558Z</time>
      </trkpt>
      <trkpt lat="51.857610" lon="10.675823">
        <ele>284.516690</ele>
        <time>2026-03-09T19:47:42.752Z</time>
      </trkpt>
      <trkpt lat="51.857685" lon="10.675830">
        <ele>283.910906</ele>
        <time>2026-03-09T19:47:44.460Z</time>
      </trkpt>
      <trkpt lat="51.857956" lon="10.675717">
        <ele>283.211580</ele>
        <time>2026-03-09T19:47:51.046Z</time>
      </trkpt>
      <trkpt lat="51.857971" lon="10.675657">
        <ele>283.146542</ele>
        <time>2026-03-09T19:47:52.049Z</time>
      </trkpt>
      <trkpt lat="51.857970" lon="10.675602">
        <ele>283.091255</ele>
        <time>2026-03-09T19:47:52.575Z</time>
      </trkpt>
      <trkpt lat="51.857998" lon="10.675472">
        <ele>282.952920</ele>
        <time>2026-03-09T19:47:54.744Z</time>
      </trkpt>
      <trkpt lat="51.858000" lon="10.675336">
        <ele>282.816232</ele>
        <time>2026-03-09T19:47:56.078Z</time>
      </trkpt>
      <trkpt lat="51.857920" lon="10.675309">
        <ele>282.683285</ele>
        <time>2026-03-09T19:47:57.453Z</time>
      </trkpt>
      <trkpt lat="51.857681" lon="10.675326">
        <ele>282.294088</ele>
        <time>2026-03-09T19:48:01.561Z</time>
      </trkpt>
      <trkpt lat="51.857634" lon="10.675348">
        <ele>282.214495</ele>
        <time>2026-03-09T19:48:02.447Z</time>
      </trkpt>
      <trkpt lat="51.857472" lon="10.675328">
        <ele>281.950177</ele>
        <time>2026-03-09T19:48:07.180Z</time>
      </trkpt>
      <trkpt lat="51.857324" lon="10.675111">
        <ele>281.625347</ele>
        <time>2026-03-09T19:48:13.238Z</time>
      </trkpt>
      <trkpt lat="51.857276" lon="10.675066">
        <ele>281.535112</ele>
        <time>2026-03-09T19:48:15.137Z</time>
      </trkpt>
      <trkpt lat="51.857191" lon="10.675087">
        <ele>281.395228</ele>
        <time>2026-03-09T19:48:17.460Z</time>
      </trkpt>
      <trkpt lat="51.856952" lon="10.674881">
        <ele>280.954744</ele>
        <time>2026-03-09T19:48:27.360Z</time>
      </trkpt>
      <trkpt lat="51.856574" lon="10.674558">
        <ele>281.233862</ele>
        <time>2026-03-09T19:48:41.699Z</time>
      </trkpt>
      <trkpt lat="51.856466" lon="10.674261">
        <ele>281.691793</ele>
        <time>2026-03-09T19:48:47.801Z</time>
      </trkpt>
      <trkpt lat="51.856271" lon="10.674235">
        <ele>282.112703</ele>
        <time>2026-03-09T19:48:55.585Z</time>
      </trkpt>
      <trkpt lat="51.856132" lon="10.674329">
        <ele>282.436759</ele>
        <time>2026-03-09T19:49:01.281Z</time>
      </trkpt>
      <trkpt lat="51.856001" lon="10.674068">
        <ele>282.883614</ele>
        <time>2026-03-09T19:49:09.312Z</time>
      </trkpt>
      <trkpt lat="51.855904" lon="10.673874">
        <ele>283.215255</ele>
        <time>2026-03-09T19:49:15.542Z</time>
      </trkpt>
      <trkpt lat="51.855783" lon="10.673696">
        <ele>283.566953</ele>
        <time>2026-03-09T19:49:22.410Z</time>
      </trkpt>
      <trkpt lat="51.855405" lon="10.673393">
        <ele>284.474323</ele>
        <time>2026-03-09T19:49:42.056Z</time>
      </trkpt>
      <trkpt lat="51.855120" lon="10.673459">
        <ele>286.056439</ele>
        <time>2026-03-09T19:49:52.576Z</time>
      </trkpt>
      <trkpt lat="51.854755" lon="10.673436">
        <ele>288.229472</ele>
        <time>2026-03-09T19:50:06.585Z</time>
      </trkpt>
      <trkpt lat="51.854626" lon="10.673487">
        <ele>289.019444</ele>
        <time>2026-03-09T19:50:12.636Z</time>
      </trkpt>
      <trkpt lat="51.854123" lon="10.673008">
        <ele>292.491050</ele>
        <time>2026-03-09T19:50:48.262Z</time>
      </trkpt>
      <trkpt lat="51.854067" lon="10.673008">
        <ele>292.824194</ele>
        <time>2026-03-09T19:50:52.045Z</time>
      </trkpt>
      <trkpt lat="51.854024" lon="10.672757">
        <ele>293.781314</ele>
        <time>2026-03-09T19:51:03.303Z</time>
      </trkpt>
      <trkpt lat="51.853814" lon="10.672594">
        <ele>295.166763</ele>
        <time>2026-03-09T19:51:22.023Z</time>
      </trkpt>
      <trkpt lat="51.853612" lon="10.672438">
        <ele>296.631411</ele>
        <time>2026-03-09T19:51:39.408Z</time>
      </trkpt>
      <trkpt lat="51.853372" lon="10.672437">
        <ele>298.211390</ele>
        <time>2026-03-09T19:51:56.136Z</time>
      </trkpt>
      <trkpt lat="51.853129" lon="10.672280">
        <ele>299.933797</ele>
        <time>2026-03-09T19:52:12.430Z</time>
      </trkpt>
      <trkpt lat="51.852805" lon="10.672134">
        <ele>302.147843</ele>
        <time>2026-03-09T19:52:32.750Z</time>
      </trkpt>
      <trkpt lat="51.852750" lon="10.672109">
        <ele>302.523921</ele>
        <time>2026-03-09T19:52:36.280Z</time>
      </trkpt>
      <trkpt lat="51.852564" lon="10.671780">
        <ele>304.337522</ele>
        <time>2026-03-09T19:52:53.361Z</time>
      </trkpt>
      <trkpt lat="51.852499" lon="10.671546">
        <ele>305.380844</ele>
        <time>2026-03-09T19:53:03.438Z</time>
      </trkpt>
      <trkpt lat="51.852429" lon="10.671302">
        <ele>306.474834</ele>
        <time>2026-03-09T19:53:12.090Z</time>
      </trkpt>
      <trkpt lat="51.852244" lon="10.670996">
        <ele>308.274987</ele>
        <time>2026-03-09T19:53:26.954Z</time>
      </trkpt>
      <trkpt lat="51.852184" lon="10.670865">
        <ele>308.972884</ele>
        <time>2026-03-09T19:53:31.469Z</time>
      </trkpt>
      <trkpt lat="51.852165" lon="10.670794">
        <ele>309.304008</ele>
        <time>2026-03-09T19:53:33.961Z</time>
      </trkpt>
      <trkpt lat="51.852103" lon="10.670738">
        <ele>309.795873</ele>
        <time>2026-03-09T19:53:37.005Z</time>
      </trkpt>
      <trkpt lat="51.851951" lon="10.670737">
        <ele>310.848938</ele>
        <time>2026-03-09T19:53:43.164Z</time>
      </trkpt>
      <trkpt lat="51.851815" lon="10.670668">
        <ele>311.836331</ele>
        <time>2026-03-09T19:53:49.789Z</time>
      </trkpt>
      <trkpt lat="51.851489" lon="10.670093">
        <ele>315.176368</ele>
        <time>2026-03-09T19:54:22.774Z</time>
      </trkpt>
      <trkpt lat="51.851458" lon="10.670108">
        <ele>315.400524</ele>
        <time>2026-03-09T19:54:25.247Z</time>
      </trkpt>
      <trkpt lat="51.851407" lon="10.670143">
        <ele>315.784288</ele>
        <time>2026-03-09T19:54:30.083Z</time>
      </trkpt>
      <trkpt lat="51.851302" lon="10.669857">
        <ele>317.208071</ele>
        <time>2026-03-09T19:54:47.170Z</time>
      </trkpt>
      <trkpt lat="51.851283" lon="10.669697">
        <ele>317.905323</ele>
        <time>2026-03-09T19:54:56.911Z</time>
      </trkpt>
      <trkpt lat="51.851270" lon="10.669598">
        <ele>318.338456</ele>
        <time>2026-03-09T19:55:01.738Z</time>
      </trkpt>
      <trkpt lat="51.851275" lon="10.669394">
        <ele>319.212153</ele>
        <time>2026-03-09T19:55:12.649Z</time>
      </trkpt>
      <trkpt lat="51.851233" lon="10.669225">
        <ele>319.762120</ele>
        <time>2026-03-09T19:55:21.775Z</time>
      </trkpt>
      <trkpt lat="51.851169" lon="10.669143">
        <ele>320.033435</ele>
        <time>2026-03-09T19:55:27.114Z</time>
      </trkpt>
      <trkpt lat="51.850916" lon="10.669151">
        <ele>320.874615</ele>
        <time>2026-03-09T19:55:43.482Z</time>
      </trkpt>
      <trkpt lat="51.850698" lon="10.669044">
        <ele>321.631863</ele>
        <time>2026-03-09T19:55:54.956Z</time>
      </trkpt>
      <trkpt lat="51.850568" lon="10.668895">
        <ele>322.161351</ele>
        <time>2026-03-09T19:56:03.011Z</time>
      </trkpt>
      <trkpt lat="51.850435" lon="10.668625">
        <ele>322.870469</ele>
        <time>2026-03-09T19:56:15.352Z</time>
      </trkpt>
      <trkpt lat="51.850198" lon="10.667899">
        <ele>324.556616</ele>
        <time>2026-03-09T19:56:36.686Z</time>
      </trkpt>
      <trkpt lat="51.850073" lon="10.667413">
        <ele>325.529920</ele>
        <time>2026-03-09T19:56:45.280Z</time>
      </trkpt>
      <trkpt lat="51.850029" lon="10.667056">
        <ele>325.533788</ele>
        <time>2026-03-09T19:56:50.856Z</time>
      </trkpt>
      <trkpt lat="51.850121" lon="10.665952">
        <ele>325.545625</ele>
        <time>2026-03-09T19:57:09.212Z</time>
      </trkpt>
      <trkpt lat="51.850195" lon="10.665734">
        <ele>325.548268</ele>
        <time>2026-03-09T19:57:14.720Z</time>
      </trkpt>
      <trkpt lat="51.850180" lon="10.665699">
        <ele>325.548720</ele>
        <time>2026-03-09T19:57:15.364Z</time>
      </trkpt>
      <trkpt lat="51.849995" lon="10.665323">
        <ele>325.553828</ele>
        <time>2026-03-09T19:57:23.477Z</time>
      </trkpt>
      <trkpt lat="51.849759" lon="10.664732">
        <ele>325.934180</ele>
        <time>2026-03-09T19:57:37.570Z</time>
      </trkpt>
      <trkpt lat="51.849667" lon="10.664392">
        <ele>327.398079</ele>
        <time>2026-03-09T19:57:47.731Z</time>
      </trkpt>
      <trkpt lat="51.849641" lon="10.664299">
        <ele>327.800668</ele>
        <time>2026-03-09T19:57:50.746Z</time>
      </trkpt>
      <trkpt lat="51.849522" lon="10.663924">
        <ele>329.463334</ele>
        <time>2026-03-09T19:58:03.647Z</time>
      </trkpt>
      <trkpt lat="51.849510" lon="10.663889">
        <ele>329.621204</ele>
        <time>2026-03-09T19:58:04.872Z</time>
      </trkpt>
      <trkpt lat="51.849445" lon="10.663690">
        <ele>330.508989</ele>
        <time>2026-03-09T19:58:11.715Z</time>
      </trkpt>
      <trkpt lat="51.849307" lon="10.663323">
        <ele>332.203446</ele>
        <time>2026-03-09T19:58:24.781Z</time>
      </trkpt>
      <trkpt lat="51.849275" lon="10.663261">
        <ele>332.522081</ele>
        <time>2026-03-09T19:58:27.442Z</time>
      </trkpt>
      <trkpt lat="51.849233" lon="10.663180">
        <ele>332.939155</ele>
        <time>2026-03-09T19:58:30.831Z</time>
      </trkpt>
      <trkpt lat="51.849155" lon="10.663349">
        <ele>333.771157</ele>
        <time>2026-03-09T19:58:38.006Z</time>
      </trkpt>
      <trkpt lat="51.849266" lon="10.663917">
        <ele>336.120691</ele>
        <time>2026-03-09T19:58:58.437Z</time>
      </trkpt>
      <trkpt lat="51.849388" lon="10.664370">
        <ele>339.081832</ele>
        <time>2026-03-09T19:59:19.394Z</time>
      </trkpt>
      <trkpt lat="51.849383" lon="10.665201">
        <ele>345.592318</ele>
        <time>2026-03-09T20:00:02.253Z</time>
      </trkpt>
      <trkpt lat="51.849433" lon="10.665721">
        <ele>349.715128</ele>
        <time>2026-03-09T20:00:31.303Z</time>
      </trkpt>
      <trkpt lat="51.849407" lon="10.666177">
        <ele>353.302682</ele>
        <time>2026-03-09T20:00:57.930Z</time>
      </trkpt>
      <trkpt lat="51.849257" lon="10.666860">
        <ele>358.981514</ele>
        <time>2026-03-09T20:01:40.361Z</time>
      </trkpt>
      <trkpt lat="51.849107" lon="10.667362">
        <ele>363.495569</ele>
        <time>2026-03-09T20:02:12.307Z</time>
      </trkpt>
      <trkpt lat="51.849082" lon="10.667516">
        <ele>364.794871</ele>
        <time>2026-03-09T20:02:21.390Z</time>
      </trkpt>
      <trkpt lat="51.849102" lon="10.667639">
        <ele>365.832733</ele>
        <time>2026-03-09T20:02:28.759Z</time>
      </trkpt>
      <trkpt lat="51.849148" lon="10.667749">
        <ele>366.916660</ele>
        <time>2026-03-09T20:02:36.445Z</time>
      </trkpt>
      <trkpt lat="51.849436" lon="10.668303">
        <ele>372.825020</ele>
        <time>2026-03-09T20:03:18.760Z</time>
      </trkpt>
      <trkpt lat="51.849627" lon="10.668954">
        <ele>378.705818</ele>
        <time>2026-03-09T20:03:58.250Z</time>
      </trkpt>
      <trkpt lat="51.849726" lon="10.669389">
        <ele>382.488592</ele>
        <time>2026-03-09T20:04:21.829Z</time>
      </trkpt>
      <trkpt lat="51.849772" lon="10.669674">
        <ele>384.538595</ele>
        <time>2026-03-09T20:04:35.674Z</time>
      </trkpt>
      <trkpt lat="51.849764" lon="10.670061">
        <ele>386.824545</ele>
        <time>2026-03-09T20:04:52.359Z</time>
      </trkpt>
      <trkpt lat="51.849696" lon="10.670388">
        <ele>388.861456</ele>
        <time>2026-03-09T20:05:05.809Z</time>
      </trkpt>
      <trkpt lat="51.849699" lon="10.670567">
        <ele>389.918580</ele>
        <time>2026-03-09T20:05:12.611Z</time>
      </trkpt>
      <trkpt lat="51.849727" lon="10.670640">
        <ele>390.425859</ele>
        <time>2026-03-09T20:05:15.879Z</time>
      </trkpt>
      <trkpt lat="51.849919" lon="10.670818">
        <ele>392.540378</ele>
        <time>2026-03-09T20:05:29.280Z</time>
      </trkpt>
      <trkpt lat="51.850325" lon="10.671008">
        <ele>396.579353</ele>
        <time>2026-03-09T20:05:54.112Z</time>
      </trkpt>
      <trkpt lat="51.850547" lon="10.671152">
        <ele>398.864958</ele>
        <time>2026-03-09T20:06:09.207Z</time>
      </trkpt>
      <trkpt lat="51.850656" lon="10.671331">
        <ele>400.348800</ele>
        <time>2026-03-09T20:06:20.084Z</time>
      </trkpt>
      <trkpt lat="51.850761" lon="10.671593">
        <ele>402.741715</ele>
        <time>2026-03-09T20:06:35.193Z</time>
      </trkpt>
      <trkpt lat="51.850829" lon="10.671987">
        <ele>406.111166</ele>
        <time>2026-03-09T20:06:56.233Z</time>
      </trkpt>
      <trkpt lat="51.850865" lon="10.672424">
        <ele>409.742363</ele>
        <time>2026-03-09T20:07:27.049Z</time>
      </trkpt>
      <trkpt lat="51.850831" lon="10.672756">
        <ele>412.514190</ele>
        <time>2026-03-09T20:07:53.235Z</time>
      </trkpt>
      <trkpt lat="51.850728" lon="10.673318">
        <ele>417.342527</ele>
        <time>2026-03-09T20:08:30.731Z</time>
      </trkpt>
      <trkpt lat="51.850728" lon="10.673609">
        <ele>419.739340</ele>
        <time>2026-03-09T20:08:46.288Z</time>
      </trkpt>
      <trkpt lat="51.850739" lon="10.673736">
        <ele>420.795605</ele>
        <time>2026-03-09T20:08:52.766Z</time>
      </trkpt>
      <trkpt lat="51.850698" lon="10.673840">
        <ele>421.811784</ele>
        <time>2026-03-09T20:08:58.747Z</time>
      </trkpt>
      <trkpt lat="51.850646" lon="10.673881">
        <ele>422.583007</ele>
        <time>2026-03-09T20:09:03.347Z</time>
      </trkpt>
      <trkpt lat="51.850547" lon="10.673827">
        <ele>423.975972</ele>
        <time>2026-03-09T20:09:10.933Z</time>
      </trkpt>
      <trkpt lat="51.850524" lon="10.673759">
        <ele>424.614521</ele>
        <time>2026-03-09T20:09:14.422Z</time>
      </trkpt>
      <trkpt lat="51.850523" lon="10.673634">
        <ele>425.226205</ele>
        <time>2026-03-09T20:09:19.618Z</time>
      </trkpt>
      <trkpt lat="51.850551" lon="10.673463">
        <ele>425.973952</ele>
        <time>2026-03-09T20:09:26.082Z</time>
      </trkpt>
      <trkpt lat="51.850618" lon="10.672978">
        <ele>428.074591</ele>
        <time>2026-03-09T20:09:42.383Z</time>
      </trkpt>
      <trkpt lat="51.850590" lon="10.672574">
        <ele>429.792934</ele>
        <time>2026-03-09T20:09:56.114Z</time>
      </trkpt>
      <trkpt lat="51.850485" lon="10.672268">
        <ele>431.272496</ele>
        <time>2026-03-09T20:10:08.548Z</time>
      </trkpt>
      <trkpt lat="51.850420" lon="10.672156">
        <ele>431.922060</ele>
        <time>2026-03-09T20:10:12.781Z</time>
      </trkpt>
      <trkpt lat="51.850284" lon="10.672012">
        <ele>433.034035</ele>
        <time>2026-03-09T20:10:18.284Z</time>
      </trkpt>
      <trkpt lat="51.850030" lon="10.671897">
        <ele>434.838763</ele>
        <time>2026-03-09T20:10:33.529Z</time>
      </trkpt>
      <trkpt lat="51.849413" lon="10.671848">
        <ele>438.927278</ele>
        <time>2026-03-09T20:11:08.900Z</time>
      </trkpt>
      <trkpt lat="51.849168" lon="10.671755">
        <ele>440.528323</ele>
        <time>2026-03-09T20:11:21.148Z</time>
      </trkpt>
      <trkpt lat="51.849139" lon="10.671738">
        <ele>440.724555</ele>
        <time>2026-03-09T20:11:22.913Z</time>
      </trkpt>
      <trkpt lat="51.849094" lon="10.671712">
        <ele>441.028548</ele>
        <time>2026-03-09T20:11:25.084Z</time>
      </trkpt>
      <trkpt lat="51.849013" lon="10.671558">
        <ele>441.823479</ele>
        <time>2026-03-09T20:11:31.005Z</time>
      </trkpt>
      <trkpt lat="51.848974" lon="10.671409">
        <ele>442.459482</ele>
        <time>2026-03-09T20:11:36.040Z</time>
      </trkpt>
      <trkpt lat="51.848938" lon="10.671046">
        <ele>443.904425</ele>
        <time>2026-03-09T20:11:46.657Z</time>
      </trkpt>
      <trkpt lat="51.848925" lon="10.670582">
        <ele>445.729927</ele>
        <time>2026-03-09T20:12:00.459Z</time>
      </trkpt>
      <trkpt lat="51.848886" lon="10.670291">
        <ele>446.900232</ele>
        <time>2026-03-09T20:12:09.560Z</time>
      </trkpt>
      <trkpt lat="51.848703" lon="10.669932">
        <ele>448.844883</ele>
        <time>2026-03-09T20:12:25.928Z</time>
      </trkpt>
      <trkpt lat="51.848577" lon="10.669815">
        <ele>450.321524</ele>
        <time>2026-03-09T20:12:34.558Z</time>
      </trkpt>
      <trkpt lat="51.848425" lon="10.669737">
        <ele>451.942485</ele>
        <time>2026-03-09T20:12:45.681Z</time>
      </trkpt>
      <trkpt lat="51.848198" lon="10.669707">
        <ele>454.257769</ele>
        <time>2026-03-09T20:13:05.155Z</time>
      </trkpt>
      <trkpt lat="51.847709" lon="10.669760">
        <ele>459.239911</ele>
        <time>2026-03-09T20:13:51.153Z</time>
      </trkpt>
      <trkpt lat="51.847578" lon="10.669746">
        <ele>460.574513</ele>
        <time>2026-03-09T20:14:03.278Z</time>
      </trkpt>
      <trkpt lat="51.847506" lon="10.669698">
        <ele>461.366082</ele>
        <time>2026-03-09T20:14:10.244Z</time>
      </trkpt>
      <trkpt lat="51.847463" lon="10.669608">
        <ele>462.080589</ele>
        <time>2026-03-09T20:14:16.441Z</time>
      </trkpt>
      <trkpt lat="51.847426" lon="10.669424">
        <ele>463.295770</ele>
        <time>2026-03-09T20:14:26.185Z</time>
      </trkpt>
      <trkpt lat="51.847355" lon="10.669069">
        <ele>465.639068</ele>
        <time>2026-03-09T20:14:42.375Z</time>
      </trkpt>
      <trkpt lat="51.847288" lon="10.668795">
        <ele>466.863843</ele>
        <time>2026-03-09T20:14:52.304Z</time>
      </trkpt>
      <trkpt lat="51.847168" lon="10.668474">
        <ele>467.014712</ele>
        <time>2026-03-09T20:15:01.235Z</time>
      </trkpt>
      <trkpt lat="51.847153" lon="10.668340">
        <ele>467.069471</ele>
        <time>2026-03-09T20:15:03.381Z</time>
      </trkpt>
      <trkpt lat="51.847184" lon="10.668100">
        <ele>467.168063</ele>
        <time>2026-03-09T20:15:06.426Z</time>
      </trkpt>
      <trkpt lat="51.847381" lon="10.667535">
        <ele>467.428940</ele>
        <time>2026-03-09T20:15:13.301Z</time>
      </trkpt>
      <trkpt lat="51.847472" lon="10.667126">
        <ele>467.603741</ele>
        <time>2026-03-09T20:15:17.842Z</time>
      </trkpt>
      <trkpt lat="51.847470" lon="10.666824">
        <ele>467.725182</ele>
        <time>2026-03-09T20:15:21.119Z</time>
      </trkpt>
      <trkpt lat="51.847437" lon="10.666717">
        <ele>467.773271</ele>
        <time>2026-03-09T20:15:22.473Z</time>
      </trkpt>
      <trkpt lat="51.847257" lon="10.666419">
        <ele>467.940858</ele>
        <time>2026-03-09T20:15:27.484Z</time>
      </trkpt>
      <trkpt lat="51.847083" lon="10.666052">
        <ele>467.790113</ele>
        <time>2026-03-09T20:15:34.030Z</time>
      </trkpt>
      <trkpt lat="51.847009" lon="10.665851">
        <ele>467.649677</ele>
        <time>2026-03-09T20:15:37.822Z</time>
      </trkpt>
      <trkpt lat="51.846936" lon="10.665655">
        <ele>467.512313</ele>
        <time>2026-03-09T20:15:41.368Z</time>
      </trkpt>
      <trkpt lat="51.846853" lon="10.665298">
        <ele>467.283373</ele>
        <time>2026-03-09T20:15:47.133Z</time>
      </trkpt>
      <trkpt lat="51.846682" lon="10.664262">
        <ele>466.639760</ele>
        <time>2026-03-09T20:15:59.785Z</time>
      </trkpt>
      <trkpt lat="51.846632" lon="10.664121">
        <ele>466.542181</ele>
        <time>2026-03-09T20:16:01.500Z</time>
      </trkpt>
      <trkpt lat="51.846570" lon="10.663988">
        <ele>466.442178</ele>
        <time>2026-03-09T20:16:03.181Z</time>
      </trkpt>
      <trkpt lat="51.846422" lon="10.663812">
        <ele>466.263756</ele>
        <time>2026-03-09T20:16:06.233Z</time>
      </trkpt>
      <trkpt lat="51.846388" lon="10.663713">
        <ele>466.325354</ele>
        <time>2026-03-09T20:16:07.357Z</time>
      </trkpt>
      <trkpt lat="51.846341" lon="10.663585">
        <ele>466.474647</ele>
        <time>2026-03-09T20:16:08.914Z</time>
      </trkpt>
      <trkpt lat="51.846320" lon="10.663351">
        <ele>466.711723</ele>
        <time>2026-03-09T20:16:11.382Z</time>
      </trkpt>
      <trkpt lat="51.846305" lon="10.663187">
        <ele>466.877945</ele>
        <time>2026-03-09T20:16:13.093Z</time>
      </trkpt>
      <trkpt lat="51.846234" lon="10.662993">
        <ele>467.104024</ele>
        <time>2026-03-09T20:16:15.477Z</time>
      </trkpt>
      <trkpt lat="51.846077" lon="10.663072">
        <ele>467.370855</ele>
        <time>2026-03-09T20:16:19.961Z</time>
      </trkpt>
      <trkpt lat="51.845355" lon="10.663736">
        <ele>468.718551</ele>
        <time>2026-03-09T20:16:53.364Z</time>
      </trkpt>
      <trkpt lat="51.845143" lon="10.663787">
        <ele>469.066398</ele>
        <time>2026-03-09T20:17:08.418Z</time>
      </trkpt>
      <trkpt lat="51.844883" lon="10.663934">
        <ele>471.336858</ele>
        <time>2026-03-09T20:17:29.893Z</time>
      </trkpt>
      <trkpt lat="51.844738" lon="10.664064">
        <ele>473.007659</ele>
        <time>2026-03-09T20:17:43.153Z</time>
      </trkpt>
      <trkpt lat="51.844138" lon="10.664866">
        <ele>480.851149</ele>
        <time>2026-03-09T20:18:48.892Z</time>
      </trkpt>
      <trkpt lat="51.843758" lon="10.665249">
        <ele>485.363374</ele>
        <time>2026-03-09T20:19:27.985Z</time>
      </trkpt>
      <trkpt lat="51.843570" lon="10.665384">
        <ele>487.479609</ele>
        <time>2026-03-09T20:19:46.780Z</time>
      </trkpt>
      <trkpt lat="51.843432" lon="10.665444">
        <ele>489.354073</ele>
        <time>2026-03-09T20:20:00.096Z</time>
      </trkpt>
      <trkpt lat="51.843366" lon="10.665417">
        <ele>490.247089</ele>
        <time>2026-03-09T20:20:06.483Z</time>
      </trkpt>
      <trkpt lat="51.843228" lon="10.665229">
        <ele>492.613240</ele>
        <time>2026-03-09T20:20:23.786Z</time>
      </trkpt>
      <trkpt lat="51.842999" lon="10.665005">
        <ele>496.123223</ele>
        <time>2026-03-09T20:20:49.940Z</time>
      </trkpt>
      <trkpt lat="51.842655" lon="10.664137">
        <ele>504.480979</ele>
        <time>2026-03-09T20:21:54.631Z</time>
      </trkpt>
      <trkpt lat="51.842481" lon="10.663355">
        <ele>511.058106</ele>
        <time>2026-03-09T20:22:49.276Z</time>
      </trkpt>
      <trkpt lat="51.842444" lon="10.663060">
        <ele>512.317654</ele>
        <time>2026-03-09T20:23:08.152Z</time>
      </trkpt>
      <trkpt lat="51.842360" lon="10.661945">
        <ele>517.017714</ele>
        <time>2026-03-09T20:24:05.397Z</time>
      </trkpt>
      <trkpt lat="51.842376" lon="10.661471">
        <ele>519.004036</ele>
        <time>2026-03-09T20:24:22.965Z</time>
      </trkpt>
      <trkpt lat="51.842518" lon="10.660726">
        <ele>522.266318</ele>
        <time>2026-03-09T20:24:44.713Z</time>
      </trkpt>
      <trkpt lat="51.842701" lon="10.659947">
        <ele>520.996062</ele>
        <time>2026-03-09T20:24:59.193Z</time>
      </trkpt>
      <trkpt lat="51.842748" lon="10.659529">
        <ele>519.622489</ele>
        <time>2026-03-09T20:25:05.298Z</time>
      </trkpt>
      <trkpt lat="51.842744" lon="10.659355">
        <ele>519.059566</ele>
        <time>2026-03-09T20:25:07.701Z</time>
      </trkpt>
      <trkpt lat="51.842568" lon="10.659001">
        <ele>517.590552</ele>
        <time>2026-03-09T20:25:13.854Z</time>
      </trkpt>
      <trkpt lat="51.842112" lon="10.658375">
        <ele>514.461695</ele>
        <time>2026-03-09T20:25:27.350Z</time>
      </trkpt>
      <trkpt lat="51.841959" lon="10.658197">
        <ele>513.590144</ele>
        <time>2026-03-09T20:25:31.692Z</time>
      </trkpt>
      <trkpt lat="51.841834" lon="10.658143">
        <ele>513.338756</ele>
        <time>2026-03-09T20:25:34.702Z</time>
      </trkpt>
      <trkpt lat="51.841490" lon="10.658399">
        <ele>512.603067</ele>
        <time>2026-03-09T20:25:43.641Z</time>
      </trkpt>
      <trkpt lat="51.840982" lon="10.658677">
        <ele>511.561087</ele>
        <time>2026-03-09T20:25:58.114Z</time>
      </trkpt>
      <trkpt lat="51.840633" lon="10.659065">
        <ele>510.738382</ele>
        <time>2026-03-09T20:26:14.798Z</time>
      </trkpt>
      <trkpt lat="51.840199" lon="10.659426">
        <ele>510.878469</ele>
        <time>2026-03-09T20:26:34.099Z</time>
      </trkpt>
      <trkpt lat="51.839923" lon="10.659742">
        <ele>512.140232</ele>
        <time>2026-03-09T20:26:48.930Z</time>
      </trkpt>
      <trkpt lat="51.839722" lon="10.660058">
        <ele>513.186050</ele>
        <time>2026-03-09T20:27:01.909Z</time>
      </trkpt>
      <trkpt lat="51.839359" lon="10.660537">
        <ele>514.934048</ele>
        <time>2026-03-09T20:27:26.006Z</time>
      </trkpt>
      <trkpt lat="51.839210" lon="10.660860">
        <ele>515.863577</ele>
        <time>2026-03-09T20:27:40.144Z</time>
      </trkpt>
      <trkpt lat="51.839121" lon="10.661118">
        <ele>516.544970</ele>
        <time>2026-03-09T20:27:51.056Z</time>
      </trkpt>
      <trkpt lat="51.838938" lon="10.661479">
        <ele>518.035592</ele>
        <time>2026-03-09T20:28:09.698Z</time>
      </trkpt>
      <trkpt lat="51.838693" lon="10.661832">
        <ele>519.938862</ele>
        <time>2026-03-09T20:28:31.486Z</time>
      </trkpt>
      <trkpt lat="51.838110" lon="10.663007">
        <ele>525.341489</ele>
        <time>2026-03-09T20:29:30.899Z</time>
      </trkpt>
      <trkpt lat="51.837645" lon="10.663810">
        <ele>528.260274</ele>
        <time>2026-03-09T20:30:07.886Z</time>
      </trkpt>
      <trkpt lat="51.837131" lon="10.664833">
        <ele>530.529969</ele>
        <time>2026-03-09T20:30:44.503Z</time>
      </trkpt>
      <trkpt lat="51.836814" lon="10.665347">
        <ele>531.780082</ele>
        <time>2026-03-09T20:31:03.045Z</time>
      </trkpt>
      <trkpt lat="51.836100" lon="10.666399">
        <ele>532.669078</ele>
        <time>2026-03-09T20:31:39.665Z</time>
      </trkpt>
      <trkpt lat="51.835913" lon="10.666599">
        <ele>532.769788</ele>
        <time>2026-03-09T20:31:47.525Z</time>
      </trkpt>
      <trkpt lat="51.835542" lon="10.667126">
        <ele>532.991583</ele>
        <time>2026-03-09T20:32:03.083Z</time>
      </trkpt>
      <trkpt lat="51.835239" lon="10.667485">
        <ele>533.113409</ele>
        <time>2026-03-09T20:32:14.015Z</time>
      </trkpt>
      <trkpt lat="51.834276" lon="10.669069">
        <ele>532.746563</ele>
        <time>2026-03-09T20:32:55.177Z</time>
      </trkpt>
      <trkpt lat="51.833533" lon="10.669760">
        <ele>533.816493</ele>
        <time>2026-03-09T20:33:26.586Z</time>
      </trkpt>
      <trkpt lat="51.833351" lon="10.669863">
        <ele>534.268996</ele>
        <time>2026-03-09T20:33:34.365Z</time>
      </trkpt>
      <trkpt lat="51.833320" lon="10.670039">
        <ele>534.534409</ele>
        <time>2026-03-09T20:33:37.940Z</time>
      </trkpt>
      <trkpt lat="51.832999" lon="10.670213">
        <ele>535.328905</ele>
        <time>2026-03-09T20:33:49.870Z</time>
      </trkpt>
      <trkpt lat="51.832693" lon="10.670276">
        <ele>536.052846</ele>
        <time>2026-03-09T20:34:01.293Z</time>
      </trkpt>
      <trkpt lat="51.832459" lon="10.670253">
        <ele>536.603033</ele>
        <time>2026-03-09T20:34:09.987Z</time>
      </trkpt>
      <trkpt lat="51.832259" lon="10.670175">
        <ele>537.343200</ele>
        <time>2026-03-09T20:34:17.958Z</time>
      </trkpt>
      <trkpt lat="51.832053" lon="10.669944">
        <ele>538.637907</ele>
        <time>2026-03-09T20:34:28.884Z</time>
      </trkpt>
      <trkpt lat="51.831902" lon="10.669786">
        <ele>539.566824</ele>
        <time>2026-03-09T20:34:37.299Z</time>
      </trkpt>
      <trkpt lat="51.831592" lon="10.669334">
        <ele>541.722438</ele>
        <time>2026-03-09T20:34:57.007Z</time>
      </trkpt>
      <trkpt lat="51.831491" lon="10.669231">
        <ele>542.339161</ele>
        <time>2026-03-09T20:35:02.701Z</time>
      </trkpt>
      <trkpt lat="51.831463" lon="10.669116">
        <ele>542.733753</ele>
        <time>2026-03-09T20:35:06.510Z</time>
      </trkpt>
      <trkpt lat="51.831513" lon="10.668919">
        <ele>543.413630</ele>
        <time>2026-03-09T20:35:12.847Z</time>
      </trkpt>
      <trkpt lat="51.831584" lon="10.668638">
        <ele>544.382776</ele>
        <time>2026-03-09T20:35:21.760Z</time>
      </trkpt>
      <trkpt lat="51.831681" lon="10.668506">
        <ele>545.037502</ele>
        <time>2026-03-09T20:35:27.747Z</time>
      </trkpt>
      <trkpt lat="51.831824" lon="10.668563">
        <ele>545.798304</ele>
        <time>2026-03-09T20:35:36.336Z</time>
      </trkpt>
      <trkpt lat="51.831997" lon="10.668472">
        <ele>547.174159</ele>
        <time>2026-03-09T20:35:47.777Z</time>
      </trkpt>
      <trkpt lat="51.832010" lon="10.668209">
        <ele>548.655441</ele>
        <time>2026-03-09T20:35:58.743Z</time>
      </trkpt>
      <trkpt lat="51.831689" lon="10.667974">
        <ele>551.856326</ele>
        <time>2026-03-09T20:36:20.805Z</time>
      </trkpt>
      <trkpt lat="51.831626" lon="10.667421">
        <ele>555.013387</ele>
        <time>2026-03-09T20:36:49.190Z</time>
      </trkpt>
      <trkpt lat="51.831655" lon="10.667042">
        <ele>557.157481</ele>
        <time>2026-03-09T20:37:09.773Z</time>
      </trkpt>
      <trkpt lat="51.831694" lon="10.666522">
        <ele>560.098371</ele>
        <time>2026-03-09T20:37:38.111Z</time>
      </trkpt>
      <trkpt lat="51.831723" lon="10.666144">
        <ele>562.236890</ele>
        <time>2026-03-09T20:37:58.489Z</time>
      </trkpt>
      <trkpt lat="51.831772" lon="10.666002">
        <ele>562.888634</ele>
        <time>2026-03-09T20:38:07.238Z</time>
      </trkpt>
      <trkpt lat="51.831842" lon="10.665575">
        <ele>564.365312</ele>
        <time>2026-03-09T20:38:30.025Z</time>
      </trkpt>
      <trkpt lat="51.831912" lon="10.665325">
        <ele>565.282750</ele>
        <time>2026-03-09T20:38:43.068Z</time>
      </trkpt>
      <trkpt lat="51.832371" lon="10.664048">
        <ele>570.220811</ele>
        <time>2026-03-09T20:39:33.977Z</time>
      </trkpt>
      <trkpt lat="51.832652" lon="10.663386">
        <ele>572.368621</ele>
        <time>2026-03-09T20:39:51.077Z</time>
      </trkpt>
      <trkpt lat="51.832748" lon="10.662945">
        <ele>572.683827</ele>
        <time>2026-03-09T20:40:00.611Z</time>
      </trkpt>
      <trkpt lat="51.832755" lon="10.662799">
        <ele>572.782548</ele>
        <time>2026-03-09T20:40:03.568Z</time>
      </trkpt>
      <trkpt lat="51.832718" lon="10.662551">
        <ele>572.954540</ele>
        <time>2026-03-09T20:40:08.818Z</time>
      </trkpt>
      <trkpt lat="51.832762" lon="10.661820">
        <ele>573.449674</ele>
        <time>2026-03-09T20:40:24.684Z</time>
      </trkpt>
      <trkpt lat="51.832720" lon="10.661600">
        <ele>573.604903</ele>
        <time>2026-03-09T20:40:30.170Z</time>
      </trkpt>
      <trkpt lat="51.832534" lon="10.661373">
        <ele>573.859053</ele>
        <time>2026-03-09T20:40:39.084Z</time>
      </trkpt>
      <trkpt lat="51.832282" lon="10.661243">
        <ele>574.147597</ele>
        <time>2026-03-09T20:40:49.629Z</time>
      </trkpt>
      <trkpt lat="51.832098" lon="10.661253">
        <ele>574.369267</ele>
        <time>2026-03-09T20:40:57.169Z</time>
      </trkpt>
      <trkpt lat="51.831839" lon="10.661445">
        <ele>574.722294</ele>
        <time>2026-03-09T20:41:08.909Z</time>
      </trkpt>
      <trkpt lat="51.831774" lon="10.661344">
        <ele>574.833963</ele>
        <time>2026-03-09T20:41:12.704Z</time>
      </trkpt>
      <trkpt lat="51.831757" lon="10.661193">
        <ele>574.951501</ele>
        <time>2026-03-09T20:41:16.581Z</time>
      </trkpt>
      <trkpt lat="51.831795" lon="10.660974">
        <ele>575.125694</ele>
        <time>2026-03-09T20:41:22.406Z</time>
      </trkpt>
      <trkpt lat="51.831985" lon="10.660600">
        <ele>575.496454</ele>
        <time>2026-03-09T20:41:34.753Z</time>
      </trkpt>
      <trkpt lat="51.832317" lon="10.660311">
        <ele>575.963614</ele>
        <time>2026-03-09T20:41:49.528Z</time>
      </trkpt>
      <trkpt lat="51.832414" lon="10.660245">
        <ele>576.094010</ele>
        <time>2026-03-09T20:41:53.334Z</time>
      </trkpt>
      <trkpt lat="51.832487" lon="10.660196">
        <ele>576.191944</ele>
        <time>2026-03-09T20:41:56.132Z</time>
      </trkpt>
      <trkpt lat="51.832906" lon="10.659994">
        <ele>575.576496</ele>
        <time>2026-03-09T20:42:10.330Z</time>
      </trkpt>
      <trkpt lat="51.832985" lon="10.659905">
        <ele>575.249978</ele>
        <time>2026-03-09T20:42:13.224Z</time>
      </trkpt>
      <trkpt lat="51.833327" lon="10.659357">
        <ele>573.617404</ele>
        <time>2026-03-09T20:42:26.144Z</time>
      </trkpt>
      <trkpt lat="51.833440" lon="10.659131">
        <ele>573.008027</ele>
        <time>2026-03-09T20:42:30.592Z</time>
      </trkpt>
      <trkpt lat="51.833510" lon="10.658966">
        <ele>572.588502</ele>
        <time>2026-03-09T20:42:33.632Z</time>
      </trkpt>
      <trkpt lat="51.833598" lon="10.658623">
        <ele>571.810026</ele>
        <time>2026-03-09T20:42:39.143Z</time>
      </trkpt>
      <trkpt lat="51.833841" lon="10.657700">
        <ele>569.050690</ele>
        <time>2026-03-09T20:42:53.624Z</time>
      </trkpt>
      <trkpt lat="51.833916" lon="10.657266">
        <ele>567.099431</ele>
        <time>2026-03-09T20:42:59.952Z</time>
      </trkpt>
      <trkpt lat="51.833930" lon="10.657056">
        <ele>566.184885</ele>
        <time>2026-03-09T20:43:02.882Z</time>
      </trkpt>
      <trkpt lat="51.833872" lon="10.656666">
        <ele>564.448025</ele>
        <time>2026-03-09T20:43:08.443Z</time>
      </trkpt>
      <trkpt lat="51.833790" lon="10.655740">
        <ele>560.397610</ele>
        <time>2026-03-09T20:43:21.611Z</time>
      </trkpt>
      <trkpt lat="51.833790" lon="10.655513">
        <ele>559.414729</ele>
        <time>2026-03-09T20:43:24.830Z</time>
      </trkpt>
      <trkpt lat="51.833886" lon="10.654852">
        <ele>556.712433</ele>
        <time>2026-03-09T20:43:34.319Z</time>
      </trkpt>
      <trkpt lat="51.834030" lon="10.654316">
        <ele>554.664871</ele>
        <time>2026-03-09T20:43:42.323Z</time>
      </trkpt>
      <trkpt lat="51.834085" lon="10.654210">
        <ele>554.179972</ele>
        <time>2026-03-09T20:43:44.201Z</time>
      </trkpt>
      <trkpt lat="51.834535" lon="10.653621">
        <ele>550.898764</ele>
        <time>2026-03-09T20:43:57.499Z</time>
      </trkpt>
      <trkpt lat="51.834849" lon="10.653249">
        <ele>548.692561</ele>
        <time>2026-03-09T20:44:07.291Z</time>
      </trkpt>
      <trkpt lat="51.834971" lon="10.653142">
        <ele>547.905860</ele>
        <time>2026-03-09T20:44:10.939Z</time>
      </trkpt>
      <trkpt lat="51.835165" lon="10.652849">
        <ele>547.738531</ele>
        <time>2026-03-09T20:44:18.186Z</time>
      </trkpt>
      <trkpt lat="51.835228" lon="10.652606">
        <ele>547.915959</ele>
        <time>2026-03-09T20:44:21.177Z</time>
      </trkpt>
      <trkpt lat="51.835329" lon="10.652377">
        <ele>548.105389</ele>
        <time>2026-03-09T20:44:24.567Z</time>
      </trkpt>
      <trkpt lat="51.835396" lon="10.652149">
        <ele>548.275375</ele>
        <time>2026-03-09T20:44:27.930Z</time>
      </trkpt>
      <trkpt lat="51.835457" lon="10.651791">
        <ele>548.525410</ele>
        <time>2026-03-09T20:44:34.208Z</time>
      </trkpt>
      <trkpt lat="51.835445" lon="10.651573">
        <ele>548.672768</ele>
        <time>2026-03-09T20:44:38.490Z</time>
      </trkpt>
      <trkpt lat="51.835366" lon="10.651226">
        <ele>548.921754</ele>
        <time>2026-03-09T20:44:46.885Z</time>
      </trkpt>
      <trkpt lat="51.835337" lon="10.650989">
        <ele>549.084423</ele>
        <time>2026-03-09T20:44:52.987Z</time>
      </trkpt>
      <trkpt lat="51.835279" lon="10.650798">
        <ele>549.227711</ele>
        <time>2026-03-09T20:44:58.183Z</time>
      </trkpt>
      <trkpt lat="51.835185" lon="10.650646">
        <ele>549.372501</ele>
        <time>2026-03-09T20:45:03.543Z</time>
      </trkpt>
      <trkpt lat="51.834770" lon="10.650352">
        <ele>550.524803</ele>
        <time>2026-03-09T20:45:21.766Z</time>
      </trkpt>
      <trkpt lat="51.834552" lon="10.650140">
        <ele>551.278121</ele>
        <time>2026-03-09T20:45:32.454Z</time>
      </trkpt>
      <trkpt lat="51.834520" lon="10.650037">
        <ele>551.489125</ele>
        <time>2026-03-09T20:45:35.553Z</time>
      </trkpt>
      <trkpt lat="51.834517" lon="10.649957">
        <ele>551.635817</ele>
        <time>2026-03-09T20:45:37.613Z</time>
      </trkpt>
      <trkpt lat="51.834497" lon="10.649548">
        <ele>552.386742</ele>
        <time>2026-03-09T20:45:48.687Z</time>
      </trkpt>
      <trkpt lat="51.834575" lon="10.648699">
        <ele>553.957731</ele>
        <time>2026-03-09T20:46:09.662Z</time>
      </trkpt>
      <trkpt lat="51.834692" lon="10.648153">
        <ele>554.672063</ele>
        <time>2026-03-09T20:46:19.685Z</time>
      </trkpt>
      <trkpt lat="51.834800" lon="10.647892">
        <ele>554.284884</ele>
        <time>2026-03-09T20:46:23.295Z</time>
      </trkpt>
      <trkpt lat="51.835222" lon="10.647130">
        <ele>553.023635</ele>
        <time>2026-03-09T20:46:33.506Z</time>
      </trkpt>
      <trkpt lat="51.835240" lon="10.647023">
        <ele>552.886948</ele>
        <time>2026-03-09T20:46:34.543Z</time>
      </trkpt>
      <trkpt lat="51.835240" lon="10.646316">
        <ele>552.015507</ele>
        <time>2026-03-09T20:46:41.431Z</time>
      </trkpt>
      <trkpt lat="51.835319" lon="10.645845">
        <ele>551.413951</ele>
        <time>2026-03-09T20:46:46.594Z</time>
      </trkpt>
      <trkpt lat="51.835321" lon="10.645676">
        <ele>551.243723</ele>
        <time>2026-03-09T20:46:48.541Z</time>
      </trkpt>
      <trkpt lat="51.835311" lon="10.645537">
        <ele>551.461449</ele>
        <time>2026-03-09T20:46:50.158Z</time>
      </trkpt>
      <trkpt lat="51.835217" lon="10.645327">
        <ele>551.864899</ele>
        <time>2026-03-09T20:46:53.417Z</time>
      </trkpt>
      <trkpt lat="51.834815" lon="10.645123">
        <ele>552.925689</ele>
        <time>2026-03-09T20:47:04.668Z</time>
      </trkpt>
      <trkpt lat="51.834263" lon="10.644990">
        <ele>554.330885</ele>
        <time>2026-03-09T20:47:26.365Z</time>
      </trkpt>
      <trkpt lat="51.834107" lon="10.644899">
        <ele>554.748415</ele>
        <time>2026-03-09T20:47:34.501Z</time>
      </trkpt>
      <trkpt lat="51.834022" lon="10.644884">
        <ele>554.963705</ele>
        <time>2026-03-09T20:47:38.887Z</time>
      </trkpt>
      <trkpt lat="51.833911" lon="10.644926">
        <ele>555.250729</ele>
        <time>2026-03-09T20:47:44.645Z</time>
      </trkpt>
      <trkpt lat="51.833729" lon="10.644932">
        <ele>555.709080</ele>
        <time>2026-03-09T20:47:53.510Z</time>
      </trkpt>
      <trkpt lat="51.833306" lon="10.644849">
        <ele>556.960382</ele>
        <time>2026-03-09T20:48:13.068Z</time>
      </trkpt>
      <trkpt lat="51.833113" lon="10.644764">
        <ele>557.551198</ele>
        <time>2026-03-09T20:48:21.279Z</time>
      </trkpt>
      <trkpt lat="51.832942" lon="10.644556">
        <ele>558.183074</ele>
        <time>2026-03-09T20:48:29.459Z</time>
      </trkpt>
      <trkpt lat="51.832569" lon="10.644260">
        <ele>559.410183</ele>
        <time>2026-03-09T20:48:44.138Z</time>
      </trkpt>
      <trkpt lat="51.832502" lon="10.644123">
        <ele>559.729088</ele>
        <time>2026-03-09T20:48:47.654Z</time>
      </trkpt>
      <trkpt lat="51.832253" lon="10.642722">
        <ele>561.216295</ele>
        <time>2026-03-09T20:49:11.235Z</time>
      </trkpt>
      <trkpt lat="51.832232" lon="10.642177">
        <ele>561.330741</ele>
        <time>2026-03-09T20:49:17.713Z</time>
      </trkpt>
      <trkpt lat="51.832175" lon="10.641861">
        <ele>561.399734</ele>
        <time>2026-03-09T20:49:21.591Z</time>
      </trkpt>
      <trkpt lat="51.832104" lon="10.641759">
        <ele>561.431934</ele>
        <time>2026-03-09T20:49:23.433Z</time>
      </trkpt>
      <trkpt lat="51.831984" lon="10.641685">
        <ele>561.475487</ele>
        <time>2026-03-09T20:49:25.979Z</time>
      </trkpt>
      <trkpt lat="51.831807" lon="10.641472">
        <ele>561.550297</ele>
        <time>2026-03-09T20:49:30.597Z</time>
      </trkpt>
      <trkpt lat="51.831710" lon="10.641290">
        <ele>561.600668</ele>
        <time>2026-03-09T20:49:34.057Z</time>
      </trkpt>
      <trkpt lat="51.831533" lon="10.640722">
        <ele>561.963384</ele>
        <time>2026-03-09T20:49:44.952Z</time>
      </trkpt>
      <trkpt lat="51.831398" lon="10.640564">
        <ele>562.236160</ele>
        <time>2026-03-09T20:49:50.226Z</time>
      </trkpt>
      <trkpt lat="51.831281" lon="10.640496">
        <ele>562.439696</ele>
        <time>2026-03-09T20:49:54.273Z</time>
      </trkpt>
      <trkpt lat="51.830272" lon="10.640095">
        <ele>564.140746</ele>
        <time>2026-03-09T20:50:30.450Z</time>
      </trkpt>
      <trkpt lat="51.829994" lon="10.639866">
        <ele>564.524468</ele>
        <time>2026-03-09T20:50:39.519Z</time>
      </trkpt>
      <trkpt lat="51.829794" lon="10.639796">
        <ele>563.555852</ele>
        <time>2026-03-09T20:50:43.846Z</time>
      </trkpt>
      <trkpt lat="51.829658" lon="10.639679">
        <ele>562.826750</ele>
        <time>2026-03-09T20:50:46.678Z</time>
      </trkpt>
      <trkpt lat="51.829502" lon="10.639157">
        <ele>561.130523</ele>
        <time>2026-03-09T20:50:52.491Z</time>
      </trkpt>
      <trkpt lat="51.829451" lon="10.638758">
        <ele>559.938587</ele>
        <time>2026-03-09T20:50:56.240Z</time>
      </trkpt>
      <trkpt lat="51.829442" lon="10.638145">
        <ele>558.144814</ele>
        <time>2026-03-09T20:51:01.668Z</time>
      </trkpt>
      <trkpt lat="51.829495" lon="10.637112">
        <ele>554.675163</ele>
        <time>2026-03-09T20:51:10.565Z</time>
      </trkpt>
      <trkpt lat="51.829469" lon="10.636942">
        <ele>553.937048</ele>
        <time>2026-03-09T20:51:12.047Z</time>
      </trkpt>
      <trkpt lat="51.829359" lon="10.636615">
        <ele>552.367894</ele>
        <time>2026-03-09T20:51:15.201Z</time>
      </trkpt>
      <trkpt lat="51.829227" lon="10.636345">
        <ele>550.916899</ele>
        <time>2026-03-09T20:51:18.108Z</time>
      </trkpt>
      <trkpt lat="51.828715" lon="10.635482">
        <ele>545.874809</ele>
        <time>2026-03-09T20:51:28.638Z</time>
      </trkpt>
      <trkpt lat="51.828683" lon="10.635304">
        <ele>545.093481</ele>
        <time>2026-03-09T20:51:30.375Z</time>
      </trkpt>
      <trkpt lat="51.828706" lon="10.634899">
        <ele>543.810152</ele>
        <time>2026-03-09T20:51:34.274Z</time>
      </trkpt>
      <trkpt lat="51.826245" lon="10.635391">
        <ele>544.778725</ele>
        <time>2026-03-09T20:52:32.808Z</time>
      </trkpt>
      <trkpt lat="51.824569" lon="10.635498">
        <ele>550.973229</ele>
        <time>2026-03-09T20:53:38.172Z</time>
      </trkpt>
      <trkpt lat="51.824096" lon="10.635557">
        <ele>553.864161</ele>
        <time>2026-03-09T20:54:03.352Z</time>
      </trkpt>
      <trkpt lat="51.823748" lon="10.635666">
        <ele>556.024186</ele>
        <time>2026-03-09T20:54:24.869Z</time>
      </trkpt>
      <trkpt lat="51.822434" lon="10.636192">
        <ele>565.863532</ele>
        <time>2026-03-09T20:55:52.462Z</time>
      </trkpt>
      <trkpt lat="51.822312" lon="10.636183">
        <ele>566.799918</ele>
        <time>2026-03-09T20:55:59.716Z</time>
      </trkpt>
      <trkpt lat="51.822221" lon="10.636166">
        <ele>567.502280</ele>
        <time>2026-03-09T20:56:04.814Z</time>
      </trkpt>
      <trkpt lat="51.821891" lon="10.636147">
        <ele>570.034098</ele>
        <time>2026-03-09T20:56:23.169Z</time>
      </trkpt>
      <trkpt lat="51.821683" lon="10.636095">
        <ele>571.647830</ele>
        <time>2026-03-09T20:56:34.261Z</time>
      </trkpt>
      <trkpt lat="51.821407" lon="10.635920">
        <ele>573.985340</ele>
        <time>2026-03-09T20:56:48.956Z</time>
      </trkpt>
      <trkpt lat="51.821061" lon="10.635772">
        <ele>576.817287</ele>
        <time>2026-03-09T20:57:06.769Z</time>
      </trkpt>
      <trkpt lat="51.820899" lon="10.635768">
        <ele>578.099328</ele>
        <time>2026-03-09T20:57:15.707Z</time>
      </trkpt>
      <trkpt lat="51.820771" lon="10.635724">
        <ele>579.134792</ele>
        <time>2026-03-09T20:57:23.405Z</time>
      </trkpt>
      <trkpt lat="51.820536" lon="10.635496">
        <ele>581.303088</ele>
        <time>2026-03-09T20:57:40.699Z</time>
      </trkpt>
      <trkpt lat="51.820301" lon="10.635405">
        <ele>583.215150</ele>
        <time>2026-03-09T20:57:56.765Z</time>
      </trkpt>
      <trkpt lat="51.819984" lon="10.635462">
        <ele>585.738989</ele>
        <time>2026-03-09T20:58:19.138Z</time>
      </trkpt>
      <trkpt lat="51.818738" lon="10.635824">
        <ele>599.472675</ele>
        <time>2026-03-09T20:59:57.926Z</time>
      </trkpt>
      <trkpt lat="51.818499" lon="10.635866">
        <ele>602.109895</ele>
        <time>2026-03-09T21:00:16.591Z</time>
      </trkpt>
      <trkpt lat="51.817968" lon="10.635812">
        <ele>607.895114</ele>
        <time>2026-03-09T21:00:57.587Z</time>
      </trkpt>
      <trkpt lat="51.817832" lon="10.635839">
        <ele>609.361144</ele>
        <time>2026-03-09T21:01:08.042Z</time>
      </trkpt>
      <trkpt lat="51.817787" lon="10.635879">
        <ele>609.910512</ele>
        <time>2026-03-09T21:01:11.962Z</time>
      </trkpt>
      <trkpt lat="51.817730" lon="10.636056">
        <ele>611.230515</ele>
        <time>2026-03-09T21:01:21.447Z</time>
      </trkpt>
      <trkpt lat="51.817845" lon="10.636453">
        <ele>614.130252</ele>
        <time>2026-03-09T21:01:42.119Z</time>
      </trkpt>
      <trkpt lat="51.817948" lon="10.636699">
        <ele>616.095374</ele>
        <time>2026-03-09T21:01:55.759Z</time>
      </trkpt>
      <trkpt lat="51.817957" lon="10.636783">
        <ele>616.659229</ele>
        <time>2026-03-09T21:01:59.633Z</time>
      </trkpt>
      <trkpt lat="51.817933" lon="10.636898">
        <ele>617.462008</ele>
        <time>2026-03-09T21:02:05.023Z</time>
      </trkpt>
      <trkpt lat="51.817843" lon="10.636985">
        <ele>618.583774</ele>
        <time>2026-03-09T21:02:12.724Z</time>
      </trkpt>
      <trkpt lat="51.817282" lon="10.637216">
        <ele>624.777509</ele>
        <time>2026-03-09T21:02:56.226Z</time>
      </trkpt>
      <trkpt lat="51.817056" lon="10.637179">
        <ele>627.182271</ele>
        <time>2026-03-09T21:03:12.636Z</time>
      </trkpt>
      <trkpt lat="51.816919" lon="10.637102">
        <ele>628.715055</ele>
        <time>2026-03-09T21:03:22.821Z</time>
      </trkpt>
      <trkpt lat="51.816384" lon="10.636822">
        <ele>634.657751</ele>
        <time>2026-03-09T21:04:04.448Z</time>
      </trkpt>
      <trkpt lat="51.815973" lon="10.636350">
        <ele>639.984716</ele>
        <time>2026-03-09T21:04:40.793Z</time>
      </trkpt>
      <trkpt lat="51.815849" lon="10.636125">
        <ele>641.954053</ele>
        <time>2026-03-09T21:04:54.844Z</time>
      </trkpt>
      <trkpt lat="51.815660" lon="10.635625">
        <ele>646.636626</ele>
        <time>2026-03-09T21:05:22.599Z</time>
      </trkpt>
      <trkpt lat="51.815543" lon="10.635403">
        <ele>649.521039</ele>
        <time>2026-03-09T21:05:36.646Z</time>
      </trkpt>
      <trkpt lat="51.815406" lon="10.635316">
        <ele>651.875024</ele>
        <time>2026-03-09T21:05:48.890Z</time>
      </trkpt>
      <trkpt lat="51.815336" lon="10.635311">
        <ele>652.995698</ele>
        <time>2026-03-09T21:05:54.964Z</time>
      </trkpt>
      <trkpt lat="51.815086" lon="10.635460">
        <ele>657.256979</ele>
        <time>2026-03-09T21:06:20.100Z</time>
      </trkpt>
      <trkpt lat="51.814976" lon="10.635478">
        <ele>659.025302</ele>
        <time>2026-03-09T21:06:31.261Z</time>
      </trkpt>
      <trkpt lat="51.814853" lon="10.635466">
        <ele>660.996144</ele>
        <time>2026-03-09T21:06:43.959Z</time>
      </trkpt>
      <trkpt lat="51.814497" lon="10.635314">
        <ele>666.885033</ele>
        <time>2026-03-09T21:07:25.083Z</time>
      </trkpt>
      <trkpt lat="51.814353" lon="10.635418">
        <ele>669.407314</ele>
        <time>2026-03-09T21:07:44.321Z</time>
      </trkpt>
      <trkpt lat="51.814195" lon="10.635606">
        <ele>672.544431</ele>
        <time>2026-03-09T21:08:10.072Z</time>
      </trkpt>
      <trkpt lat="51.814103" lon="10.635646">
        <ele>674.389347</ele>
        <time>2026-03-09T21:08:23.044Z</time>
      </trkpt>
      <trkpt lat="51.813032" lon="10.635588">
        <ele>696.193376</ele>
        <time>2026-03-09T21:10:47.989Z</time>
      </trkpt>
      <trkpt lat="51.812464" lon="10.635674">
        <ele>707.801090</ele>
        <time>2026-03-09T21:11:56.169Z</time>
      </trkpt>
      <trkpt lat="51.811693" lon="10.635495">
        <ele>718.166746</ele>
        <time>2026-03-09T21:13:07.933Z</time>
      </trkpt>
      <trkpt lat="51.811406" lon="10.635509">
        <ele>721.747591</ele>
        <time>2026-03-09T21:13:30.320Z</time>
      </trkpt>
      <trkpt lat="51.809762" lon="10.635947">
        <ele>741.406048</ele>
        <time>2026-03-09T21:15:32.509Z</time>
      </trkpt>
      <trkpt lat="51.808945" lon="10.636032">
        <ele>750.537905</ele>
        <time>2026-03-09T21:16:36.170Z</time>
      </trkpt>
      <trkpt lat="51.808687" lon="10.636133">
        <ele>753.865882</ele>
        <time>2026-03-09T21:16:58.970Z</time>
      </trkpt>
      <trkpt lat="51.808491" lon="10.636264">
        <ele>756.802713</ele>
        <time>2026-03-09T21:17:18.065Z</time>
      </trkpt>
      <trkpt lat="51.808245" lon="10.636370">
        <ele>760.328147</ele>
        <time>2026-03-09T21:17:41.481Z</time>
      </trkpt>
      <trkpt lat="51.807514" lon="10.636692">
        <ele>770.819763</ele>
        <time>2026-03-09T21:18:52.881Z</time>
      </trkpt>
      <trkpt lat="51.807363" lon="10.636667">
        <ele>772.921738</ele>
        <time>2026-03-09T21:19:07.327Z</time>
      </trkpt>
      <trkpt lat="51.807010" lon="10.636442">
        <ele>778.175802</ele>
        <time>2026-03-09T21:19:43.324Z</time>
      </trkpt>
      <trkpt lat="51.806481" lon="10.636189">
        <ele>785.813737</ele>
        <time>2026-03-09T21:20:33.226Z</time>
      </trkpt>
      <trkpt lat="51.806179" lon="10.636086">
        <ele>790.087116</ele>
        <time>2026-03-09T21:21:00.637Z</time>
      </trkpt>
      <trkpt lat="51.805502" lon="10.636102">
        <ele>799.461680</ele>
        <time>2026-03-09T21:22:02.864Z</time>
      </trkpt>
      <trkpt lat="51.804726" lon="10.636237">
        <ele>808.813694</ele>
        <time>2026-03-09T21:23:13.941Z</time>
      </trkpt>
      <trkpt lat="51.804387" lon="10.636329">
        <ele>812.756646</ele>
        <time>2026-03-09T21:23:43.049Z</time>
      </trkpt>
      <trkpt lat="51.803824" lon="10.636182">
        <ele>819.298299</ele>
        <time>2026-03-09T21:24:26.441Z</time>
      </trkpt>
      <trkpt lat="51.803411" lon="10.636172">
        <ele>823.089301</ele>
        <time>2026-03-09T21:24:52.609Z</time>
      </trkpt>
      <trkpt lat="51.803064" lon="10.636286">
        <ele>824.768785</ele>
        <time>2026-03-09T21:25:11.807Z</time>
      </trkpt>
      <trkpt lat="51.802087" lon="10.636816">
        <ele>829.656600</ele>
        <time>2026-03-09T21:25:55.485Z</time>
      </trkpt>
      <trkpt lat="51.801288" lon="10.636865">
        <ele>832.205937</ele>
        <time>2026-03-09T21:26:17.943Z</time>
      </trkpt>
      <trkpt lat="51.800844" lon="10.636841">
        <ele>833.263685</ele>
        <time>2026-03-09T21:26:29.412Z</time>
      </trkpt>
      <trkpt lat="51.800718" lon="10.636867">
        <ele>833.566122</ele>
        <time>2026-03-09T21:26:33.121Z</time>
      </trkpt>
      <trkpt lat="51.800585" lon="10.636894">
        <ele>833.885279</ele>
        <time>2026-03-09T21:26:37.337Z</time>
      </trkpt>
      <trkpt lat="51.800401" lon="10.636978">
        <ele>834.340504</ele>
        <time>2026-03-09T21:26:43.867Z</time>
      </trkpt>
      <trkpt lat="51.800116" lon="10.637188">
        <ele>835.086213</ele>
        <time>2026-03-09T21:26:56.033Z</time>
      </trkpt>
      <trkpt lat="51.799911" lon="10.637529">
        <ele>836.658959</ele>
        <time>2026-03-09T21:27:09.233Z</time>
      </trkpt>
      <trkpt lat="51.799792" lon="10.637678">
        <ele>837.584703</ele>
        <time>2026-03-09T21:27:16.611Z</time>
      </trkpt>
      <trkpt lat="51.798597" lon="10.638475">
        <ele>845.535783</ele>
        <time>2026-03-09T21:28:29.472Z</time>
      </trkpt>
      <trkpt lat="51.798190" lon="10.638782">
        <ele>848.286312</ele>
        <time>2026-03-09T21:28:54.167Z</time>
      </trkpt>
      <trkpt lat="51.797311" lon="10.639295">
        <ele>854.000192</ele>
        <time>2026-03-09T21:29:41.164Z</time>
      </trkpt>
      <trkpt lat="51.796392" lon="10.640059">
        <ele>860.837036</ele>
        <time>2026-03-09T21:30:34.389Z</time>
      </trkpt>
      <trkpt lat="51.796020" lon="10.640413">
        <ele>863.929129</ele>
        <time>2026-03-09T21:30:58.872Z</time>
      </trkpt>
      <trkpt lat="51.795670" lon="10.640760">
        <ele>866.870159</ele>
        <time>2026-03-09T21:31:23.322Z</time>
      </trkpt>
      <trkpt lat="51.795283" lon="10.641261">
        <ele>870.434574</ele>
        <time>2026-03-09T21:31:53.916Z</time>
      </trkpt>
      <trkpt lat="51.794916" lon="10.641637">
        <ele>873.715411</ele>
        <time>2026-03-09T21:32:21.377Z</time>
      </trkpt>
      <trkpt lat="51.794772" lon="10.641746">
        <ele>874.916060</ele>
        <time>2026-03-09T21:32:31.111Z</time>
      </trkpt>
      <trkpt lat="51.794336" lon="10.641969">
        <ele>878.369228</ele>
        <time>2026-03-09T21:32:58.242Z</time>
      </trkpt>
      <trkpt lat="51.794038" lon="10.642195">
        <ele>880.854764</ele>
        <time>2026-03-09T21:33:17.337Z</time>
      </trkpt>
      <trkpt lat="51.793291" lon="10.643161">
        <ele>887.267138</ele>
        <time>2026-03-09T21:34:11.237Z</time>
      </trkpt>
      <trkpt lat="51.792669" lon="10.643670">
        <ele>891.542227</ele>
        <time>2026-03-09T21:34:49.032Z</time>
      </trkpt>
      <trkpt lat="51.791400" lon="10.644612">
        <ele>897.450359</ele>
        <time>2026-03-09T21:35:51.710Z</time>
      </trkpt>
      <trkpt lat="51.790882" lon="10.644929">
        <ele>899.149386</ele>
        <time>2026-03-09T21:36:07.720Z</time>
      </trkpt>
      <trkpt lat="51.790684" lon="10.645005">
        <ele>899.773648</ele>
        <time>2026-03-09T21:36:13.143Z</time>
      </trkpt>
      <trkpt lat="51.790691" lon="10.644839">
        <ele>900.089348</ele>
        <time>2026-03-09T21:36:15.434Z</time>
      </trkpt>
      <trkpt lat="51.790625" lon="10.644676">
        <ele>900.576543</ele>
        <time>2026-03-09T21:36:18.234Z</time>
      </trkpt>
      <trkpt lat="51.790062" lon="10.643918">
        <ele>904.603260</ele>
        <time>2026-03-09T21:36:39.982Z</time>
      </trkpt>
      <trkpt lat="51.789835" lon="10.643467">
        <ele>906.579916</ele>
        <time>2026-03-09T21:36:56.736Z</time>
      </trkpt>
      <trkpt lat="51.789768" lon="10.643212">
        <ele>907.521768</ele>
        <time>2026-03-09T21:37:06.879Z</time>
      </trkpt>
      <trkpt lat="51.789720" lon="10.642881">
        <ele>908.677531</ele>
        <time>2026-03-09T21:37:20.539Z</time>
      </trkpt>
      <trkpt lat="51.789608" lon="10.641918">
        <ele>913.530000</ele>
        <time>2026-03-09T21:38:04.579Z</time>
      </trkpt>
      <trkpt lat="51.789553" lon="10.641646">
        <ele>915.319260</ele>
        <time>2026-03-09T21:38:18.238Z</time>
      </trkpt>
      <trkpt lat="51.789478" lon="10.641427">
        <ele>916.884433</ele>
        <time>2026-03-09T21:38:30.209Z</time>
      </trkpt>
      <trkpt lat="51.789383" lon="10.641263">
        <ele>918.289302</ele>
        <time>2026-03-09T21:38:40.882Z</time>
      </trkpt>
      <trkpt lat="51.789167" lon="10.641058">
        <ele>920.821147</ele>
        <time>2026-03-09T21:38:59.854Z</time>
      </trkpt>
      <trkpt lat="51.788907" lon="10.641071">
        <ele>923.450581</ele>
        <time>2026-03-09T21:39:18.808Z</time>
      </trkpt>
      <trkpt lat="51.788576" lon="10.641195">
        <ele>926.885112</ele>
        <time>2026-03-09T21:39:41.959Z</time>
      </trkpt>
      <trkpt lat="51.788355" lon="10.641235">
        <ele>928.818349</ele>
        <time>2026-03-09T21:39:55.529Z</time>
      </trkpt>
      <trkpt lat="51.787884" lon="10.641157">
        <ele>931.611640</ele>
        <time>2026-03-09T21:40:21.469Z</time>
      </trkpt>
      <trkpt lat="51.787677" lon="10.641009">
        <ele>932.946980</ele>
        <time>2026-03-09T21:40:32.743Z</time>
      </trkpt>
      <trkpt lat="51.787314" lon="10.640592">
        <ele>935.574201</ele>
        <time>2026-03-09T21:40:53.059Z</time>
      </trkpt>
      <trkpt lat="51.787098" lon="10.640252">
        <ele>937.352833</ele>
        <time>2026-03-09T21:41:05.742Z</time>
      </trkpt>
      <trkpt lat="51.786474" lon="10.639050">
        <ele>941.503942</ele>
        <time>2026-03-09T21:41:43.259Z</time>
      </trkpt>
      <trkpt lat="51.786150" lon="10.638166">
        <ele>943.809568</ele>
        <time>2026-03-09T21:42:07.126Z</time>
      </trkpt>
      <trkpt lat="51.785864" lon="10.637269">
        <ele>945.951389</ele>
        <time>2026-03-09T21:42:29.081Z</time>
      </trkpt>
      <trkpt lat="51.785790" lon="10.637038">
        <ele>946.407546</ele>
        <time>2026-03-09T21:42:34.346Z</time>
      </trkpt>
      <trkpt lat="51.785568" lon="10.636216">
        <ele>947.980334</ele>
        <time>2026-03-09T21:42:52.067Z</time>
      </trkpt>
      <trkpt lat="51.785458" lon="10.635377">
        <ele>949.484236</ele>
        <time>2026-03-09T21:43:08.794Z</time>
      </trkpt>
      <trkpt lat="51.785404" lon="10.634102">
        <ele>952.153242</ele>
        <time>2026-03-09T21:43:35.873Z</time>
      </trkpt>
      <trkpt lat="51.785405" lon="10.633518">
        <ele>953.570890</ele>
        <time>2026-03-09T21:43:49.982Z</time>
      </trkpt>
      <trkpt lat="51.785504" lon="10.632480">
        <ele>956.120373</ele>
        <time>2026-03-09T21:44:16.775Z</time>
      </trkpt>
      <trkpt lat="51.785606" lon="10.632021">
        <ele>957.304289</ele>
        <time>2026-03-09T21:44:29.486Z</time>
      </trkpt>
      <trkpt lat="51.785763" lon="10.631509">
        <ele>958.575818</ele>
        <time>2026-03-09T21:44:44.388Z</time>
      </trkpt>
      <trkpt lat="51.786593" lon="10.629507">
        <ele>963.763942</ele>
        <time>2026-03-09T21:45:38.625Z</time>
      </trkpt>
      <trkpt lat="51.786727" lon="10.629045">
        <ele>964.946067</ele>
        <time>2026-03-09T21:45:47.327Z</time>
      </trkpt>
      <trkpt lat="51.786972" lon="10.627982">
        <ele>967.606952</ele>
        <time>2026-03-09T21:46:10.194Z</time>
      </trkpt>
      <trkpt lat="51.787055" lon="10.627788">
        <ele>968.160245</ele>
        <time>2026-03-09T21:46:15.534Z</time>
      </trkpt>
      <trkpt lat="51.787179" lon="10.627587">
        <ele>968.826111</ele>
        <time>2026-03-09T21:46:22.393Z</time>
      </trkpt>
      <trkpt lat="51.787596" lon="10.627023">
        <ele>970.960835</ele>
        <time>2026-03-09T21:46:47.109Z</time>
      </trkpt>
      <trkpt lat="51.788101" lon="10.626398">
        <ele>974.644089</ele>
        <time>2026-03-09T21:47:21.246Z</time>
      </trkpt>
      <trkpt lat="51.790237" lon="10.623507">
        <ele>990.672857</ele>
        <time>2026-03-09T21:49:32.135Z</time>
      </trkpt>
      <trkpt lat="51.791800" lon="10.621530">
        <ele>1003.971809</ele>
        <time>2026-03-09T21:51:15.511Z</time>
      </trkpt>
      <trkpt lat="51.792965" lon="10.620021">
        <ele>1017.216906</ele>
        <time>2026-03-09T21:52:50.422Z</time>
      </trkpt>
      <trkpt lat="51.793182" lon="10.619709">
        <ele>1019.858193</ele>
        <time>2026-03-09T21:53:10.888Z</time>
      </trkpt>
      <trkpt lat="51.793372" lon="10.619373">
        <ele>1022.937178</ele>
        <time>2026-03-09T21:53:31.176Z</time>
      </trkpt>
      <trkpt lat="51.793527" lon="10.619062">
        <ele>1025.638384</ele>
        <time>2026-03-09T21:53:49.349Z</time>
      </trkpt>
      <trkpt lat="51.794373" lon="10.617440">
        <ele>1039.874854</ele>
        <time>2026-03-09T21:55:29.785Z</time>
      </trkpt>
      <trkpt lat="51.794447" lon="10.617344">
        <ele>1040.766681</ele>
        <time>2026-03-09T21:55:36.914Z</time>
      </trkpt>
      <trkpt lat="51.794547" lon="10.617348">
        <ele>1041.706966</ele>
        <time>2026-03-09T21:55:44.271Z</time>
      </trkpt>
      <trkpt lat="51.794616" lon="10.617483">
        <ele>1042.725139</ele>
        <time>2026-03-09T21:55:52.199Z</time>
      </trkpt>
      <trkpt lat="51.794807" lon="10.618371">
        <ele>1048.190998</ele>
        <time>2026-03-09T21:56:32.713Z</time>
      </trkpt>
      <trkpt lat="51.795252" lon="10.619888">
        <ele>1057.881311</ele>
        <time>2026-03-09T21:57:35.747Z</time>
      </trkpt>
      <trkpt lat="51.795457" lon="10.620890">
        <ele>1063.783938</ele>
        <time>2026-03-09T21:58:11.594Z</time>
      </trkpt>
      <trkpt lat="51.795575" lon="10.621325">
        <ele>1066.440513</ele>
        <time>2026-03-09T21:58:29.750Z</time>
      </trkpt>
      <trkpt lat="51.795691" lon="10.621621">
        <ele>1068.400329</ele>
        <time>2026-03-09T21:58:44.304Z</time>
      </trkpt>
      <trkpt lat="51.795782" lon="10.621769">
        <ele>1069.567505</ele>
        <time>2026-03-09T21:58:53.443Z</time>
      </trkpt>
      <trkpt lat="51.795907" lon="10.621909">
        <ele>1070.942561</ele>
        <time>2026-03-09T21:59:04.621Z</time>
      </trkpt>
      <trkpt lat="51.796158" lon="10.622049">
        <ele>1073.717758</ele>
        <time>2026-03-09T21:59:25.357Z</time>
      </trkpt>
      <trkpt lat="51.796391" lon="10.622047">
        <ele>1076.622211</ele>
        <time>2026-03-09T21:59:44.462Z</time>
      </trkpt>
      <trkpt lat="51.796866" lon="10.621809">
        <ele>1082.820989</ele>
        <time>2026-03-09T22:00:27.270Z</time>
      </trkpt>
      <trkpt lat="51.797338" lon="10.621637">
        <ele>1088.852170</ele>
        <time>2026-03-09T22:01:09.714Z</time>
      </trkpt>
      <trkpt lat="51.798296" lon="10.621118">
        <ele>1100.044047</ele>
        <time>2026-03-09T22:02:29.732Z</time>
      </trkpt>
      <trkpt lat="51.798507" lon="10.620992">
        <ele>1102.258452</ele>
        <time>2026-03-09T22:02:45.204Z</time>
      </trkpt>
      <trkpt lat="51.798777" lon="10.620770">
        <ele>1105.240485</ele>
        <time>2026-03-09T22:03:05.219Z</time>
      </trkpt>
      <trkpt lat="51.799067" lon="10.620365">
        <ele>1109.012915</ele>
        <time>2026-03-09T22:03:29.457Z</time>
      </trkpt>
      <trkpt lat="51.799137" lon="10.620261">
        <ele>1109.948779</ele>
        <time>2026-03-09T22:03:35.200Z</time>
      </trkpt>
      <trkpt lat="51.800112" lon="10.618706">
        <ele>1121.570834</ele>
        <time>2026-03-09T22:04:56.592Z</time>
      </trkpt>
      <trkpt lat="51.800187" lon="10.618402">
        <ele>1123.224945</ele>
        <time>2026-03-09T22:05:09.183Z</time>
      </trkpt>
      <trkpt lat="51.800186" lon="10.618183">
        <ele>1124.331760</ele>
        <time>2026-03-09T22:05:17.762Z</time>
      </trkpt>
      <trkpt lat="51.800143" lon="10.617937">
        <ele>1125.623709</ele>
        <time>2026-03-09T22:05:27.548Z</time>
      </trkpt>
      <trkpt lat="51.800116" lon="10.617807">
        <ele>1126.316769</ele>
        <time>2026-03-09T22:05:32.918Z</time>
      </trkpt>
      <trkpt lat="51.800075" lon="10.617648">
        <ele>1127.184881</ele>
        <time>2026-03-09T22:05:39.378Z</time>
      </trkpt>
      <trkpt lat="51.800003" lon="10.617386">
        <ele>1127.945067</ele>
        <time>2026-03-09T22:05:50.292Z</time>
      </trkpt>
      <trkpt lat="51.799798" lon="10.616637">
        <ele>1130.116830</ele>
        <time>2026-03-09T22:06:18.948Z</time>
      </trkpt>
      <trkpt lat="51.799726" lon="10.616332">
        <ele>1130.982448</ele>
        <time>2026-03-09T22:06:28.523Z</time>
      </trkpt>
      <trkpt lat="51.799695" lon="10.616066">
        <ele>1131.700157</ele>
        <time>2026-03-09T22:06:35.593Z</time>
      </trkpt>
      <trkpt lat="51.799626" lon="10.615703">
        <ele>1132.707086</ele>
        <time>2026-03-09T22:06:44.413Z</time>
      </trkpt>
      <trkpt lat="51.799585" lon="10.615701">
        <ele>1132.882956</ele>
        <time>2026-03-09T22:06:45.768Z</time>
      </trkpt>
      <trkpt lat="51.799297" lon="10.615653">
        <ele>1134.124315</ele>
        <time>2026-03-09T22:06:53.846Z</time>
      </trkpt>
      <trkpt lat="51.799302" lon="10.615551">
        <ele>1134.395617</ele>
        <time>2026-03-09T22:06:55.219Z</time>
      </trkpt>
      <trkpt lat="51.799248" lon="10.615370">
        <ele>1134.842731</ele>
        <time>2026-03-09T22:06:57.691Z</time>
      </trkpt>
      <trkpt lat="51.799342" lon="10.614911">
        <ele>1132.944236</ele>
        <time>2026-03-09T22:07:03.067Z</time>
      </trkpt>
      <trkpt lat="51.799504" lon="10.614414">
        <ele>1130.738314</ele>
        <time>2026-03-09T22:07:08.677Z</time>
      </trkpt>
      <trkpt lat="51.799660" lon="10.614095">
        <ele>1129.141480</ele>
        <time>2026-03-09T22:07:12.473Z</time>
      </trkpt>
      <trkpt lat="51.799761" lon="10.613957">
        <ele>1128.301942</ele>
        <time>2026-03-09T22:07:14.391Z</time>
      </trkpt>
      <trkpt lat="51.799937" lon="10.613795">
        <ele>1127.016131</ele>
        <time>2026-03-09T22:07:17.212Z</time>
      </trkpt>
      <trkpt lat="51.800062" lon="10.613755">
        <ele>1126.207090</ele>
        <time>2026-03-09T22:07:18.949Z</time>
      </trkpt>
      <trkpt lat="51.800319" lon="10.613869">
        <ele>1124.515068</ele>
        <time>2026-03-09T22:07:22.519Z</time>
      </trkpt>
      <trkpt lat="51.800648" lon="10.613887">
        <ele>1121.075079</ele>
        <time>2026-03-09T22:07:26.867Z</time>
      </trkpt>
      <trkpt lat="51.800811" lon="10.613628">
        <ele>1117.756992</ele>
        <time>2026-03-09T22:07:29.496Z</time>
      </trkpt>
      <trkpt lat="51.801054" lon="10.613397">
        <ele>1113.664178</ele>
        <time>2026-03-09T22:07:32.706Z</time>
      </trkpt>
      <trkpt lat="51.801249" lon="10.612817">
        <ele>1107.736467</ele>
        <time>2026-03-09T22:07:37.323Z</time>
      </trkpt>
      <trkpt lat="51.801533" lon="10.612204">
        <ele>1100.859031</ele>
        <time>2026-03-09T22:07:42.673Z</time>
      </trkpt>
      <trkpt lat="51.801708" lon="10.611950">
        <ele>1097.444678</ele>
        <time>2026-03-09T22:07:45.345Z</time>
      </trkpt>
      <trkpt lat="51.801957" lon="10.611484">
        <ele>1092.057885</ele>
        <time>2026-03-09T22:07:49.686Z</time>
      </trkpt>
      <trkpt lat="51.802119" lon="10.610926">
        <ele>1086.668418</ele>
        <time>2026-03-09T22:07:54.038Z</time>
      </trkpt>
      <trkpt lat="51.802211" lon="10.610738">
        <ele>1084.572338</ele>
        <time>2026-03-09T22:07:55.728Z</time>
      </trkpt>
      <trkpt lat="51.802302" lon="10.610606">
        <ele>1082.843989</ele>
        <time>2026-03-09T22:07:57.127Z</time>
      </trkpt>
      <trkpt lat="51.803064" lon="10.609771">
        <ele>1070.268210</ele>
        <time>2026-03-09T22:08:07.711Z</time>
      </trkpt>
      <trkpt lat="51.803780" lon="10.609195">
        <ele>1061.322951</ele>
        <time>2026-03-09T22:08:17.010Z</time>
      </trkpt>
      <trkpt lat="51.804653" lon="10.608610">
        <ele>1051.053684</ele>
        <time>2026-03-09T22:08:28.320Z</time>
      </trkpt>
      <trkpt lat="51.805376" lon="10.608074">
        <ele>1044.693140</ele>
        <time>2026-03-09T22:08:38.111Z</time>
      </trkpt>
      <trkpt lat="51.805756" lon="10.607742">
        <ele>1041.239102</ele>
        <time>2026-03-09T22:08:43.513Z</time>
      </trkpt>
      <trkpt lat="51.806214" lon="10.607464">
        <ele>1037.311255</ele>
        <time>2026-03-09T22:08:49.705Z</time>
      </trkpt>
      <trkpt lat="51.806533" lon="10.607348">
        <ele>1034.277514</ele>
        <time>2026-03-09T22:08:53.839Z</time>
      </trkpt>
      <trkpt lat="51.807320" lon="10.606954">
        <ele>1026.633472</ele>
        <time>2026-03-09T22:09:03.915Z</time>
      </trkpt>
      <trkpt lat="51.808110" lon="10.606748">
        <ele>1018.639506</ele>
        <time>2026-03-09T22:09:13.335Z</time>
      </trkpt>
      <trkpt lat="51.808619" lon="10.606233">
        <ele>1010.992025</ele>
        <time>2026-03-09T22:09:20.269Z</time>
      </trkpt>
      <trkpt lat="51.808864" lon="10.605935">
        <ele>1007.087361</ele>
        <time>2026-03-09T22:09:23.813Z</time>
      </trkpt>
      <trkpt lat="51.809148" lon="10.605827">
        <ele>1003.371284</ele>
        <time>2026-03-09T22:09:27.191Z</time>
      </trkpt>
      <trkpt lat="51.809421" lon="10.605796">
        <ele>999.885404</ele>
        <time>2026-03-09T22:09:30.353Z</time>
      </trkpt>
      <trkpt lat="51.809945" lon="10.605866">
        <ele>992.184431</ele>
        <time>2026-03-09T22:09:36.407Z</time>
      </trkpt>
      <trkpt lat="51.810247" lon="10.606008">
        <ele>987.311351</ele>
        <time>2026-03-09T22:09:40.003Z</time>
      </trkpt>
      <trkpt lat="51.810371" lon="10.606021">
        <ele>985.385993</ele>
        <time>2026-03-09T22:09:41.417Z</time>
      </trkpt>
      <trkpt lat="51.811008" lon="10.605876">
        <ele>975.418690</ele>
        <time>2026-03-09T22:09:48.679Z</time>
      </trkpt>
      <trkpt lat="51.811447" lon="10.605678">
        <ele>968.209561</ele>
        <time>2026-03-09T22:09:53.770Z</time>
      </trkpt>
      <trkpt lat="51.811763" lon="10.605595">
        <ele>962.791678</ele>
        <time>2026-03-09T22:09:57.354Z</time>
      </trkpt>
      <trkpt lat="51.812156" lon="10.605518">
        <ele>956.092119</ele>
        <time>2026-03-09T22:10:01.785Z</time>
      </trkpt>
      <trkpt lat="51.812429" lon="10.605538">
        <ele>951.467263</ele>
        <time>2026-03-09T22:10:04.850Z</time>
      </trkpt>
      <trkpt lat="51.813046" lon="10.605483">
        <ele>941.009609</ele>
        <time>2026-03-09T22:10:11.814Z</time>
      </trkpt>
      <trkpt lat="51.813230" lon="10.605311">
        <ele>937.473346</ele>
        <time>2026-03-09T22:10:14.224Z</time>
      </trkpt>
      <trkpt lat="51.813314" lon="10.605160">
        <ele>935.408938</ele>
        <time>2026-03-09T22:10:15.638Z</time>
      </trkpt>
      <trkpt lat="51.813512" lon="10.604572">
        <ele>928.604216</ele>
        <time>2026-03-09T22:10:20.327Z</time>
      </trkpt>
      <trkpt lat="51.813598" lon="10.603999">
        <ele>922.611747</ele>
        <time>2026-03-09T22:10:24.454Z</time>
      </trkpt>
      <trkpt lat="51.813663" lon="10.603889">
        <ele>921.065308</ele>
        <time>2026-03-09T22:10:25.508Z</time>
      </trkpt>
      <trkpt lat="51.813743" lon="10.603879">
        <ele>919.746281</ele>
        <time>2026-03-09T22:10:26.413Z</time>
      </trkpt>
      <trkpt lat="51.813808" lon="10.603913">
        <ele>918.623276</ele>
        <time>2026-03-09T22:10:27.184Z</time>
      </trkpt>
      <trkpt lat="51.814346" lon="10.604402">
        <ele>908.375636</ele>
        <time>2026-03-09T22:10:34.092Z</time>
      </trkpt>
      <trkpt lat="51.814539" lon="10.604506">
        <ele>904.797485</ele>
        <time>2026-03-09T22:10:36.376Z</time>
      </trkpt>
      <trkpt lat="51.814693" lon="10.604469">
        <ele>902.059012</ele>
        <time>2026-03-09T22:10:38.131Z</time>
      </trkpt>
      <trkpt lat="51.814974" lon="10.604191">
        <ele>896.265279</ele>
        <time>2026-03-09T22:10:41.824Z</time>
      </trkpt>
      <trkpt lat="51.815102" lon="10.604187">
        <ele>894.013425</ele>
        <time>2026-03-09T22:10:43.253Z</time>
      </trkpt>
      <trkpt lat="51.815254" lon="10.604276">
        <ele>891.170085</ele>
        <time>2026-03-09T22:10:45.068Z</time>
      </trkpt>
      <trkpt lat="51.815365" lon="10.604406">
        <ele>888.759663</ele>
        <time>2026-03-09T22:10:46.598Z</time>
      </trkpt>
      <trkpt lat="51.815415" lon="10.604533">
        <ele>887.122439</ele>
        <time>2026-03-09T22:10:47.636Z</time>
      </trkpt>
      <trkpt lat="51.815456" lon="10.604761">
        <ele>884.540486</ele>
        <time>2026-03-09T22:10:49.275Z</time>
      </trkpt>
      <trkpt lat="51.815746" lon="10.605694">
        <ele>872.926040</ele>
        <time>2026-03-09T22:10:56.503Z</time>
      </trkpt>
      <trkpt lat="51.815938" lon="10.606232">
        <ele>865.829800</ele>
        <time>2026-03-09T22:11:00.793Z</time>
      </trkpt>
      <trkpt lat="51.816050" lon="10.606438">
        <ele>862.696020</ele>
        <time>2026-03-09T22:11:02.677Z</time>
      </trkpt>
      <trkpt lat="51.816271" lon="10.606727">
        <ele>857.444802</ele>
        <time>2026-03-09T22:11:05.839Z</time>
      </trkpt>
      <trkpt lat="51.816434" lon="10.606887">
        <ele>853.921667</ele>
        <time>2026-03-09T22:11:07.959Z</time>
      </trkpt>
      <trkpt lat="51.816867" lon="10.607183">
        <ele>845.235413</ele>
        <time>2026-03-09T22:11:13.194Z</time>
      </trkpt>
      <trkpt lat="51.817061" lon="10.607270">
        <ele>841.511673</ele>
        <time>2026-03-09T22:11:15.444Z</time>
      </trkpt>
      <trkpt lat="51.818299" lon="10.607534">
        <ele>818.413348</ele>
        <time>2026-03-09T22:11:29.364Z</time>
      </trkpt>
      <trkpt lat="51.818728" lon="10.607829">
        <ele>809.775852</ele>
        <time>2026-03-09T22:11:34.560Z</time>
      </trkpt>
      <trkpt lat="51.819150" lon="10.607864">
        <ele>801.902160</ele>
        <time>2026-03-09T22:11:39.279Z</time>
      </trkpt>
      <trkpt lat="51.819573" lon="10.608270">
        <ele>792.737307</ele>
        <time>2026-03-09T22:11:44.745Z</time>
      </trkpt>
      <trkpt lat="51.819690" lon="10.608320">
        <ele>790.482396</ele>
        <time>2026-03-09T22:11:46.087Z</time>
      </trkpt>
      <trkpt lat="51.819761" lon="10.608294">
        <ele>789.125942</ele>
        <time>2026-03-09T22:11:46.904Z</time>
      </trkpt>
      <trkpt lat="51.819925" lon="10.608130">
        <ele>785.533346</ele>
        <time>2026-03-09T22:11:49.043Z</time>
      </trkpt>
      <trkpt lat="51.820221" lon="10.607573">
        <ele>777.158579</ele>
        <time>2026-03-09T22:11:54.108Z</time>
      </trkpt>
      <trkpt lat="51.820441" lon="10.607290">
        <ele>772.289994</ele>
        <time>2026-03-09T22:11:57.251Z</time>
      </trkpt>
      <trkpt lat="51.820525" lon="10.607246">
        <ele>770.760616</ele>
        <time>2026-03-09T22:11:58.240Z</time>
      </trkpt>
      <trkpt lat="51.820637" lon="10.607256">
        <ele>768.817648</ele>
        <time>2026-03-09T22:11:59.497Z</time>
      </trkpt>
      <trkpt lat="51.821190" lon="10.607500">
        <ele>758.888958</ele>
        <time>2026-03-09T22:12:05.911Z</time>
      </trkpt>
      <trkpt lat="51.821903" lon="10.607421">
        <ele>746.574459</ele>
        <time>2026-03-09T22:12:13.959Z</time>
      </trkpt>
      <trkpt lat="51.821959" lon="10.607380">
        <ele>745.619884</ele>
        <time>2026-03-09T22:12:14.657Z</time>
      </trkpt>
      <trkpt lat="51.822128" lon="10.607151">
        <ele>742.196409</ele>
        <time>2026-03-09T22:12:17.143Z</time>
      </trkpt>
      <trkpt lat="51.822233" lon="10.607093">
        <ele>740.473357</ele>
        <time>2026-03-09T22:12:18.386Z</time>
      </trkpt>
      <trkpt lat="51.822369" lon="10.607076">
        <ele>738.355012</ele>
        <time>2026-03-09T22:12:19.926Z</time>
      </trkpt>
      <trkpt lat="51.822558" lon="10.607108">
        <ele>735.403854</ele>
        <time>2026-03-09T22:12:22.067Z</time>
      </trkpt>
      <trkpt lat="51.822924" lon="10.607256">
        <ele>729.545105</ele>
        <time>2026-03-09T22:12:26.340Z</time>
      </trkpt>
      <trkpt lat="51.823049" lon="10.607253">
        <ele>727.603668</ele>
        <time>2026-03-09T22:12:27.760Z</time>
      </trkpt>
      <trkpt lat="51.823153" lon="10.607201">
        <ele>725.913201</ele>
        <time>2026-03-09T22:12:28.999Z</time>
      </trkpt>
      <trkpt lat="51.823222" lon="10.607111">
        <ele>724.536778</ele>
        <time>2026-03-09T22:12:30.011Z</time>
      </trkpt>
      <trkpt lat="51.823343" lon="10.606813">
        <ele>721.114331</ele>
        <time>2026-03-09T22:12:32.528Z</time>
      </trkpt>
      <trkpt lat="51.823408" lon="10.606743">
        <ele>719.901719</ele>
        <time>2026-03-09T22:12:33.415Z</time>
      </trkpt>
      <trkpt lat="51.823488" lon="10.606742">
        <ele>718.729713</ele>
        <time>2026-03-09T22:12:34.327Z</time>
      </trkpt>
      <trkpt lat="51.823575" lon="10.606797">
        <ele>717.467085</ele>
        <time>2026-03-09T22:12:35.406Z</time>
      </trkpt>
      <trkpt lat="51.823858" lon="10.607216">
        <ele>712.281550</ele>
        <time>2026-03-09T22:12:39.805Z</time>
      </trkpt>
      <trkpt lat="51.823973" lon="10.607309">
        <ele>710.543643</ele>
        <time>2026-03-09T22:12:41.288Z</time>
      </trkpt>
      <trkpt lat="51.824068" lon="10.607289">
        <ele>709.248639</ele>
        <time>2026-03-09T22:12:42.392Z</time>
      </trkpt>
      <trkpt lat="51.824137" lon="10.607197">
        <ele>708.040004</ele>
        <time>2026-03-09T22:12:43.419Z</time>
      </trkpt>
      <trkpt lat="51.824781" lon="10.605385">
        <ele>690.933372</ele>
        <time>2026-03-09T22:12:58.317Z</time>
      </trkpt>
      <trkpt lat="51.825124" lon="10.604949">
        <ele>685.524978</ele>
        <time>2026-03-09T22:13:03.353Z</time>
      </trkpt>
      <trkpt lat="51.825463" lon="10.604671">
        <ele>680.812647</ele>
        <time>2026-03-09T22:13:07.757Z</time>
      </trkpt>
      <trkpt lat="51.825638" lon="10.604638">
        <ele>678.628134</ele>
        <time>2026-03-09T22:13:09.813Z</time>
      </trkpt>
      <trkpt lat="51.825805" lon="10.604652">
        <ele>676.554722</ele>
        <time>2026-03-09T22:13:11.761Z</time>
      </trkpt>
      <trkpt lat="51.825943" lon="10.604613">
        <ele>674.817755</ele>
        <time>2026-03-09T22:13:13.395Z</time>
      </trkpt>
      <trkpt lat="51.827463" lon="10.603486">
        <ele>657.723819</ele>
        <time>2026-03-09T22:13:33.262Z</time>
      </trkpt>
      <trkpt lat="51.829918" lon="10.601778">
        <ele>636.879532</ele>
        <time>2026-03-09T22:14:06.425Z</time>
      </trkpt>
      <trkpt lat="51.830027" lon="10.600722">
        <ele>632.682635</ele>
        <time>2026-03-09T22:14:21.987Z</time>
      </trkpt>
      <trkpt lat="51.830170" lon="10.599210">
        <ele>627.233192</ele>
        <time>2026-03-09T22:14:44.397Z</time>
      </trkpt>
      <trkpt lat="51.830272" lon="10.598264">
        <ele>624.332840</ele>
        <time>2026-03-09T22:14:58.474Z</time>
      </trkpt>
      <trkpt lat="51.830296" lon="10.598192">
        <ele>624.085764</ele>
        <time>2026-03-09T22:14:59.686Z</time>
      </trkpt>
      <trkpt lat="51.830379" lon="10.598072">
        <ele>623.541794</ele>
        <time>2026-03-09T22:15:02.375Z</time>
      </trkpt>
      <trkpt lat="51.830668" lon="10.597884">
        <ele>622.019519</ele>
        <time>2026-03-09T22:15:10.018Z</time>
      </trkpt>
      <trkpt lat="51.831087" lon="10.597367">
        <ele>619.720647</ele>
        <time>2026-03-09T22:15:23.195Z</time>
      </trkpt>
      <trkpt lat="51.831668" lon="10.596783">
        <ele>617.486082</ele>
        <time>2026-03-09T22:15:40.730Z</time>
      </trkpt>
      <trkpt lat="51.831700" lon="10.596725">
        <ele>617.329103</ele>
        <time>2026-03-09T22:15:41.958Z</time>
      </trkpt>
      <trkpt lat="51.831705" lon="10.596652">
        <ele>617.180817</ele>
        <time>2026-03-09T22:15:43.132Z</time>
      </trkpt>
      <trkpt lat="51.831670" lon="10.596463">
        <ele>616.782468</ele>
        <time>2026-03-09T22:15:46.266Z</time>
      </trkpt>
      <trkpt lat="51.831402" lon="10.596063">
        <ele>615.591321</ele>
        <time>2026-03-09T22:15:55.696Z</time>
      </trkpt>
      <trkpt lat="51.831236" lon="10.595764">
        <ele>614.779810</ele>
        <time>2026-03-09T22:16:02.159Z</time>
      </trkpt>
      <trkpt lat="51.831180" lon="10.595703">
        <ele>614.559264</ele>
        <time>2026-03-09T22:16:03.918Z</time>
      </trkpt>
      <trkpt lat="51.830623" lon="10.595431">
        <ele>613.338034</ele>
        <time>2026-03-09T22:16:19.394Z</time>
      </trkpt>
      <trkpt lat="51.830580" lon="10.595409">
        <ele>613.248141</ele>
        <time>2026-03-09T22:16:20.652Z</time>
      </trkpt>
      <trkpt lat="51.830219" lon="10.595049">
        <ele>612.402889</ele>
        <time>2026-03-09T22:16:32.683Z</time>
      </trkpt>
      <trkpt lat="51.830109" lon="10.594856">
        <ele>612.079472</ele>
        <time>2026-03-09T22:16:37.340Z</time>
      </trkpt>
      <trkpt lat="51.829895" lon="10.594311">
        <ele>611.284062</ele>
        <time>2026-03-09T22:16:48.638Z</time>
      </trkpt>
      <trkpt lat="51.829795" lon="10.593982">
        <ele>610.832418</ele>
        <time>2026-03-09T22:16:55.022Z</time>
      </trkpt>
      <trkpt lat="51.829739" lon="10.593690">
        <ele>609.981502</ele>
        <time>2026-03-09T22:17:00.194Z</time>
      </trkpt>
      <trkpt lat="51.829730" lon="10.593442">
        <ele>609.272833</ele>
        <time>2026-03-09T22:17:04.315Z</time>
      </trkpt>
      <trkpt lat="51.829796" lon="10.592983">
        <ele>607.928505</ele>
        <time>2026-03-09T22:17:11.944Z</time>
      </trkpt>
      <trkpt lat="51.829870" lon="10.592722">
        <ele>607.109357</ele>
        <time>2026-03-09T22:17:16.437Z</time>
      </trkpt>
      <trkpt lat="51.830078" lon="10.592111">
        <ele>605.119469</ele>
        <time>2026-03-09T22:17:26.978Z</time>
      </trkpt>
      <trkpt lat="51.830196" lon="10.591765">
        <ele>603.992155</ele>
        <time>2026-03-09T22:17:32.732Z</time>
      </trkpt>
      <trkpt lat="51.830367" lon="10.591412">
        <ele>602.712702</ele>
        <time>2026-03-09T22:17:38.881Z</time>
      </trkpt>
      <trkpt lat="51.830831" lon="10.591018">
        <ele>599.286188</ele>
        <time>2026-03-09T22:17:50.428Z</time>
      </trkpt>
      <trkpt lat="51.831003" lon="10.590603">
        <ele>597.213747</ele>
        <time>2026-03-09T22:17:57.285Z</time>
      </trkpt>
      <trkpt lat="51.831083" lon="10.590561">
        <ele>596.649295</ele>
        <time>2026-03-09T22:17:58.464Z</time>
      </trkpt>
      <trkpt lat="51.831195" lon="10.590603">
        <ele>595.877713</ele>
        <time>2026-03-09T22:18:00.081Z</time>
      </trkpt>
      <trkpt lat="51.831240" lon="10.590686">
        <ele>595.419774</ele>
        <time>2026-03-09T22:18:01.046Z</time>
      </trkpt>
      <trkpt lat="51.831347" lon="10.591309">
        <ele>592.737996</ele>
        <time>2026-03-09T22:18:06.759Z</time>
      </trkpt>
      <trkpt lat="51.831471" lon="10.591583">
        <ele>591.329473</ele>
        <time>2026-03-09T22:18:09.838Z</time>
      </trkpt>
      <trkpt lat="51.831661" lon="10.591758">
        <ele>590.363465</ele>
        <time>2026-03-09T22:18:13.176Z</time>
      </trkpt>
      <trkpt lat="51.832183" lon="10.592027">
        <ele>589.861289</ele>
        <time>2026-03-09T22:18:23.926Z</time>
      </trkpt>
      <trkpt lat="51.832355" lon="10.592215">
        <ele>589.671026</ele>
        <time>2026-03-09T22:18:28.998Z</time>
      </trkpt>
      <trkpt lat="51.832586" lon="10.592534">
        <ele>589.392654</ele>
        <time>2026-03-09T22:18:36.648Z</time>
      </trkpt>
      <trkpt lat="51.832729" lon="10.592920">
        <ele>589.137718</ele>
        <time>2026-03-09T22:18:43.607Z</time>
      </trkpt>
      <trkpt lat="51.832865" lon="10.593147">
        <ele>588.958620</ele>
        <time>2026-03-09T22:18:48.235Z</time>
      </trkpt>
      <trkpt lat="51.833194" lon="10.593500">
        <ele>588.142888</ele>
        <time>2026-03-09T22:18:56.369Z</time>
      </trkpt>
      <trkpt lat="51.833323" lon="10.593561">
        <ele>587.736194</ele>
        <time>2026-03-09T22:18:58.912Z</time>
      </trkpt>
      <trkpt lat="51.833607" lon="10.593612">
        <ele>586.871501</ele>
        <time>2026-03-09T22:19:03.884Z</time>
      </trkpt>
      <trkpt lat="51.833875" lon="10.593537">
        <ele>586.048464</ele>
        <time>2026-03-09T22:19:08.252Z</time>
      </trkpt>
      <trkpt lat="51.834065" lon="10.593412">
        <ele>585.427803</ele>
        <time>2026-03-09T22:19:11.401Z</time>
      </trkpt>
      <trkpt lat="51.834175" lon="10.593295">
        <ele>585.029467</ele>
        <time>2026-03-09T22:19:13.438Z</time>
      </trkpt>
      <trkpt lat="51.834632" lon="10.592640">
        <ele>583.304631</ele>
        <time>2026-03-09T22:19:22.734Z</time>
      </trkpt>
      <trkpt lat="51.834691" lon="10.592508">
        <ele>583.220863</ele>
        <time>2026-03-09T22:19:24.278Z</time>
      </trkpt>
      <trkpt lat="51.834700" lon="10.592488">
        <ele>583.208141</ele>
        <time>2026-03-09T22:19:24.649Z</time>
      </trkpt>
      <trkpt lat="51.834804" lon="10.592260">
        <ele>583.062424</ele>
        <time>2026-03-09T22:19:27.379Z</time>
      </trkpt>
      <trkpt lat="51.834920" lon="10.592085">
        <ele>582.930461</ele>
        <time>2026-03-09T22:19:29.905Z</time>
      </trkpt>
      <trkpt lat="51.835242" lon="10.591855">
        <ele>582.637580</ele>
        <time>2026-03-09T22:19:35.890Z</time>
      </trkpt>
      <trkpt lat="51.835572" lon="10.591550">
        <ele>582.321354</ele>
        <time>2026-03-09T22:19:43.850Z</time>
      </trkpt>
      <trkpt lat="51.835752" lon="10.591467">
        <ele>582.165611</ele>
        <time>2026-03-09T22:19:49.451Z</time>
      </trkpt>
      <trkpt lat="51.835963" lon="10.591475">
        <ele>581.989986</ele>
        <time>2026-03-09T22:19:56.540Z</time>
      </trkpt>
      <trkpt lat="51.836091" lon="10.591615">
        <ele>581.861431</ele>
        <time>2026-03-09T22:20:02.176Z</time>
      </trkpt>
      <trkpt lat="51.836279" lon="10.592129">
        <ele>582.334558</ele>
        <time>2026-03-09T22:20:17.619Z</time>
      </trkpt>
      <trkpt lat="51.836499" lon="10.592469">
        <ele>582.739559</ele>
        <time>2026-03-09T22:20:31.009Z</time>
      </trkpt>
      <trkpt lat="51.837280" lon="10.593172">
        <ele>583.929365</ele>
        <time>2026-03-09T22:20:57.542Z</time>
      </trkpt>
      <trkpt lat="51.837556" lon="10.593532">
        <ele>583.708075</ele>
        <time>2026-03-09T22:21:03.639Z</time>
      </trkpt>
      <trkpt lat="51.837594" lon="10.593556">
        <ele>583.515096</ele>
        <time>2026-03-09T22:21:04.636Z</time>
      </trkpt>
      <trkpt lat="51.837783" lon="10.593572">
        <ele>582.619733</ele>
        <time>2026-03-09T22:21:07.609Z</time>
      </trkpt>
      <trkpt lat="51.837805" lon="10.593566">
        <ele>582.514186</ele>
        <time>2026-03-09T22:21:08.155Z</time>
      </trkpt>
      <trkpt lat="51.837881" lon="10.593523">
        <ele>582.133299</ele>
        <time>2026-03-09T22:21:09.361Z</time>
      </trkpt>
      <trkpt lat="51.838005" lon="10.593387">
        <ele>581.424651</ele>
        <time>2026-03-09T22:21:11.573Z</time>
      </trkpt>
      <trkpt lat="51.838084" lon="10.593190">
        <ele>580.738138</ele>
        <time>2026-03-09T22:21:13.664Z</time>
      </trkpt>
      <trkpt lat="51.838117" lon="10.591865">
        <ele>576.861811</ele>
        <time>2026-03-09T22:21:25.479Z</time>
      </trkpt>
      <trkpt lat="51.838180" lon="10.591370">
        <ele>575.649482</ele>
        <time>2026-03-09T22:21:30.191Z</time>
      </trkpt>
      <trkpt lat="51.838733" lon="10.589475">
        <ele>574.091563</ele>
        <time>2026-03-09T22:21:53.585Z</time>
      </trkpt>
      <trkpt lat="51.838901" lon="10.589149">
        <ele>573.775995</ele>
        <time>2026-03-09T22:22:01.751Z</time>
      </trkpt>
      <trkpt lat="51.839109" lon="10.588949">
        <ele>573.681669</ele>
        <time>2026-03-09T22:22:09.653Z</time>
      </trkpt>
      <trkpt lat="51.839259" lon="10.588935">
        <ele>573.891867</ele>
        <time>2026-03-09T22:22:14.647Z</time>
      </trkpt>
      <trkpt lat="51.839385" lon="10.588968">
        <ele>574.070434</ele>
        <time>2026-03-09T22:22:18.869Z</time>
      </trkpt>
      <trkpt lat="51.839619" lon="10.589096">
        <ele>574.415990</ele>
        <time>2026-03-09T22:22:27.349Z</time>
      </trkpt>
      <trkpt lat="51.840150" lon="10.589113">
        <ele>575.159002</ele>
        <time>2026-03-09T22:22:45.018Z</time>
      </trkpt>
      <trkpt lat="51.840515" lon="10.589180">
        <ele>575.672909</ele>
        <time>2026-03-09T22:22:55.638Z</time>
      </trkpt>
      <trkpt lat="51.841535" lon="10.589238">
        <ele>573.697324</ele>
        <time>2026-03-09T22:23:15.664Z</time>
      </trkpt>
      <trkpt lat="51.841633" lon="10.589193">
        <ele>573.358933</ele>
        <time>2026-03-09T22:23:17.328Z</time>
      </trkpt>
      <trkpt lat="51.841716" lon="10.589096">
        <ele>573.018857</ele>
        <time>2026-03-09T22:23:18.981Z</time>
      </trkpt>
      <trkpt lat="51.841897" lon="10.588732">
        <ele>572.059892</ele>
        <time>2026-03-09T22:23:23.458Z</time>
      </trkpt>
      <trkpt lat="51.841950" lon="10.588311">
        <ele>571.178092</ele>
        <time>2026-03-09T22:23:29.752Z</time>
      </trkpt>
      <trkpt lat="51.841888" lon="10.587302">
        <ele>568.450078</ele>
        <time>2026-03-09T22:23:44.121Z</time>
      </trkpt>
      <trkpt lat="51.841866" lon="10.587048">
        <ele>567.589887</ele>
        <time>2026-03-09T22:23:47.702Z</time>
      </trkpt>
      <trkpt lat="51.841759" lon="10.586487">
        <ele>565.620799</ele>
        <time>2026-03-09T22:23:55.932Z</time>
      </trkpt>
      <trkpt lat="51.841762" lon="10.585944">
        <ele>563.799618</ele>
        <time>2026-03-09T22:24:03.757Z</time>
      </trkpt>
      <trkpt lat="51.841972" lon="10.585661">
        <ele>562.316278</ele>
        <time>2026-03-09T22:24:10.338Z</time>
      </trkpt>
      <trkpt lat="51.842164" lon="10.585280">
        <ele>560.667344</ele>
        <time>2026-03-09T22:24:18.039Z</time>
      </trkpt>
      <trkpt lat="51.842218" lon="10.585153">
        <ele>560.297672</ele>
        <time>2026-03-09T22:24:20.569Z</time>
      </trkpt>
      <trkpt lat="51.842294" lon="10.584813">
        <ele>559.963417</ele>
        <time>2026-03-09T22:24:26.692Z</time>
      </trkpt>
      <trkpt lat="51.842447" lon="10.584437">
        <ele>559.547204</ele>
        <time>2026-03-09T22:24:34.418Z</time>
      </trkpt>
      <trkpt lat="51.842693" lon="10.584156">
        <ele>559.096681</ele>
        <time>2026-03-09T22:24:42.981Z</time>
      </trkpt>
      <trkpt lat="51.842779" lon="10.583907">
        <ele>558.832967</ele>
        <time>2026-03-09T22:24:48.102Z</time>
      </trkpt>
      <trkpt lat="51.842840" lon="10.583580">
        <ele>558.517194</ele>
        <time>2026-03-09T22:24:54.380Z</time>
      </trkpt>
      <trkpt lat="51.842734" lon="10.582937">
        <ele>557.901978</ele>
        <time>2026-03-09T22:25:06.858Z</time>
      </trkpt>
      <trkpt lat="51.842615" lon="10.582632">
        <ele>557.628214</ele>
        <time>2026-03-09T22:25:13.739Z</time>
      </trkpt>
      <trkpt lat="51.842539" lon="10.582314">
        <ele>557.513360</ele>
        <time>2026-03-09T22:25:20.223Z</time>
      </trkpt>
      <trkpt lat="51.842463" lon="10.582130">
        <ele>557.438804</ele>
        <time>2026-03-09T22:25:24.226Z</time>
      </trkpt>
      <trkpt lat="51.842186" lon="10.581877">
        <ele>557.265392</ele>
        <time>2026-03-09T22:25:33.084Z</time>
      </trkpt>
      <trkpt lat="51.841965" lon="10.581568">
        <ele>557.106165</ele>
        <time>2026-03-09T22:25:41.017Z</time>
      </trkpt>
      <trkpt lat="51.841762" lon="10.581046">
        <ele>556.898393</ele>
        <time>2026-03-09T22:25:52.002Z</time>
      </trkpt>
      <trkpt lat="51.841593" lon="10.580319">
        <ele>557.053593</ele>
        <time>2026-03-09T22:26:07.805Z</time>
      </trkpt>
      <trkpt lat="51.841546" lon="10.580027">
        <ele>557.892506</ele>
        <time>2026-03-09T22:26:14.888Z</time>
      </trkpt>
      <trkpt lat="51.841562" lon="10.579971">
        <ele>558.064039</ele>
        <time>2026-03-09T22:26:16.416Z</time>
      </trkpt>
      <trkpt lat="51.841562" lon="10.579971">
        <ele>558.064039</ele>
        <time>2026-03-09T22:26:16.416Z</time>
      </trkpt>
      <trkpt lat="51.841569" lon="10.579951">
        <ele>558.127945</ele>
        <time>2026-03-09T22:26:16.995Z</time>
      </trkpt>
      <trkpt lat="51.840057" lon="10.577923">
        <ele>566.871389</ele>
        <time>2026-03-09T22:28:33.666Z</time>
      </trkpt>
      <trkpt lat="51.840038" lon="10.577895">
        <ele>566.982106</ele>
        <time>2026-03-09T22:28:35.401Z</time>
      </trkpt>
      <trkpt lat="51.840038" lon="10.577895">
        <ele>566.982106</ele>
        <time>2026-03-09T22:28:35.401Z</time>
      </trkpt>
      <trkpt lat="51.840008" lon="10.577843">
        <ele>567.171506</ele>
        <time>2026-03-09T22:28:40.864Z</time>
      </trkpt>
      <trkpt lat="51.839897" lon="10.577976">
        <ele>567.766574</ele>
        <time>2026-03-09T22:28:57.943Z</time>
      </trkpt>
      <trkpt lat="51.839878" lon="10.577987">
        <ele>567.853520</ele>
        <time>2026-03-09T22:29:00.413Z</time>
      </trkpt>
      <trkpt lat="51.839871" lon="10.577935">
        <ele>567.995202</ele>
        <time>2026-03-09T22:29:04.499Z</time>
      </trkpt>
      <trkpt lat="51.839880" lon="10.577749">
        <ele>568.491885</ele>
        <time>2026-03-09T22:29:18.764Z</time>
      </trkpt>
      <trkpt lat="51.839867" lon="10.577541">
        <ele>569.048447</ele>
        <time>2026-03-09T22:29:24.973Z</time>
      </trkpt>
      <trkpt lat="51.839886" lon="10.577199">
        <ele>569.962589</ele>
        <time>2026-03-09T22:29:34.204Z</time>
      </trkpt>
      <trkpt lat="51.839835" lon="10.576593">
        <ele>571.590774</ele>
        <time>2026-03-09T22:29:47.680Z</time>
      </trkpt>
      <trkpt lat="51.839827" lon="10.576560">
        <ele>571.685147</ele>
        <time>2026-03-09T22:29:48.467Z</time>
      </trkpt>
      <trkpt lat="51.839683" lon="10.576059">
        <ele>572.502123</ele>
        <time>2026-03-09T22:29:55.928Z</time>
      </trkpt>
      <trkpt lat="51.839672" lon="10.575932">
        <ele>572.489581</ele>
        <time>2026-03-09T22:29:57.295Z</time>
      </trkpt>
      <trkpt lat="51.839700" lon="10.575321">
        <ele>572.429660</ele>
        <time>2026-03-09T22:30:03.542Z</time>
      </trkpt>
      <trkpt lat="51.839673" lon="10.575175">
        <ele>572.414755</ele>
        <time>2026-03-09T22:30:05.055Z</time>
      </trkpt>
      <trkpt lat="51.839541" lon="10.574863">
        <ele>572.377773</ele>
        <time>2026-03-09T22:30:08.949Z</time>
      </trkpt>
      <trkpt lat="51.839349" lon="10.574644">
        <ele>572.340592</ele>
        <time>2026-03-09T22:30:12.761Z</time>
      </trkpt>
      <trkpt lat="51.839219" lon="10.574576">
        <ele>572.318966</ele>
        <time>2026-03-09T22:30:14.963Z</time>
      </trkpt>
      <trkpt lat="51.838906" lon="10.574499">
        <ele>572.268853</ele>
        <time>2026-03-09T22:30:20.486Z</time>
      </trkpt>
      <trkpt lat="51.838747" lon="10.574389">
        <ele>572.241482</ele>
        <time>2026-03-09T22:30:24.149Z</time>
      </trkpt>
      <trkpt lat="51.838478" lon="10.574204">
        <ele>573.085104</ele>
        <time>2026-03-09T22:30:31.694Z</time>
      </trkpt>
      <trkpt lat="51.838414" lon="10.574089">
        <ele>573.366831</ele>
        <time>2026-03-09T22:30:34.571Z</time>
      </trkpt>
      <trkpt lat="51.838401" lon="10.573937">
        <ele>573.646154</ele>
        <time>2026-03-09T22:30:37.662Z</time>
      </trkpt>
      <trkpt lat="51.838450" lon="10.573562">
        <ele>574.343861</ele>
        <time>2026-03-09T22:30:45.939Z</time>
      </trkpt>
      <trkpt lat="51.838491" lon="10.573429">
        <ele>574.614418</ele>
        <time>2026-03-09T22:30:49.417Z</time>
      </trkpt>
      <trkpt lat="51.838023" lon="10.573539">
        <ele>576.007622</ele>
        <time>2026-03-09T22:31:09.095Z</time>
      </trkpt>
      <trkpt lat="51.837778" lon="10.573446">
        <ele>576.748986</ele>
        <time>2026-03-09T22:31:19.513Z</time>
      </trkpt>
      <trkpt lat="51.837512" lon="10.573261">
        <ele>577.604729</ele>
        <time>2026-03-09T22:31:31.782Z</time>
      </trkpt>
      <trkpt lat="51.837221" lon="10.573135">
        <ele>578.532014</ele>
        <time>2026-03-09T22:31:44.140Z</time>
      </trkpt>
      <trkpt lat="51.836910" lon="10.573072">
        <ele>579.496830</ele>
        <time>2026-03-09T22:31:56.258Z</time>
      </trkpt>
      <trkpt lat="51.836465" lon="10.573109">
        <ele>580.868471</ele>
        <time>2026-03-09T22:32:12.355Z</time>
      </trkpt>
      <trkpt lat="51.836300" lon="10.573030">
        <ele>581.398150</ele>
        <time>2026-03-09T22:32:18.165Z</time>
      </trkpt>
      <trkpt lat="51.835942" lon="10.572750">
        <ele>582.622123</ele>
        <time>2026-03-09T22:32:31.114Z</time>
      </trkpt>
      <trkpt lat="51.835338" lon="10.571734">
        <ele>586.031853</ele>
        <time>2026-03-09T22:33:01.174Z</time>
      </trkpt>
      <trkpt lat="51.835044" lon="10.571141">
        <ele>587.950604</ele>
        <time>2026-03-09T22:33:22.455Z</time>
      </trkpt>
      <trkpt lat="51.834770" lon="10.570875">
        <ele>589.255601</ele>
        <time>2026-03-09T22:33:37.941Z</time>
      </trkpt>
      <trkpt lat="51.834590" lon="10.570831">
        <ele>589.999102</ele>
        <time>2026-03-09T22:33:46.904Z</time>
      </trkpt>
      <trkpt lat="51.834279" lon="10.570999">
        <ele>591.504033</ele>
        <time>2026-03-09T22:34:02.910Z</time>
      </trkpt>
      <trkpt lat="51.833980" lon="10.571084">
        <ele>592.968406</ele>
        <time>2026-03-09T22:34:16.987Z</time>
      </trkpt>
      <trkpt lat="51.833607" lon="10.571119">
        <ele>594.770669</ele>
        <time>2026-03-09T22:34:33.880Z</time>
      </trkpt>
      <trkpt lat="51.833375" lon="10.571085">
        <ele>595.894348</ele>
        <time>2026-03-09T22:34:44.795Z</time>
      </trkpt>
      <trkpt lat="51.832725" lon="10.570817">
        <ele>599.131017</ele>
        <time>2026-03-09T22:35:12.968Z</time>
      </trkpt>
      <trkpt lat="51.831101" lon="10.570253">
        <ele>607.420386</ele>
        <time>2026-03-09T22:36:30.901Z</time>
      </trkpt>
      <trkpt lat="51.830302" lon="10.569854">
        <ele>611.269228</ele>
        <time>2026-03-09T22:37:10.344Z</time>
      </trkpt>
      <trkpt lat="51.830096" lon="10.569803">
        <ele>612.213424</ele>
        <time>2026-03-09T22:37:19.586Z</time>
      </trkpt>
      <trkpt lat="51.829594" lon="10.569782">
        <ele>614.488623</ele>
        <time>2026-03-09T22:37:40.945Z</time>
      </trkpt>
      <trkpt lat="51.829380" lon="10.569741">
        <ele>615.464977</ele>
        <time>2026-03-09T22:37:49.844Z</time>
      </trkpt>
      <trkpt lat="51.828440" lon="10.569726">
        <ele>619.463189</ele>
        <time>2026-03-09T22:38:27.918Z</time>
      </trkpt>
      <trkpt lat="51.828153" lon="10.569654">
        <ele>620.680964</ele>
        <time>2026-03-09T22:38:39.606Z</time>
      </trkpt>
      <trkpt lat="51.827062" lon="10.569161">
        <ele>625.842222</ele>
        <time>2026-03-09T22:39:29.623Z</time>
      </trkpt>
      <trkpt lat="51.826456" lon="10.568820">
        <ele>629.197612</ele>
        <time>2026-03-09T22:40:01.959Z</time>
      </trkpt>
      <trkpt lat="51.826077" lon="10.568674">
        <ele>631.235075</ele>
        <time>2026-03-09T22:40:21.432Z</time>
      </trkpt>
      <trkpt lat="51.825558" lon="10.568534">
        <ele>633.790622</ele>
        <time>2026-03-09T22:40:46.613Z</time>
      </trkpt>
      <trkpt lat="51.825438" lon="10.568542">
        <ele>634.267496</ele>
        <time>2026-03-09T22:40:52.101Z</time>
      </trkpt>
      <trkpt lat="51.824534" lon="10.568916">
        <ele>637.972388</ele>
        <time>2026-03-09T22:41:30.378Z</time>
      </trkpt>
      <trkpt lat="51.823954" lon="10.569061">
        <ele>640.302655</ele>
        <time>2026-03-09T22:41:52.032Z</time>
      </trkpt>
      <trkpt lat="51.823556" lon="10.568973">
        <ele>641.817943</ele>
        <time>2026-03-09T22:42:07.314Z</time>
      </trkpt>
      <trkpt lat="51.823286" lon="10.568805">
        <ele>642.908758</ele>
        <time>2026-03-09T22:42:18.619Z</time>
      </trkpt>
      <trkpt lat="51.822289" lon="10.567758">
        <ele>647.309293</ele>
        <time>2026-03-09T22:43:07.702Z</time>
      </trkpt>
      <trkpt lat="51.822120" lon="10.567558">
        <ele>647.880487</ele>
        <time>2026-03-09T22:43:17.053Z</time>
      </trkpt>
      <trkpt lat="51.821867" lon="10.566998">
        <ele>649.050072</ele>
        <time>2026-03-09T22:43:35.553Z</time>
      </trkpt>
      <trkpt lat="51.821779" lon="10.565831">
        <ele>651.032409</ele>
        <time>2026-03-09T22:44:02.291Z</time>
      </trkpt>
      <trkpt lat="51.821753" lon="10.562971">
        <ele>651.163303</ele>
        <time>2026-03-09T22:44:38.386Z</time>
      </trkpt>
      <trkpt lat="51.821690" lon="10.562515">
        <ele>650.991652</ele>
        <time>2026-03-09T22:44:43.353Z</time>
      </trkpt>
      <trkpt lat="51.821595" lon="10.562127">
        <ele>651.098164</ele>
        <time>2026-03-09T22:44:47.872Z</time>
      </trkpt>
      <trkpt lat="51.821459" lon="10.561223">
        <ele>651.687739</ele>
        <time>2026-03-09T22:44:58.377Z</time>
      </trkpt>
      <trkpt lat="51.821320" lon="10.561162">
        <ele>651.835390</ele>
        <time>2026-03-09T22:45:01.242Z</time>
      </trkpt>
      <trkpt lat="51.820974" lon="10.560563">
        <ele>652.354915</ele>
        <time>2026-03-09T22:45:15.071Z</time>
      </trkpt>
      <trkpt lat="51.820643" lon="10.560190">
        <ele>652.768462</ele>
        <time>2026-03-09T22:45:31.814Z</time>
      </trkpt>
      <trkpt lat="51.820387" lon="10.559920">
        <ele>655.056597</ele>
        <time>2026-03-09T22:45:47.770Z</time>
      </trkpt>
      <trkpt lat="51.820179" lon="10.559809">
        <ele>656.739274</ele>
        <time>2026-03-09T22:46:00.348Z</time>
      </trkpt>
      <trkpt lat="51.820100" lon="10.559785">
        <ele>657.356808</ele>
        <time>2026-03-09T22:46:05.220Z</time>
      </trkpt>
      <trkpt lat="51.819784" lon="10.559845">
        <ele>659.801174</ele>
        <time>2026-03-09T22:46:25.576Z</time>
      </trkpt>
      <trkpt lat="51.819480" lon="10.559838">
        <ele>662.136921</ele>
        <time>2026-03-09T22:46:46.200Z</time>
      </trkpt>
      <trkpt lat="51.818888" lon="10.559894">
        <ele>666.698055</ele>
        <time>2026-03-09T22:47:26.180Z</time>
      </trkpt>
      <trkpt lat="51.818728" lon="10.559874">
        <ele>667.997933</ele>
        <time>2026-03-09T22:47:36.507Z</time>
      </trkpt>
      <trkpt lat="51.818608" lon="10.559827">
        <ele>668.998028</ele>
        <time>2026-03-09T22:47:44.276Z</time>
      </trkpt>
      <trkpt lat="51.818391" lon="10.559590">
        <ele>671.118830</ele>
        <time>2026-03-09T22:48:00.430Z</time>
      </trkpt>
      <trkpt lat="51.817737" lon="10.559359">
        <ele>676.541096</ele>
        <time>2026-03-09T22:48:41.018Z</time>
      </trkpt>
      <trkpt lat="51.817546" lon="10.559365">
        <ele>678.088506</ele>
        <time>2026-03-09T22:48:53.292Z</time>
      </trkpt>
      <trkpt lat="51.817239" lon="10.559436">
        <ele>680.600519</ele>
        <time>2026-03-09T22:49:13.899Z</time>
      </trkpt>
      <trkpt lat="51.816783" lon="10.559399">
        <ele>682.569797</ele>
        <time>2026-03-09T22:49:40.133Z</time>
      </trkpt>
      <trkpt lat="51.816623" lon="10.559461">
        <ele>683.167180</ele>
        <time>2026-03-09T22:49:48.492Z</time>
      </trkpt>
      <trkpt lat="51.816346" lon="10.559650">
        <ele>684.258751</ele>
        <time>2026-03-09T22:50:02.065Z</time>
      </trkpt>
      <trkpt lat="51.816054" lon="10.558979">
        <ele>686.100617</ele>
        <time>2026-03-09T22:50:19.867Z</time>
      </trkpt>
      <trkpt lat="51.815688" lon="10.558320">
        <ele>687.675920</ele>
        <time>2026-03-09T22:50:31.882Z</time>
      </trkpt>
      <trkpt lat="51.815299" lon="10.557848">
        <ele>687.586595</ele>
        <time>2026-03-09T22:50:40.390Z</time>
      </trkpt>
      <trkpt lat="51.812890" lon="10.555203">
        <ele>687.420190</ele>
        <time>2026-03-09T22:51:44.847Z</time>
      </trkpt>
      <trkpt lat="51.812523" lon="10.554651">
        <ele>687.280581</ele>
        <time>2026-03-09T22:51:54.785Z</time>
      </trkpt>
      <trkpt lat="51.811971" lon="10.553434">
        <ele>686.956167</ele>
        <time>2026-03-09T22:52:13.624Z</time>
      </trkpt>
      <trkpt lat="51.811690" lon="10.552492">
        <ele>686.610784</ele>
        <time>2026-03-09T22:52:26.964Z</time>
      </trkpt>
      <trkpt lat="51.811511" lon="10.551740">
        <ele>686.123326</ele>
        <time>2026-03-09T22:52:37.160Z</time>
      </trkpt>
      <trkpt lat="51.810774" lon="10.547184">
        <ele>682.318210</ele>
        <time>2026-03-09T22:53:30.653Z</time>
      </trkpt>
      <trkpt lat="51.810427" lon="10.544839">
        <ele>679.334423</ele>
        <time>2026-03-09T22:53:56.451Z</time>
      </trkpt>
      <trkpt lat="51.810373" lon="10.544208">
        <ele>678.781170</ele>
        <time>2026-03-09T22:54:03.283Z</time>
      </trkpt>
      <trkpt lat="51.810383" lon="10.544037">
        <ele>678.847087</ele>
        <time>2026-03-09T22:54:05.164Z</time>
      </trkpt>
      <trkpt lat="51.810423" lon="10.543901">
        <ele>678.904885</ele>
        <time>2026-03-09T22:54:07.716Z</time>
      </trkpt>
      <trkpt lat="51.810520" lon="10.543672">
        <ele>679.011414</ele>
        <time>2026-03-09T22:54:12.580Z</time>
      </trkpt>
      <trkpt lat="51.811225" lon="10.542834">
        <ele>679.554481</ele>
        <time>2026-03-09T22:54:40.305Z</time>
      </trkpt>
      <trkpt lat="51.811591" lon="10.542610">
        <ele>679.797383</ele>
        <time>2026-03-09T22:54:58.613Z</time>
      </trkpt>
      <trkpt lat="51.811801" lon="10.542414">
        <ele>680.856297</ele>
        <time>2026-03-09T22:55:11.696Z</time>
      </trkpt>
      <trkpt lat="51.812167" lon="10.542222">
        <ele>683.143965</ele>
        <time>2026-03-09T22:55:34.571Z</time>
      </trkpt>
      <trkpt lat="51.812342" lon="10.542027">
        <ele>684.407438</ele>
        <time>2026-03-09T22:55:48.259Z</time>
      </trkpt>
      <trkpt lat="51.812475" lon="10.541837">
        <ele>685.462457</ele>
        <time>2026-03-09T22:55:59.932Z</time>
      </trkpt>
      <trkpt lat="51.812598" lon="10.541558">
        <ele>686.722038</ele>
        <time>2026-03-09T22:56:14.215Z</time>
      </trkpt>
      <trkpt lat="51.812721" lon="10.541279">
        <ele>687.981616</ele>
        <time>2026-03-09T22:56:28.668Z</time>
      </trkpt>
      <trkpt lat="51.813009" lon="10.540939">
        <ele>690.101509</ele>
        <time>2026-03-09T22:56:52.783Z</time>
      </trkpt>
      <trkpt lat="51.813192" lon="10.540659">
        <ele>691.372755</ele>
        <time>2026-03-09T22:57:09.376Z</time>
      </trkpt>
      <trkpt lat="51.813394" lon="10.540210">
        <ele>692.979167</ele>
        <time>2026-03-09T22:57:31.105Z</time>
      </trkpt>
      <trkpt lat="51.813880" lon="10.538449">
        <ele>698.558005</ele>
        <time>2026-03-09T22:58:34.032Z</time>
      </trkpt>
      <trkpt lat="51.813979" lon="10.537907">
        <ele>699.691112</ele>
        <time>2026-03-09T22:58:49.279Z</time>
      </trkpt>
      <trkpt lat="51.814071" lon="10.536941">
        <ele>701.374869</ele>
        <time>2026-03-09T22:59:14.382Z</time>
      </trkpt>
      <trkpt lat="51.814056" lon="10.536364">
        <ele>702.369744</ele>
        <time>2026-03-09T22:59:29.522Z</time>
      </trkpt>
      <trkpt lat="51.813974" lon="10.535586">
        <ele>703.729342</ele>
        <time>2026-03-09T22:59:52.362Z</time>
      </trkpt>
      <trkpt lat="51.813805" lon="10.534943">
        <ele>705.402999</ele>
        <time>2026-03-09T23:00:14.488Z</time>
      </trkpt>
      <trkpt lat="51.813611" lon="10.534482">
        <ele>706.829864</ele>
        <time>2026-03-09T23:00:33.191Z</time>
      </trkpt>
      <trkpt lat="51.813670" lon="10.535594">
        <ele>709.685520</ele>
        <time>2026-03-09T23:01:11.429Z</time>
      </trkpt>
      <trkpt lat="51.813642" lon="10.536328">
        <ele>711.523469</ele>
        <time>2026-03-09T23:01:35.298Z</time>
      </trkpt>
      <trkpt lat="51.813552" lon="10.536823">
        <ele>712.480518</ele>
        <time>2026-03-09T23:01:51.138Z</time>
      </trkpt>
      <trkpt lat="51.813297" lon="10.537517">
        <ele>713.978007</ele>
        <time>2026-03-09T23:02:14.912Z</time>
      </trkpt>
      <trkpt lat="51.813132" lon="10.537851">
        <ele>714.771042</ele>
        <time>2026-03-09T23:02:26.995Z</time>
      </trkpt>
      <trkpt lat="51.812953" lon="10.538125">
        <ele>715.510465</ele>
        <time>2026-03-09T23:02:38.005Z</time>
      </trkpt>
      <trkpt lat="51.812663" lon="10.538487">
        <ele>716.609535</ele>
        <time>2026-03-09T23:02:54.161Z</time>
      </trkpt>
      <trkpt lat="51.812228" lon="10.538948">
        <ele>717.635156</ele>
        <time>2026-03-09T23:03:16.710Z</time>
      </trkpt>
      <trkpt lat="51.811687" lon="10.539634">
        <ele>718.889671</ele>
        <time>2026-03-09T23:03:45.190Z</time>
      </trkpt>
      <trkpt lat="51.811174" lon="10.540136">
        <ele>719.983867</ele>
        <time>2026-03-09T23:04:07.963Z</time>
      </trkpt>
      <trkpt lat="51.810811" lon="10.540438">
        <ele>720.852110</ele>
        <time>2026-03-09T23:04:23.304Z</time>
      </trkpt>
      <trkpt lat="51.810353" lon="10.540658">
        <ele>721.891605</ele>
        <time>2026-03-09T23:04:42.078Z</time>
      </trkpt>
      <trkpt lat="51.810111" lon="10.540706">
        <ele>722.422073</ele>
        <time>2026-03-09T23:04:52.246Z</time>
      </trkpt>
      <trkpt lat="51.809682" lon="10.540521">
        <ele>723.388062</ele>
        <time>2026-03-09T23:05:12.141Z</time>
      </trkpt>
      <trkpt lat="51.809172" lon="10.540375">
        <ele>724.918826</ele>
        <time>2026-03-09T23:05:37.678Z</time>
      </trkpt>
      <trkpt lat="51.808695" lon="10.540344">
        <ele>726.773319</ele>
        <time>2026-03-09T23:06:02.388Z</time>
      </trkpt>
      <trkpt lat="51.808293" lon="10.540268">
        <ele>728.345598</ele>
        <time>2026-03-09T23:06:23.212Z</time>
      </trkpt>
      <trkpt lat="51.808099" lon="10.540298">
        <ele>729.102666</ele>
        <time>2026-03-09T23:06:33.127Z</time>
      </trkpt>
      <trkpt lat="51.807429" lon="10.540528">
        <ele>731.992594</ele>
        <time>2026-03-09T23:07:08.083Z</time>
      </trkpt>
      <trkpt lat="51.806625" lon="10.540667">
        <ele>736.062036</ele>
        <time>2026-03-09T23:07:56.127Z</time>
      </trkpt>
      <trkpt lat="51.806323" lon="10.540636">
        <ele>737.585006</ele>
        <time>2026-03-09T23:08:14.907Z</time>
      </trkpt>
      <trkpt lat="51.806101" lon="10.540546">
        <ele>738.736861</ele>
        <time>2026-03-09T23:08:28.566Z</time>
      </trkpt>
      <trkpt lat="51.805733" lon="10.540203">
        <ele>740.832710</ele>
        <time>2026-03-09T23:08:51.585Z</time>
      </trkpt>
      <trkpt lat="51.805642" lon="10.540204">
        <ele>741.267766</ele>
        <time>2026-03-09T23:08:56.297Z</time>
      </trkpt>
      <trkpt lat="51.805558" lon="10.540311">
        <ele>741.778953</ele>
        <time>2026-03-09T23:09:01.888Z</time>
      </trkpt>
      <trkpt lat="51.805463" lon="10.540725">
        <ele>743.084324</ele>
        <time>2026-03-09T23:09:15.893Z</time>
      </trkpt>
      <trkpt lat="51.805309" lon="10.541130">
        <ele>744.489799</ele>
        <time>2026-03-09T23:09:30.703Z</time>
      </trkpt>
      <trkpt lat="51.805212" lon="10.541279">
        <ele>745.129368</ele>
        <time>2026-03-09T23:09:37.523Z</time>
      </trkpt>
      <trkpt lat="51.805079" lon="10.541395">
        <ele>745.851776</ele>
        <time>2026-03-09T23:09:45.494Z</time>
      </trkpt>
      <trkpt lat="51.804890" lon="10.541527">
        <ele>746.835989</ele>
        <time>2026-03-09T23:09:56.808Z</time>
      </trkpt>
      <trkpt lat="51.804551" lon="10.541681">
        <ele>748.519378</ele>
        <time>2026-03-09T23:10:18.111Z</time>
      </trkpt>
      <trkpt lat="51.804251" lon="10.541728">
        <ele>750.667820</ele>
        <time>2026-03-09T23:10:37.408Z</time>
      </trkpt>
      <trkpt lat="51.803843" lon="10.541629">
        <ele>753.696279</ele>
        <time>2026-03-09T23:11:06.441Z</time>
      </trkpt>
      <trkpt lat="51.803646" lon="10.541680">
        <ele>755.160774</ele>
        <time>2026-03-09T23:11:20.863Z</time>
      </trkpt>
      <trkpt lat="51.803633" lon="10.541559">
        <ele>755.718230</ele>
        <time>2026-03-09T23:11:25.666Z</time>
      </trkpt>
      <trkpt lat="51.803657" lon="10.541480">
        <ele>756.117757</ele>
        <time>2026-03-09T23:11:29.027Z</time>
      </trkpt>
      <trkpt lat="51.803819" lon="10.541212">
        <ele>757.818907</ele>
        <time>2026-03-09T23:11:43.443Z</time>
      </trkpt>
      <trkpt lat="51.804364" lon="10.540305">
        <ele>763.798534</ele>
        <time>2026-03-09T23:12:29.997Z</time>
      </trkpt>
      <trkpt lat="51.804496" lon="10.539986">
        <ele>765.783325</ele>
        <time>2026-03-09T23:12:43.221Z</time>
      </trkpt>
      <trkpt lat="51.804735" lon="10.539218">
        <ele>770.229143</ele>
        <time>2026-03-09T23:13:15.553Z</time>
      </trkpt>
      <trkpt lat="51.805121" lon="10.538117">
        <ele>776.773678</ele>
        <time>2026-03-09T23:14:07.583Z</time>
      </trkpt>
      <trkpt lat="51.805386" lon="10.537605">
        <ele>780.468827</ele>
        <time>2026-03-09T23:14:37.035Z</time>
      </trkpt>
      <trkpt lat="51.805509" lon="10.537166">
        <ele>783.141835</ele>
        <time>2026-03-09T23:14:59.137Z</time>
      </trkpt>
      <trkpt lat="51.805573" lon="10.536830">
        <ele>785.091718</ele>
        <time>2026-03-09T23:15:15.294Z</time>
      </trkpt>
      <trkpt lat="51.805602" lon="10.536449">
        <ele>787.220707</ele>
        <time>2026-03-09T23:15:31.957Z</time>
      </trkpt>
      <trkpt lat="51.805621" lon="10.535709">
        <ele>791.328310</ele>
        <time>2026-03-09T23:16:00.269Z</time>
      </trkpt>
      <trkpt lat="51.805604" lon="10.535631">
        <ele>791.786987</ele>
        <time>2026-03-09T23:16:03.315Z</time>
      </trkpt>
      <trkpt lat="51.805570" lon="10.535597">
        <ele>792.145534</ele>
        <time>2026-03-09T23:16:05.635Z</time>
      </trkpt>
      <trkpt lat="51.805361" lon="10.535588">
        <ele>793.587279</ele>
        <time>2026-03-09T23:16:17.547Z</time>
      </trkpt>
      <trkpt lat="51.805324" lon="10.535481">
        <ele>793.973937</ele>
        <time>2026-03-09T23:16:21.832Z</time>
      </trkpt>
      <trkpt lat="51.805331" lon="10.535393">
        <ele>794.253770</ele>
        <time>2026-03-09T23:16:24.494Z</time>
      </trkpt>
      <trkpt lat="51.805353" lon="10.535185">
        <ele>794.919318</ele>
        <time>2026-03-09T23:16:30.965Z</time>
      </trkpt>
      <trkpt lat="51.805363" lon="10.535091">
        <ele>795.220143</ele>
        <time>2026-03-09T23:16:33.801Z</time>
      </trkpt>
      <trkpt lat="51.805377" lon="10.534950">
        <ele>795.670545</ele>
        <time>2026-03-09T23:16:38.096Z</time>
      </trkpt>
      <trkpt lat="51.805394" lon="10.534781">
        <ele>796.210567</ele>
        <time>2026-03-09T23:16:43.242Z</time>
      </trkpt>
      <trkpt lat="51.805385" lon="10.534574">
        <ele>796.865044</ele>
        <time>2026-03-09T23:16:49.040Z</time>
      </trkpt>
      <trkpt lat="51.805337" lon="10.534425">
        <ele>797.394934</ele>
        <time>2026-03-09T23:16:53.521Z</time>
      </trkpt>
      <trkpt lat="51.805139" lon="10.534666">
        <ele>798.658946</ele>
        <time>2026-03-09T23:17:03.483Z</time>
      </trkpt>
      <trkpt lat="51.804843" lon="10.534948">
        <ele>800.411251</ele>
        <time>2026-03-09T23:17:15.520Z</time>
      </trkpt>
      <trkpt lat="51.804797" lon="10.534843">
        <ele>800.817113</ele>
        <time>2026-03-09T23:17:18.954Z</time>
      </trkpt>
      <trkpt lat="51.804751" lon="10.534847">
        <ele>801.052084</ele>
        <time>2026-03-09T23:17:20.976Z</time>
      </trkpt>
      <trkpt lat="51.804609" lon="10.534944">
        <ele>801.838344</ele>
        <time>2026-03-09T23:17:27.900Z</time>
      </trkpt>
      <trkpt lat="51.804407" lon="10.535076">
        <ele>802.528607</ele>
        <time>2026-03-09T23:17:38.269Z</time>
      </trkpt>
      <trkpt lat="51.804297" lon="10.535159">
        <ele>802.804582</ele>
        <time>2026-03-09T23:17:44.406Z</time>
      </trkpt>
      <trkpt lat="51.804063" lon="10.535321">
        <ele>803.383296</ele>
        <time>2026-03-09T23:17:56.929Z</time>
      </trkpt>
      <trkpt lat="51.803939" lon="10.535403">
        <ele>803.687878</ele>
        <time>2026-03-09T23:18:03.212Z</time>
      </trkpt>
      <trkpt lat="51.803825" lon="10.535476">
        <ele>803.966644</ele>
        <time>2026-03-09T23:18:08.828Z</time>
      </trkpt>
      <trkpt lat="51.803694" lon="10.535558">
        <ele>804.286014</ele>
        <time>2026-03-09T23:18:14.955Z</time>
      </trkpt>
      <trkpt lat="51.803542" lon="10.535645">
        <ele>804.652603</ele>
        <time>2026-03-09T23:18:20.139Z</time>
      </trkpt>
      <trkpt lat="51.803265" lon="10.535805">
        <ele>805.321348</ele>
        <time>2026-03-09T23:18:27.790Z</time>
      </trkpt>
      <trkpt lat="51.803031" lon="10.535946">
        <ele>805.889095</ele>
        <time>2026-03-09T23:18:32.675Z</time>
      </trkpt>
      <trkpt lat="51.802583" lon="10.536277">
        <ele>805.358532</ele>
        <time>2026-03-09T23:18:40.790Z</time>
      </trkpt>
      <trkpt lat="51.802547" lon="10.536302">
        <ele>805.246100</ele>
        <time>2026-03-09T23:18:41.383Z</time>
      </trkpt>
      <trkpt lat="51.802421" lon="10.536395">
        <ele>804.848637</ele>
        <time>2026-03-09T23:18:43.480Z</time>
      </trkpt>
      <trkpt lat="51.802351" lon="10.536453">
        <ele>804.622926</ele>
        <time>2026-03-09T23:18:44.655Z</time>
      </trkpt>
      <trkpt lat="51.802319" lon="10.536546">
        <ele>804.434064</ele>
        <time>2026-03-09T23:18:45.597Z</time>
      </trkpt>
      <trkpt lat="51.802340" lon="10.536630">
        <ele>804.273281</ele>
        <time>2026-03-09T23:18:46.705Z</time>
      </trkpt>
      <trkpt lat="51.802284" lon="10.536618">
        <ele>804.111174</ele>
        <time>2026-03-09T23:18:47.540Z</time>
      </trkpt>
      <trkpt lat="51.802115" lon="10.536725">
        <ele>803.590350</ele>
        <time>2026-03-09T23:18:50.070Z</time>
      </trkpt>
      <trkpt lat="51.802102" lon="10.536788">
        <ele>803.472493</ele>
        <time>2026-03-09T23:18:50.620Z</time>
      </trkpt>
      <trkpt lat="51.801978" lon="10.536862">
        <ele>803.093194</ele>
        <time>2026-03-09T23:18:52.438Z</time>
      </trkpt>
      <trkpt lat="51.801901" lon="10.536907">
        <ele>802.858240</ele>
        <time>2026-03-09T23:18:53.553Z</time>
      </trkpt>
      <trkpt lat="51.801809" lon="10.536955">
        <ele>802.580828</ele>
        <time>2026-03-09T23:18:54.855Z</time>
      </trkpt>
      <trkpt lat="51.801576" lon="10.537043">
        <ele>801.894195</ele>
        <time>2026-03-09T23:18:58.142Z</time>
      </trkpt>
      <trkpt lat="51.801433" lon="10.537082">
        <ele>801.478034</ele>
        <time>2026-03-09T23:19:00.149Z</time>
      </trkpt>
      <trkpt lat="51.801249" lon="10.537119">
        <ele>800.999478</ele>
        <time>2026-03-09T23:19:02.743Z</time>
      </trkpt>
      <trkpt lat="51.800982" lon="10.537167">
        <ele>800.468674</ele>
        <time>2026-03-09T23:19:06.656Z</time>
      </trkpt>
      <trkpt lat="51.800685" lon="10.537222">
        <ele>799.878009</ele>
        <time>2026-03-09T23:19:11.201Z</time>
      </trkpt>
      <trkpt lat="51.800654" lon="10.537176">
        <ele>799.794878</ele>
        <time>2026-03-09T23:19:11.882Z</time>
      </trkpt>
      <trkpt lat="51.800562" lon="10.537192">
        <ele>799.612051</ele>
        <time>2026-03-09T23:19:13.312Z</time>
      </trkpt>
      <trkpt lat="51.800556" lon="10.537107">
        <ele>799.507517</ele>
        <time>2026-03-09T23:19:14.290Z</time>
      </trkpt>
      <trkpt lat="51.800472" lon="10.537127">
        <ele>799.339756</ele>
        <time>2026-03-09T23:19:15.798Z</time>
      </trkpt>
      <trkpt lat="51.800288" lon="10.537096">
        <ele>798.974230</ele>
        <time>2026-03-09T23:19:19.213Z</time>
      </trkpt>
      <trkpt lat="51.800192" lon="10.536999">
        <ele>798.750563</ele>
        <time>2026-03-09T23:19:21.343Z</time>
      </trkpt>
      <trkpt lat="51.800184" lon="10.536968">
        <ele>798.709519</ele>
        <time>2026-03-09T23:19:21.730Z</time>
      </trkpt>
      <trkpt lat="51.800094" lon="10.536621">
        <ele>798.249744</ele>
        <time>2026-03-09T23:19:26.154Z</time>
      </trkpt>
      <trkpt lat="51.799918" lon="10.535939">
        <ele>797.276591</ele>
        <time>2026-03-09T23:19:34.872Z</time>
      </trkpt>
      <trkpt lat="51.799744" lon="10.535509">
        <ele>796.445802</ele>
        <time>2026-03-09T23:19:40.808Z</time>
      </trkpt>
      <trkpt lat="51.799439" lon="10.534865">
        <ele>795.134382</ele>
        <time>2026-03-09T23:19:49.856Z</time>
      </trkpt>
      <trkpt lat="51.799073" lon="10.534093">
        <ele>793.561696</ele>
        <time>2026-03-09T23:19:59.605Z</time>
      </trkpt>
      <trkpt lat="51.798782" lon="10.533528">
        <ele>791.660230</ele>
        <time>2026-03-09T23:20:06.606Z</time>
      </trkpt>
      <trkpt lat="51.798776" lon="10.533517">
        <ele>791.601943</ele>
        <time>2026-03-09T23:20:06.743Z</time>
      </trkpt>
      <trkpt lat="51.798684" lon="10.533386">
        <ele>790.814220</ele>
        <time>2026-03-09T23:20:08.629Z</time>
      </trkpt>
      <trkpt lat="51.798612" lon="10.533181">
        <ele>789.877347</ele>
        <time>2026-03-09T23:20:10.846Z</time>
      </trkpt>
      <trkpt lat="51.798522" lon="10.532969">
        <ele>788.855466</ele>
        <time>2026-03-09T23:20:13.236Z</time>
      </trkpt>
      <trkpt lat="51.798179" lon="10.532160">
        <ele>784.957531</ele>
        <time>2026-03-09T23:20:22.022Z</time>
      </trkpt>
      <trkpt lat="51.798071" lon="10.531879">
        <ele>783.642754</ele>
        <time>2026-03-09T23:20:24.894Z</time>
      </trkpt>
      <trkpt lat="51.797908" lon="10.531631">
        <ele>782.204556</ele>
        <time>2026-03-09T23:20:28.010Z</time>
      </trkpt>
      <trkpt lat="51.797411" lon="10.531035">
        <ele>777.937184</ele>
        <time>2026-03-09T23:20:36.611Z</time>
      </trkpt>
      <trkpt lat="51.797213" lon="10.530716">
        <ele>775.970989</ele>
        <time>2026-03-09T23:20:40.465Z</time>
      </trkpt>
      <trkpt lat="51.796990" lon="10.530460">
        <ele>774.047152</ele>
        <time>2026-03-09T23:20:44.230Z</time>
      </trkpt>
      <trkpt lat="51.796860" lon="10.530383">
        <ele>773.073246</ele>
        <time>2026-03-09T23:20:46.164Z</time>
      </trkpt>
      <trkpt lat="51.796796" lon="10.530446">
        <ele>772.546174</ele>
        <time>2026-03-09T23:20:47.237Z</time>
      </trkpt>
      <trkpt lat="51.796671" lon="10.530173">
        <ele>771.068412</ele>
        <time>2026-03-09T23:20:52.027Z</time>
      </trkpt>
      <trkpt lat="51.796248" lon="10.529475">
        <ele>768.814774</ele>
        <time>2026-03-09T23:21:07.116Z</time>
      </trkpt>
      <trkpt lat="51.796073" lon="10.529239">
        <ele>768.957601</ele>
        <time>2026-03-09T23:21:13.986Z</time>
      </trkpt>
      <trkpt lat="51.796073" lon="10.529239">
        <ele>768.957601</ele>
        <time>2026-03-09T23:21:13.986Z</time>
      </trkpt>
      <trkpt lat="51.795472" lon="10.528568">
        <ele>769.415365</ele>
        <time>2026-03-09T23:21:41.077Z</time>
      </trkpt>
      <trkpt lat="51.795192" lon="10.528189">
        <ele>769.644237</ele>
        <time>2026-03-09T23:21:58.555Z</time>
      </trkpt>
      <trkpt lat="51.795162" lon="10.528229">
        <ele>769.668609</ele>
        <time>2026-03-09T23:22:00.571Z</time>
      </trkpt>
      <trkpt lat="51.795133" lon="10.528187">
        <ele>769.693011</ele>
        <time>2026-03-09T23:22:02.161Z</time>
      </trkpt>
      <trkpt lat="51.794836" lon="10.528555">
        <ele>770.812228</ele>
        <time>2026-03-09T23:22:17.896Z</time>
      </trkpt>
      <trkpt lat="51.794086" lon="10.529273">
        <ele>774.604908</ele>
        <time>2026-03-09T23:22:56.179Z</time>
      </trkpt>
      <trkpt lat="51.793360" lon="10.529390">
        <ele>777.666365</ele>
        <time>2026-03-09T23:23:29.684Z</time>
      </trkpt>
      <trkpt lat="51.792747" lon="10.529728">
        <ele>778.654395</ele>
        <time>2026-03-09T23:23:56.001Z</time>
      </trkpt>
      <trkpt lat="51.792620" lon="10.529772">
        <ele>778.852534</ele>
        <time>2026-03-09T23:24:00.480Z</time>
      </trkpt>
      <trkpt lat="51.792417" lon="10.529750">
        <ele>779.162910</ele>
        <time>2026-03-09T23:24:06.757Z</time>
      </trkpt>
      <trkpt lat="51.791729" lon="10.529490">
        <ele>780.240758</ele>
        <time>2026-03-09T23:24:21.404Z</time>
      </trkpt>
      <trkpt lat="51.791273" lon="10.529421">
        <ele>779.137246</ele>
        <time>2026-03-09T23:24:29.116Z</time>
      </trkpt>
      <trkpt lat="51.790877" lon="10.529445">
        <ele>777.896329</ele>
        <time>2026-03-09T23:24:35.419Z</time>
      </trkpt>
      <trkpt lat="51.789867" lon="10.529707">
        <ele>774.703775</ele>
        <time>2026-03-09T23:24:51.579Z</time>
      </trkpt>
      <trkpt lat="51.789677" lon="10.529685">
        <ele>774.376053</ele>
        <time>2026-03-09T23:24:54.739Z</time>
      </trkpt>
      <trkpt lat="51.789584" lon="10.529570">
        <ele>774.174614</ele>
        <time>2026-03-09T23:24:56.701Z</time>
      </trkpt>
      <trkpt lat="51.789420" lon="10.528978">
        <ele>773.484318</ele>
        <time>2026-03-09T23:25:03.631Z</time>
      </trkpt>
      <trkpt lat="51.789187" lon="10.528353">
        <ele>772.707738</ele>
        <time>2026-03-09T23:25:11.941Z</time>
      </trkpt>
      <trkpt lat="51.788869" lon="10.527698">
        <ele>771.821623</ele>
        <time>2026-03-09T23:25:22.016Z</time>
      </trkpt>
      <trkpt lat="51.788466" lon="10.527033">
        <ele>771.696739</ele>
        <time>2026-03-09T23:25:33.603Z</time>
      </trkpt>
      <trkpt lat="51.788060" lon="10.526452">
        <ele>771.784507</ele>
        <time>2026-03-09T23:25:45.065Z</time>
      </trkpt>
      <trkpt lat="51.787979" lon="10.526361">
        <ele>771.800473</ele>
        <time>2026-03-09T23:25:47.290Z</time>
      </trkpt>
      <trkpt lat="51.787452" lon="10.526033">
        <ele>771.891882</ele>
        <time>2026-03-09T23:26:01.176Z</time>
      </trkpt>
      <trkpt lat="51.786946" lon="10.525609">
        <ele>772.321638</ele>
        <time>2026-03-09T23:26:16.435Z</time>
      </trkpt>
      <trkpt lat="51.786391" lon="10.525334">
        <ele>772.864077</ele>
        <time>2026-03-09T23:26:32.376Z</time>
      </trkpt>
      <trkpt lat="51.785082" lon="10.524009">
        <ele>772.945569</ele>
        <time>2026-03-09T23:27:11.362Z</time>
      </trkpt>
      <trkpt lat="51.784218" lon="10.522984">
        <ele>771.851171</ele>
        <time>2026-03-09T23:27:31.073Z</time>
      </trkpt>
      <trkpt lat="51.784037" lon="10.522966">
        <ele>770.777646</ele>
        <time>2026-03-09T23:27:33.942Z</time>
      </trkpt>
      <trkpt lat="51.783677" lon="10.523036">
        <ele>768.631124</ele>
        <time>2026-03-09T23:27:39.439Z</time>
      </trkpt>
      <trkpt lat="51.783674" lon="10.523237">
        <ele>767.894801</ele>
        <time>2026-03-09T23:27:42.342Z</time>
      </trkpt>
      <trkpt lat="51.783738" lon="10.523520">
        <ele>766.791310</ele>
        <time>2026-03-09T23:27:46.646Z</time>
      </trkpt>
      <trkpt lat="51.783728" lon="10.523671">
        <ele>766.235154</ele>
        <time>2026-03-09T23:27:48.790Z</time>
      </trkpt>
      <trkpt lat="51.783324" lon="10.524135">
        <ele>763.301304</ele>
        <time>2026-03-09T23:27:59.892Z</time>
      </trkpt>
      <trkpt lat="51.783280" lon="10.524209">
        <ele>762.925416</ele>
        <time>2026-03-09T23:28:01.299Z</time>
      </trkpt>
      <trkpt lat="51.783237" lon="10.524385">
        <ele>762.232412</ele>
        <time>2026-03-09T23:28:03.904Z</time>
      </trkpt>
      <trkpt lat="51.783164" lon="10.525046">
        <ele>759.795901</ele>
        <time>2026-03-09T23:28:13.203Z</time>
      </trkpt>
      <trkpt lat="51.783144" lon="10.526168">
        <ele>755.741426</ele>
        <time>2026-03-09T23:28:29.256Z</time>
      </trkpt>
      <trkpt lat="51.783107" lon="10.526449">
        <ele>754.703685</ele>
        <time>2026-03-09T23:28:33.489Z</time>
      </trkpt>
      <trkpt lat="51.782749" lon="10.527257">
        <ele>751.113759</ele>
        <time>2026-03-09T23:28:48.487Z</time>
      </trkpt>
      <trkpt lat="51.782578" lon="10.527787">
        <ele>749.608076</ele>
        <time>2026-03-09T23:28:57.751Z</time>
      </trkpt>
      <trkpt lat="51.782520" lon="10.527867">
        <ele>749.311231</ele>
        <time>2026-03-09T23:28:59.682Z</time>
      </trkpt>
      <trkpt lat="51.782177" lon="10.528029">
        <ele>747.920002</ele>
        <time>2026-03-09T23:29:08.725Z</time>
      </trkpt>
      <trkpt lat="51.781859" lon="10.528116">
        <ele>746.664335</ele>
        <time>2026-03-09T23:29:16.852Z</time>
      </trkpt>
      <trkpt lat="51.781763" lon="10.528200">
        <ele>746.239333</ele>
        <time>2026-03-09T23:29:19.588Z</time>
      </trkpt>
      <trkpt lat="51.781559" lon="10.529136">
        <ele>743.848201</ele>
        <time>2026-03-09T23:29:34.970Z</time>
      </trkpt>
      <trkpt lat="51.781457" lon="10.529457">
        <ele>742.967287</ele>
        <time>2026-03-09T23:29:40.617Z</time>
      </trkpt>
      <trkpt lat="51.781350" lon="10.529599">
        <ele>742.421015</ele>
        <time>2026-03-09T23:29:44.122Z</time>
      </trkpt>
      <trkpt lat="51.781111" lon="10.529815">
        <ele>741.340568</ele>
        <time>2026-03-09T23:29:50.995Z</time>
      </trkpt>
      <trkpt lat="51.781000" lon="10.530196">
        <ele>740.312527</ele>
        <time>2026-03-09T23:29:57.515Z</time>
      </trkpt>
      <trkpt lat="51.780977" lon="10.530271">
        <ele>740.108182</ele>
        <time>2026-03-09T23:29:58.799Z</time>
      </trkpt>
      <trkpt lat="51.780871" lon="10.530653">
        <ele>739.086161</ele>
        <time>2026-03-09T23:30:05.228Z</time>
      </trkpt>
      <trkpt lat="51.780747" lon="10.530903">
        <ele>738.303954</ele>
        <time>2026-03-09T23:30:10.140Z</time>
      </trkpt>
      <trkpt lat="51.780566" lon="10.531125">
        <ele>737.407425</ele>
        <time>2026-03-09T23:30:15.752Z</time>
      </trkpt>
      <trkpt lat="51.779986" lon="10.531641">
        <ele>735.350959</ele>
        <time>2026-03-09T23:30:32.294Z</time>
      </trkpt>
      <trkpt lat="51.779832" lon="10.531928">
        <ele>734.678617</ele>
        <time>2026-03-09T23:30:38.370Z</time>
      </trkpt>
      <trkpt lat="51.779639" lon="10.532514">
        <ele>733.503738</ele>
        <time>2026-03-09T23:30:49.105Z</time>
      </trkpt>
      <trkpt lat="51.779478" lon="10.532889">
        <ele>732.695930</ele>
        <time>2026-03-09T23:30:53.893Z</time>
      </trkpt>
      <trkpt lat="51.779454" lon="10.532913">
        <ele>732.615200</ele>
        <time>2026-03-09T23:30:54.376Z</time>
      </trkpt>
      <trkpt lat="51.779329" lon="10.532856">
        <ele>732.243676</ele>
        <time>2026-03-09T23:30:56.613Z</time>
      </trkpt>
      <trkpt lat="51.779251" lon="10.532554">
        <ele>731.669445</ele>
        <time>2026-03-09T23:31:00.183Z</time>
      </trkpt>
      <trkpt lat="51.779141" lon="10.532318">
        <ele>731.543973</ele>
        <time>2026-03-09T23:31:03.558Z</time>
      </trkpt>
      <trkpt lat="51.779033" lon="10.532284">
        <ele>731.468454</ele>
        <time>2026-03-09T23:31:05.663Z</time>
      </trkpt>
      <trkpt lat="51.778812" lon="10.532357">
        <ele>731.313636</ele>
        <time>2026-03-09T23:31:10.255Z</time>
      </trkpt>
      <trkpt lat="51.778762" lon="10.532358">
        <ele>731.279316</ele>
        <time>2026-03-09T23:31:11.933Z</time>
      </trkpt>
      <trkpt lat="51.778701" lon="10.532340">
        <ele>731.236756</ele>
        <time>2026-03-09T23:31:13.894Z</time>
      </trkpt>
      <trkpt lat="51.778571" lon="10.532198">
        <ele>731.129066</ele>
        <time>2026-03-09T23:31:18.969Z</time>
      </trkpt>
      <trkpt lat="51.778365" lon="10.532099">
        <ele>730.981560</ele>
        <time>2026-03-09T23:31:25.859Z</time>
      </trkpt>
      <trkpt lat="51.778147" lon="10.532036">
        <ele>730.829562</ele>
        <time>2026-03-09T23:31:32.705Z</time>
      </trkpt>
      <trkpt lat="51.777967" lon="10.532060">
        <ele>730.705600</ele>
        <time>2026-03-09T23:31:38.013Z</time>
      </trkpt>
      <trkpt lat="51.777926" lon="10.532062">
        <ele>730.677447</ele>
        <time>2026-03-09T23:31:39.217Z</time>
      </trkpt>
      <trkpt lat="51.777712" lon="10.532055">
        <ele>730.530538</ele>
        <time>2026-03-09T23:31:45.582Z</time>
      </trkpt>
      <trkpt lat="51.777574" lon="10.532108">
        <ele>730.433426</ele>
        <time>2026-03-09T23:31:49.808Z</time>
      </trkpt>
      <trkpt lat="51.777427" lon="10.532101">
        <ele>730.339831</ele>
        <time>2026-03-09T23:31:54.283Z</time>
      </trkpt>
      <trkpt lat="51.777290" lon="10.532172">
        <ele>730.248269</ele>
        <time>2026-03-09T23:31:58.666Z</time>
      </trkpt>
      <trkpt lat="51.777254" lon="10.532191">
        <ele>730.224167</ele>
        <time>2026-03-09T23:31:59.870Z</time>
      </trkpt>
      <trkpt lat="51.776937" lon="10.532519">
        <ele>729.984621</ele>
        <time>2026-03-09T23:32:11.207Z</time>
      </trkpt>
      <trkpt lat="51.776515" lon="10.532753">
        <ele>729.700685</ele>
        <time>2026-03-09T23:32:24.270Z</time>
      </trkpt>
      <trkpt lat="51.776280" lon="10.532834">
        <ele>729.547763</ele>
        <time>2026-03-09T23:32:31.100Z</time>
      </trkpt>
      <trkpt lat="51.776059" lon="10.532805">
        <ele>729.406651</ele>
        <time>2026-03-09T23:32:37.410Z</time>
      </trkpt>
      <trkpt lat="51.775911" lon="10.532851">
        <ele>729.310735</ele>
        <time>2026-03-09T23:32:41.959Z</time>
      </trkpt>
      <trkpt lat="51.775455" lon="10.532894">
        <ele>730.145754</ele>
        <time>2026-03-09T23:32:57.709Z</time>
      </trkpt>
      <trkpt lat="51.775214" lon="10.532840">
        <ele>730.632279</ele>
        <time>2026-03-09T23:33:07.723Z</time>
      </trkpt>
      <trkpt lat="51.775062" lon="10.532716">
        <ele>730.972753</ele>
        <time>2026-03-09T23:33:15.747Z</time>
      </trkpt>
      <trkpt lat="51.774850" lon="10.532668">
        <ele>731.400820</ele>
        <time>2026-03-09T23:33:26.292Z</time>
      </trkpt>
      <trkpt lat="51.774702" lon="10.532596">
        <ele>731.709885</ele>
        <time>2026-03-09T23:33:33.901Z</time>
      </trkpt>
      <trkpt lat="51.774464" lon="10.532239">
        <ele>732.359200</ele>
        <time>2026-03-09T23:33:49.879Z</time>
      </trkpt>
      <trkpt lat="51.774352" lon="10.532169">
        <ele>732.599325</ele>
        <time>2026-03-09T23:33:55.441Z</time>
      </trkpt>
      <trkpt lat="51.774278" lon="10.531859">
        <ele>732.841012</ele>
        <time>2026-03-09T23:34:04.877Z</time>
      </trkpt>
      <trkpt lat="51.774245" lon="10.531826">
        <ele>732.810815</ele>
        <time>2026-03-09T23:34:06.557Z</time>
      </trkpt>
      <trkpt lat="51.774093" lon="10.531790">
        <ele>732.691276</ele>
        <time>2026-03-09T23:34:13.046Z</time>
      </trkpt>
      <trkpt lat="51.773961" lon="10.531826">
        <ele>732.587111</ele>
        <time>2026-03-09T23:34:18.360Z</time>
      </trkpt>
      <trkpt lat="51.773646" lon="10.531821">
        <ele>732.341988</ele>
        <time>2026-03-09T23:34:29.434Z</time>
      </trkpt>
      <trkpt lat="51.773523" lon="10.531892">
        <ele>732.240356</ele>
        <time>2026-03-09T23:34:33.416Z</time>
      </trkpt>
      <trkpt lat="51.773140" lon="10.532709">
        <ele>731.746836</ele>
        <time>2026-03-09T23:34:50.104Z</time>
      </trkpt>
      <trkpt lat="51.772649" lon="10.533447">
        <ele>731.283548</ele>
        <time>2026-03-09T23:35:07.464Z</time>
      </trkpt>
      <trkpt lat="51.772546" lon="10.533522">
        <ele>731.215125</ele>
        <time>2026-03-09T23:35:10.570Z</time>
      </trkpt>
      <trkpt lat="51.772209" lon="10.533518">
        <ele>731.011013</ele>
        <time>2026-03-09T23:35:20.252Z</time>
      </trkpt>
      <trkpt lat="51.772031" lon="10.533558">
        <ele>730.902169</ele>
        <time>2026-03-09T23:35:23.903Z</time>
      </trkpt>
      <trkpt lat="51.771916" lon="10.533654">
        <ele>730.823775</ele>
        <time>2026-03-09T23:35:26.706Z</time>
      </trkpt>
      <trkpt lat="51.771755" lon="10.534118">
        <ele>730.624404</ele>
        <time>2026-03-09T23:35:35.121Z</time>
      </trkpt>
      <trkpt lat="51.771675" lon="10.534278">
        <ele>730.547311</ele>
        <time>2026-03-09T23:35:38.685Z</time>
      </trkpt>
      <trkpt lat="51.771538" lon="10.534458">
        <ele>730.440373</ele>
        <time>2026-03-09T23:35:43.964Z</time>
      </trkpt>
      <trkpt lat="51.771218" lon="10.534785">
        <ele>730.346740</ele>
        <time>2026-03-09T23:35:54.680Z</time>
      </trkpt>
      <trkpt lat="51.770944" lon="10.534853">
        <ele>730.299708</ele>
        <time>2026-03-09T23:36:01.416Z</time>
      </trkpt>
      <trkpt lat="51.770776" lon="10.534851">
        <ele>730.271205</ele>
        <time>2026-03-09T23:36:04.989Z</time>
      </trkpt>
      <trkpt lat="51.770249" lon="10.534721">
        <ele>730.180759</ele>
        <time>2026-03-09T23:36:15.306Z</time>
      </trkpt>
      <trkpt lat="51.770124" lon="10.534711">
        <ele>730.159526</ele>
        <time>2026-03-09T23:36:17.663Z</time>
      </trkpt>
      <trkpt lat="51.769925" lon="10.534753">
        <ele>730.125477</ele>
        <time>2026-03-09T23:36:21.371Z</time>
      </trkpt>
      <trkpt lat="51.769686" lon="10.535046">
        <ele>730.123088</ele>
        <time>2026-03-09T23:36:27.024Z</time>
      </trkpt>
      <trkpt lat="51.769482" lon="10.535116">
        <ele>730.174396</ele>
        <time>2026-03-09T23:36:31.050Z</time>
      </trkpt>
      <trkpt lat="51.768959" lon="10.535120">
        <ele>730.303067</ele>
        <time>2026-03-09T23:36:41.767Z</time>
      </trkpt>
      <trkpt lat="51.768535" lon="10.534987">
        <ele>730.409327</ele>
        <time>2026-03-09T23:36:52.234Z</time>
      </trkpt>
      <trkpt lat="51.768400" lon="10.535020">
        <ele>730.442918</ele>
        <time>2026-03-09T23:36:56.063Z</time>
      </trkpt>
      <trkpt lat="51.768307" lon="10.535088">
        <ele>730.468031</ele>
        <time>2026-03-09T23:36:59.104Z</time>
      </trkpt>
      <trkpt lat="51.767632" lon="10.535940">
        <ele>730.646705</ele>
        <time>2026-03-09T23:37:23.756Z</time>
      </trkpt>
      <trkpt lat="51.767382" lon="10.536156">
        <ele>730.700696</ele>
        <time>2026-03-09T23:37:30.586Z</time>
      </trkpt>
      <trkpt lat="51.767217" lon="10.536166">
        <ele>730.732141</ele>
        <time>2026-03-09T23:37:34.214Z</time>
      </trkpt>
      <trkpt lat="51.767108" lon="10.536134">
        <ele>730.753240</ele>
        <time>2026-03-09T23:37:36.570Z</time>
      </trkpt>
      <trkpt lat="51.765778" lon="10.535348">
        <ele>729.393384</ele>
        <time>2026-03-09T23:38:03.658Z</time>
      </trkpt>
      <trkpt lat="51.765515" lon="10.535236">
        <ele>728.857033</ele>
        <time>2026-03-09T23:38:08.439Z</time>
      </trkpt>
      <trkpt lat="51.765313" lon="10.535198">
        <ele>728.455994</ele>
        <time>2026-03-09T23:38:11.902Z</time>
      </trkpt>
      <trkpt lat="51.765436" lon="10.535512">
        <ele>728.002460</ele>
        <time>2026-03-09T23:38:27.909Z</time>
      </trkpt>
      <trkpt lat="51.765420" lon="10.535669">
        <ele>727.808270</ele>
        <time>2026-03-09T23:38:34.751Z</time>
      </trkpt>
      <trkpt lat="51.765383" lon="10.535741">
        <ele>727.694053</ele>
        <time>2026-03-09T23:38:38.785Z</time>
      </trkpt>
      <trkpt lat="51.765328" lon="10.535761">
        <ele>727.582879</ele>
        <time>2026-03-09T23:38:42.761Z</time>
      </trkpt>
      <trkpt lat="51.765267" lon="10.535804">
        <ele>727.451637</ele>
        <time>2026-03-09T23:38:47.390Z</time>
      </trkpt>
      <trkpt lat="51.765254" lon="10.535838">
        <ele>727.402861</ele>
        <time>2026-03-09T23:38:48.039Z</time>
      </trkpt>
      <trkpt lat="51.765189" lon="10.536166">
        <ele>726.254921</ele>
        <time>2026-03-09T23:39:02.854Z</time>
      </trkpt>
      <trkpt lat="51.765114" lon="10.536222">
        <ele>725.753221</ele>
        <time>2026-03-09T23:39:08.578Z</time>
      </trkpt>
      <trkpt lat="51.764828" lon="10.536435">
        <ele>723.840933</ele>
        <time>2026-03-09T23:39:30.522Z</time>
      </trkpt>
      <trkpt lat="51.764710" lon="10.536559">
        <ele>722.986190</ele>
        <time>2026-03-09T23:39:40.291Z</time>
      </trkpt>
      <trkpt lat="51.764593" lon="10.536519">
        <ele>722.259997</ele>
        <time>2026-03-09T23:39:48.608Z</time>
      </trkpt>
      <trkpt lat="51.764500" lon="10.536547">
        <ele>721.685550</ele>
        <time>2026-03-09T23:39:55.178Z</time>
      </trkpt>
      <trkpt lat="51.764451" lon="10.536601">
        <ele>721.325387</ele>
        <time>2026-03-09T23:39:56.524Z</time>
      </trkpt>
      <trkpt lat="51.764392" lon="10.536629">
        <ele>720.951986</ele>
        <time>2026-03-09T23:39:57.296Z</time>
      </trkpt>
      <trkpt lat="51.764404" lon="10.536690">
        <ele>720.711436</ele>
        <time>2026-03-09T23:39:57.783Z</time>
      </trkpt>
      <trkpt lat="51.764359" lon="10.536710">
        <ele>720.428032</ele>
        <time>2026-03-09T23:39:58.360Z</time>
      </trkpt>
      <trkpt lat="51.764320" lon="10.536730">
        <ele>720.179570</ele>
        <time>2026-03-09T23:39:58.864Z</time>
      </trkpt>
      <trkpt lat="51.763927" lon="10.536741">
        <ele>717.792784</ele>
        <time>2026-03-09T23:40:03.706Z</time>
      </trkpt>
      <trkpt lat="51.763490" lon="10.536696">
        <ele>715.250116</ele>
        <time>2026-03-09T23:40:09.132Z</time>
      </trkpt>
      <trkpt lat="51.763167" lon="10.536581">
        <ele>713.424693</ele>
        <time>2026-03-09T23:40:13.264Z</time>
      </trkpt>
      <trkpt lat="51.762938" lon="10.536385">
        <ele>711.994453</ele>
        <time>2026-03-09T23:40:16.510Z</time>
      </trkpt>
      <trkpt lat="51.762763" lon="10.536158">
        <ele>710.755874</ele>
        <time>2026-03-09T23:40:19.384Z</time>
      </trkpt>
      <trkpt lat="51.762675" lon="10.535764">
        <ele>709.325075</ele>
        <time>2026-03-09T23:40:22.850Z</time>
      </trkpt>
      <trkpt lat="51.762624" lon="10.535659">
        <ele>708.869151</ele>
        <time>2026-03-09T23:40:24.166Z</time>
      </trkpt>
      <trkpt lat="51.762575" lon="10.535659">
        <ele>708.598717</ele>
        <time>2026-03-09T23:40:24.936Z</time>
      </trkpt>
      <trkpt lat="51.762260" lon="10.535959">
        <ele>706.580665</ele>
        <time>2026-03-09T23:40:31.073Z</time>
      </trkpt>
      <trkpt lat="51.762194" lon="10.536004">
        <ele>706.345850</ele>
        <time>2026-03-09T23:40:32.366Z</time>
      </trkpt>
      <trkpt lat="51.762109" lon="10.536006">
        <ele>706.129121</ele>
        <time>2026-03-09T23:40:33.883Z</time>
      </trkpt>
      <trkpt lat="51.761926" lon="10.535939">
        <ele>705.650737</ele>
        <time>2026-03-09T23:40:37.455Z</time>
      </trkpt>
      <trkpt lat="51.761573" lon="10.535670">
        <ele>704.655692</ele>
        <time>2026-03-09T23:40:44.393Z</time>
      </trkpt>
      <trkpt lat="51.761440" lon="10.535643">
        <ele>704.313945</ele>
        <time>2026-03-09T23:40:46.658Z</time>
      </trkpt>
      <trkpt lat="51.760927" lon="10.535817">
        <ele>702.977551</ele>
        <time>2026-03-09T23:40:55.475Z</time>
      </trkpt>
      <trkpt lat="51.759802" lon="10.536100">
        <ele>701.925531</ele>
        <time>2026-03-09T23:41:14.157Z</time>
      </trkpt>
      <trkpt lat="51.759323" lon="10.536147">
        <ele>701.943952</ele>
        <time>2026-03-09T23:41:24.011Z</time>
      </trkpt>
      <trkpt lat="51.759211" lon="10.536099">
        <ele>701.948399</ele>
        <time>2026-03-09T23:41:27.443Z</time>
      </trkpt>
      <trkpt lat="51.759118" lon="10.536011">
        <ele>701.952537</ele>
        <time>2026-03-09T23:41:30.991Z</time>
      </trkpt>
      <trkpt lat="51.758813" lon="10.535551">
        <ele>702.101009</ele>
        <time>2026-03-09T23:41:47.800Z</time>
      </trkpt>
      <trkpt lat="51.758332" lon="10.534999">
        <ele>704.219794</ele>
        <time>2026-03-09T23:42:17.039Z</time>
      </trkpt>
      <trkpt lat="51.758053" lon="10.534926">
        <ele>705.234779</ele>
        <time>2026-03-09T23:42:30.900Z</time>
      </trkpt>
      <trkpt lat="51.757791" lon="10.534949">
        <ele>706.177048</ele>
        <time>2026-03-09T23:42:42.075Z</time>
      </trkpt>
      <trkpt lat="51.757525" lon="10.535169">
        <ele>707.250196</ele>
        <time>2026-03-09T23:42:52.890Z</time>
      </trkpt>
      <trkpt lat="51.757328" lon="10.535398">
        <ele>708.121756</ele>
        <time>2026-03-09T23:43:00.231Z</time>
      </trkpt>
      <trkpt lat="51.757242" lon="10.535558">
        <ele>708.421340</ele>
        <time>2026-03-09T23:43:03.705Z</time>
      </trkpt>
      <trkpt lat="51.757151" lon="10.535817">
        <ele>708.401563</ele>
        <time>2026-03-09T23:43:08.060Z</time>
      </trkpt>
      <trkpt lat="51.757032" lon="10.536243">
        <ele>708.370525</ele>
        <time>2026-03-09T23:43:13.988Z</time>
      </trkpt>
      <trkpt lat="51.756462" lon="10.537953">
        <ele>708.241548</ele>
        <time>2026-03-09T23:43:37.179Z</time>
      </trkpt>
      <trkpt lat="51.756414" lon="10.538268">
        <ele>708.244453</ele>
        <time>2026-03-09T23:43:41.818Z</time>
      </trkpt>
      <trkpt lat="51.756419" lon="10.538981">
        <ele>708.283856</ele>
        <time>2026-03-09T23:43:52.733Z</time>
      </trkpt>
      <trkpt lat="51.756400" lon="10.539257">
        <ele>708.299202</ele>
        <time>2026-03-09T23:43:57.150Z</time>
      </trkpt>
      <trkpt lat="51.756270" lon="10.540367">
        <ele>708.361631</ele>
        <time>2026-03-09T23:44:14.752Z</time>
      </trkpt>
      <trkpt lat="51.756195" lon="10.541537">
        <ele>707.473357</ele>
        <time>2026-03-09T23:44:28.850Z</time>
      </trkpt>
      <trkpt lat="51.755972" lon="10.542772">
        <ele>705.472676</ele>
        <time>2026-03-09T23:44:42.024Z</time>
      </trkpt>
      <trkpt lat="51.755800" lon="10.543294">
        <ele>704.553027</ele>
        <time>2026-03-09T23:44:47.864Z</time>
      </trkpt>
      <trkpt lat="51.755310" lon="10.544188">
        <ele>702.807750</ele>
        <time>2026-03-09T23:44:59.946Z</time>
      </trkpt>
      <trkpt lat="51.755025" lon="10.544449">
        <ele>702.062683</ele>
        <time>2026-03-09T23:45:05.461Z</time>
      </trkpt>
      <trkpt lat="51.754428" lon="10.544736">
        <ele>700.646111</ele>
        <time>2026-03-09T23:45:16.458Z</time>
      </trkpt>
      <trkpt lat="51.753983" lon="10.545127">
        <ele>699.588240</ele>
        <time>2026-03-09T23:45:25.853Z</time>
      </trkpt>
      <trkpt lat="51.753802" lon="10.545213">
        <ele>699.298290</ele>
        <time>2026-03-09T23:45:29.342Z</time>
      </trkpt>
      <trkpt lat="51.753461" lon="10.545300">
        <ele>698.767734</ele>
        <time>2026-03-09T23:45:35.790Z</time>
      </trkpt>
      <trkpt lat="51.753135" lon="10.545309">
        <ele>698.266653</ele>
        <time>2026-03-09T23:45:41.958Z</time>
      </trkpt>
      <trkpt lat="51.752150" lon="10.545720">
        <ele>696.413958</ele>
        <time>2026-03-09T23:46:00.480Z</time>
      </trkpt>
      <trkpt lat="51.751148" lon="10.546427">
        <ele>693.201023</ele>
        <time>2026-03-09T23:46:17.757Z</time>
      </trkpt>
      <trkpt lat="51.750430" lon="10.546825">
        <ele>692.771531</ele>
        <time>2026-03-09T23:46:30.055Z</time>
      </trkpt>
      <trkpt lat="51.750340" lon="10.546853">
        <ele>693.136541</ele>
        <time>2026-03-09T23:46:32.249Z</time>
      </trkpt>
      <trkpt lat="51.750093" lon="10.546790">
        <ele>694.132401</ele>
        <time>2026-03-09T23:46:40.085Z</time>
      </trkpt>
      <trkpt lat="51.749990" lon="10.546724">
        <ele>694.573694</ele>
        <time>2026-03-09T23:46:44.407Z</time>
      </trkpt>
      <trkpt lat="51.749849" lon="10.546570">
        <ele>695.251544</ele>
        <time>2026-03-09T23:46:52.014Z</time>
      </trkpt>
      <trkpt lat="51.749798" lon="10.546480">
        <ele>695.552361</ele>
        <time>2026-03-09T23:46:55.880Z</time>
      </trkpt>
      <trkpt lat="51.749676" lon="10.546093">
        <ele>696.623105</ele>
        <time>2026-03-09T23:47:10.703Z</time>
      </trkpt>
      <trkpt lat="51.749613" lon="10.545622">
        <ele>697.811171</ele>
        <time>2026-03-09T23:47:29.272Z</time>
      </trkpt>
      <trkpt lat="51.749607" lon="10.545241">
        <ele>698.750849</ele>
        <time>2026-03-09T23:47:44.921Z</time>
      </trkpt>
      <trkpt lat="51.749569" lon="10.545085">
        <ele>699.036207</ele>
        <time>2026-03-09T23:47:51.944Z</time>
      </trkpt>
      <trkpt lat="51.749425" lon="10.544809">
        <ele>699.497956</ele>
        <time>2026-03-09T23:48:06.666Z</time>
      </trkpt>
      <trkpt lat="51.749323" lon="10.544778">
        <ele>699.712425</ele>
        <time>2026-03-09T23:48:12.985Z</time>
      </trkpt>
      <trkpt lat="51.749083" lon="10.545105">
        <ele>700.361234</ele>
        <time>2026-03-09T23:48:28.963Z</time>
      </trkpt>
      <trkpt lat="51.748567" lon="10.545679">
        <ele>701.655891</ele>
        <time>2026-03-09T23:48:46.546Z</time>
      </trkpt>
      <trkpt lat="51.747885" lon="10.546654">
        <ele>701.347950</ele>
        <time>2026-03-09T23:49:00.497Z</time>
      </trkpt>
      <trkpt lat="51.747665" lon="10.546927">
        <ele>700.561054</ele>
        <time>2026-03-09T23:49:04.572Z</time>
      </trkpt>
      <trkpt lat="51.747271" lon="10.547335">
        <ele>699.233573</ele>
        <time>2026-03-09T23:49:11.690Z</time>
      </trkpt>
      <trkpt lat="51.747100" lon="10.547438">
        <ele>698.715926</ele>
        <time>2026-03-09T23:49:14.741Z</time>
      </trkpt>
      <trkpt lat="51.746462" lon="10.547443">
        <ele>698.044419</ele>
        <time>2026-03-09T23:49:30.138Z</time>
      </trkpt>
      <trkpt lat="51.745726" lon="10.547109">
        <ele>699.941862</ele>
        <time>2026-03-09T23:50:06.160Z</time>
      </trkpt>
      <trkpt lat="51.745282" lon="10.547021">
        <ele>701.052109</ele>
        <time>2026-03-09T23:50:25.594Z</time>
      </trkpt>
      <trkpt lat="51.744673" lon="10.547180">
        <ele>701.608552</ele>
        <time>2026-03-09T23:50:38.745Z</time>
      </trkpt>
      <trkpt lat="51.744394" lon="10.547290">
        <ele>701.174566</ele>
        <time>2026-03-09T23:50:43.481Z</time>
      </trkpt>
      <trkpt lat="51.743924" lon="10.547683">
        <ele>700.374789</ele>
        <time>2026-03-09T23:50:52.110Z</time>
      </trkpt>
      <trkpt lat="51.743771" lon="10.547766">
        <ele>700.130891</ele>
        <time>2026-03-09T23:50:54.924Z</time>
      </trkpt>
      <trkpt lat="51.743603" lon="10.547806">
        <ele>699.874277</ele>
        <time>2026-03-09T23:50:57.957Z</time>
      </trkpt>
      <trkpt lat="51.743344" lon="10.547721">
        <ele>699.474894</ele>
        <time>2026-03-09T23:51:02.807Z</time>
      </trkpt>
      <trkpt lat="51.743218" lon="10.547619">
        <ele>699.261911</ele>
        <time>2026-03-09T23:51:05.522Z</time>
      </trkpt>
      <trkpt lat="51.742877" lon="10.547594">
        <ele>698.987507</ele>
        <time>2026-03-09T23:51:12.563Z</time>
      </trkpt>
      <trkpt lat="51.742517" lon="10.547520">
        <ele>698.697023</ele>
        <time>2026-03-09T23:51:20.928Z</time>
      </trkpt>
      <trkpt lat="51.741544" lon="10.547886">
        <ele>697.897344</ele>
        <time>2026-03-09T23:51:39.194Z</time>
      </trkpt>
      <trkpt lat="51.741025" lon="10.548194">
        <ele>699.034177</ele>
        <time>2026-03-09T23:51:50.307Z</time>
      </trkpt>
      <trkpt lat="51.740855" lon="10.548252">
        <ele>699.496995</ele>
        <time>2026-03-09T23:51:55.652Z</time>
      </trkpt>
      <trkpt lat="51.740367" lon="10.548024">
        <ele>700.850170</ele>
        <time>2026-03-09T23:52:15.610Z</time>
      </trkpt>
      <trkpt lat="51.740096" lon="10.547941">
        <ele>701.584890</ele>
        <time>2026-03-09T23:52:28.517Z</time>
      </trkpt>
      <trkpt lat="51.739900" lon="10.547945">
        <ele>702.107010</ele>
        <time>2026-03-09T23:52:38.517Z</time>
      </trkpt>
      <trkpt lat="51.739382" lon="10.548117">
        <ele>702.514952</ele>
        <time>2026-03-09T23:53:03.777Z</time>
      </trkpt>
      <trkpt lat="51.738857" lon="10.548195">
        <ele>702.366388</ele>
        <time>2026-03-09T23:53:18.940Z</time>
      </trkpt>
      <trkpt lat="51.738504" lon="10.548363">
        <ele>702.262686</ele>
        <time>2026-03-09T23:53:25.404Z</time>
      </trkpt>
      <trkpt lat="51.737129" lon="10.549289">
        <ele>700.295933</ele>
        <time>2026-03-09T23:53:48.272Z</time>
      </trkpt>
      <trkpt lat="51.736700" lon="10.549407">
        <ele>699.446395</ele>
        <time>2026-03-09T23:53:56.076Z</time>
      </trkpt>
      <trkpt lat="51.736011" lon="10.549500">
        <ele>699.476321</ele>
        <time>2026-03-09T23:54:17.979Z</time>
      </trkpt>
      <trkpt lat="51.735598" lon="10.549623">
        <ele>700.937158</ele>
        <time>2026-03-09T23:54:36.929Z</time>
      </trkpt>
      <trkpt lat="51.735355" lon="10.549736">
        <ele>701.816778</ele>
        <time>2026-03-09T23:54:48.895Z</time>
      </trkpt>
      <trkpt lat="51.734802" lon="10.550193">
        <ele>703.977655</ele>
        <time>2026-03-09T23:55:15.724Z</time>
      </trkpt>
      <trkpt lat="51.734362" lon="10.550510">
        <ele>704.407599</ele>
        <time>2026-03-09T23:55:33.856Z</time>
      </trkpt>
      <trkpt lat="51.733815" lon="10.551087">
        <ele>703.160219</ele>
        <time>2026-03-09T23:55:47.763Z</time>
      </trkpt>
      <trkpt lat="51.733514" lon="10.551322">
        <ele>702.521923</ele>
        <time>2026-03-09T23:55:53.360Z</time>
      </trkpt>
      <trkpt lat="51.733262" lon="10.551606">
        <ele>701.935227</ele>
        <time>2026-03-09T23:55:58.086Z</time>
      </trkpt>
      <trkpt lat="51.732585" lon="10.552086">
        <ele>697.781771</ele>
        <time>2026-03-09T23:56:08.631Z</time>
      </trkpt>
      <trkpt lat="51.731622" lon="10.552534">
        <ele>689.985191</ele>
        <time>2026-03-09T23:56:22.457Z</time>
      </trkpt>
      <trkpt lat="51.731061" lon="10.552592">
        <ele>686.390884</ele>
        <time>2026-03-09T23:56:30.409Z</time>
      </trkpt>
      <trkpt lat="51.730572" lon="10.552296">
        <ele>684.076108</ele>
        <time>2026-03-09T23:56:38.191Z</time>
      </trkpt>
      <trkpt lat="51.730416" lon="10.552240">
        <ele>683.367765</ele>
        <time>2026-03-09T23:56:40.751Z</time>
      </trkpt>
      <trkpt lat="51.730050" lon="10.552227">
        <ele>681.745104</ele>
        <time>2026-03-09T23:56:46.693Z</time>
      </trkpt>
      <trkpt lat="51.729934" lon="10.552165">
        <ele>681.203501</ele>
        <time>2026-03-09T23:56:48.681Z</time>
      </trkpt>
      <trkpt lat="51.729725" lon="10.551889">
        <ele>680.006715</ele>
        <time>2026-03-09T23:56:53.215Z</time>
      </trkpt>
      <trkpt lat="51.729529" lon="10.551490">
        <ele>679.109455</ele>
        <time>2026-03-09T23:56:58.770Z</time>
      </trkpt>
      <trkpt lat="51.729380" lon="10.551101">
        <ele>678.601124</ele>
        <time>2026-03-09T23:57:03.928Z</time>
      </trkpt>
      <trkpt lat="51.729284" lon="10.550834">
        <ele>678.258002</ele>
        <time>2026-03-09T23:57:07.410Z</time>
      </trkpt>
      <trkpt lat="51.728958" lon="10.549679">
        <ele>676.847313</ele>
        <time>2026-03-09T23:57:21.407Z</time>
      </trkpt>
      <trkpt lat="51.728779" lon="10.549266">
        <ele>676.287077</ele>
        <time>2026-03-09T23:57:27.013Z</time>
      </trkpt>
      <trkpt lat="51.728716" lon="10.549023">
        <ele>676.010150</ele>
        <time>2026-03-09T23:57:30.096Z</time>
      </trkpt>
      <trkpt lat="51.728622" lon="10.548085">
        <ele>675.027408</ele>
        <time>2026-03-09T23:57:40.967Z</time>
      </trkpt>
      <trkpt lat="51.728668" lon="10.546928">
        <ele>673.828316</ele>
        <time>2026-03-09T23:57:53.655Z</time>
      </trkpt>
      <trkpt lat="51.728573" lon="10.546226">
        <ele>673.050283</ele>
        <time>2026-03-09T23:58:01.577Z</time>
      </trkpt>
      <trkpt lat="51.728587" lon="10.545302">
        <ele>671.845849</ele>
        <time>2026-03-09T23:58:11.768Z</time>
      </trkpt>
      <trkpt lat="51.728699" lon="10.544319">
        <ele>670.543403</ele>
        <time>2026-03-09T23:58:22.539Z</time>
      </trkpt>
      <trkpt lat="51.728705" lon="10.544095">
        <ele>670.251234</ele>
        <time>2026-03-09T23:58:24.931Z</time>
      </trkpt>
      <trkpt lat="51.728640" lon="10.543472">
        <ele>669.428909</ele>
        <time>2026-03-09T23:58:31.665Z</time>
      </trkpt>
      <trkpt lat="51.728518" lon="10.542802">
        <ele>668.638899</ele>
        <time>2026-03-09T23:58:39.017Z</time>
      </trkpt>
      <trkpt lat="51.728469" lon="10.542530">
        <ele>668.318449</ele>
        <time>2026-03-09T23:58:41.959Z</time>
      </trkpt>
      <trkpt lat="51.728431" lon="10.541831">
        <ele>667.524665</ele>
        <time>2026-03-09T23:58:49.113Z</time>
      </trkpt>
      <trkpt lat="51.728422" lon="10.541491">
        <ele>667.139688</ele>
        <time>2026-03-09T23:58:52.601Z</time>
      </trkpt>
      <trkpt lat="51.728451" lon="10.540945">
        <ele>666.519758</ele>
        <time>2026-03-09T23:58:58.428Z</time>
      </trkpt>
      <trkpt lat="51.728603" lon="10.540301">
        <ele>666.630614</ele>
        <time>2026-03-09T23:59:09.236Z</time>
      </trkpt>
      <trkpt lat="51.728721" lon="10.539490">
        <ele>667.735159</ele>
        <time>2026-03-09T23:59:29.031Z</time>
      </trkpt>
      <trkpt lat="51.728837" lon="10.539156">
        <ele>668.242863</ele>
        <time>2026-03-09T23:59:37.703Z</time>
      </trkpt>
      <trkpt lat="51.729021" lon="10.538788">
        <ele>668.869916</ele>
        <time>2026-03-09T23:59:48.215Z</time>
      </trkpt>
      <trkpt lat="51.729062" lon="10.538673">
        <ele>669.045844</ele>
        <time>2026-03-09T23:59:51.163Z</time>
      </trkpt>
      <trkpt lat="51.729174" lon="10.538196">
        <ele>669.722193</ele>
        <time>2026-03-10T00:00:01.917Z</time>
      </trkpt>
      <trkpt lat="51.729238" lon="10.537770">
        <ele>670.126719</ele>
        <time>2026-03-10T00:00:10.954Z</time>
      </trkpt>
      <trkpt lat="51.729315" lon="10.537034">
        <ele>670.539516</ele>
        <time>2026-03-10T00:00:23.404Z</time>
      </trkpt>
      <trkpt lat="51.729376" lon="10.536352">
        <ele>670.920595</ele>
        <time>2026-03-10T00:00:30.841Z</time>
      </trkpt>
      <trkpt lat="51.729492" lon="10.535653">
        <ele>671.320798</ele>
        <time>2026-03-10T00:00:39.770Z</time>
      </trkpt>
      <trkpt lat="51.729727" lon="10.534735">
        <ele>672.045280</ele>
        <time>2026-03-10T00:00:55.883Z</time>
      </trkpt>
      <trkpt lat="51.729967" lon="10.533109">
        <ele>673.583306</ele>
        <time>2026-03-10T00:01:23.180Z</time>
      </trkpt>
      <trkpt lat="51.730139" lon="10.531229">
        <ele>676.140700</ele>
        <time>2026-03-10T00:01:56.255Z</time>
      </trkpt>
      <trkpt lat="51.730155" lon="10.530863">
        <ele>676.737463</ele>
        <time>2026-03-10T00:02:05.562Z</time>
      </trkpt>
      <trkpt lat="51.730305" lon="10.529772">
        <ele>678.555114</ele>
        <time>2026-03-10T00:02:30.579Z</time>
      </trkpt>
      <trkpt lat="51.730303" lon="10.529583">
        <ele>678.862557</ele>
        <time>2026-03-10T00:02:34.266Z</time>
      </trkpt>
      <trkpt lat="51.730252" lon="10.529349">
        <ele>679.077163</ele>
        <time>2026-03-10T00:02:38.902Z</time>
      </trkpt>
      <trkpt lat="51.730244" lon="10.529322">
        <ele>679.091081</ele>
        <time>2026-03-10T00:02:39.435Z</time>
      </trkpt>
      <trkpt lat="51.730211" lon="10.529235">
        <ele>679.138521</ele>
        <time>2026-03-10T00:02:41.260Z</time>
      </trkpt>
      <trkpt lat="51.730179" lon="10.529147">
        <ele>679.185974</ele>
        <time>2026-03-10T00:02:43.280Z</time>
      </trkpt>
      <trkpt lat="51.730052" lon="10.529283">
        <ele>679.300391</ele>
        <time>2026-03-10T00:02:48.099Z</time>
      </trkpt>
      <trkpt lat="51.729867" lon="10.529374">
        <ele>679.445590</ele>
        <time>2026-03-10T00:02:54.000Z</time>
      </trkpt>
      <trkpt lat="51.729410" lon="10.529735">
        <ele>679.827567</ele>
        <time>2026-03-10T00:03:07.551Z</time>
      </trkpt>
      <trkpt lat="51.728873" lon="10.530128">
        <ele>680.270228</ele>
        <time>2026-03-10T00:03:18.827Z</time>
      </trkpt>
      <trkpt lat="51.726894" lon="10.531801">
        <ele>678.575377</ele>
        <time>2026-03-10T00:04:02.527Z</time>
      </trkpt>
      <trkpt lat="51.726559" lon="10.532045">
        <ele>678.123255</ele>
        <time>2026-03-10T00:04:09.310Z</time>
      </trkpt>
      <trkpt lat="51.726393" lon="10.532091">
        <ele>677.916054</ele>
        <time>2026-03-10T00:04:12.412Z</time>
      </trkpt>
      <trkpt lat="51.726259" lon="10.532129">
        <ele>677.748681</ele>
        <time>2026-03-10T00:04:14.921Z</time>
      </trkpt>
      <trkpt lat="51.726040" lon="10.532130">
        <ele>677.479263</ele>
        <time>2026-03-10T00:04:18.935Z</time>
      </trkpt>
      <trkpt lat="51.725792" lon="10.532041">
        <ele>677.166723</ele>
        <time>2026-03-10T00:04:23.568Z</time>
      </trkpt>
      <trkpt lat="51.725684" lon="10.531939">
        <ele>677.012794</ele>
        <time>2026-03-10T00:04:25.840Z</time>
      </trkpt>
      <trkpt lat="51.725590" lon="10.531773">
        <ele>676.841406</ele>
        <time>2026-03-10T00:04:28.324Z</time>
      </trkpt>
      <trkpt lat="51.725511" lon="10.531583">
        <ele>676.972066</ele>
        <time>2026-03-10T00:04:30.824Z</time>
      </trkpt>
      <trkpt lat="51.725300" lon="10.530435">
        <ele>678.924120</ele>
        <time>2026-03-10T00:04:44.979Z</time>
      </trkpt>
      <trkpt lat="51.725195" lon="10.530043">
        <ele>679.620326</ele>
        <time>2026-03-10T00:04:52.472Z</time>
      </trkpt>
      <trkpt lat="51.724952" lon="10.529768">
        <ele>680.401304</ele>
        <time>2026-03-10T00:05:04.725Z</time>
      </trkpt>
      <trkpt lat="51.724892" lon="10.529700">
        <ele>680.594231</ele>
        <time>2026-03-10T00:05:08.291Z</time>
      </trkpt>
      <trkpt lat="51.724320" lon="10.529254">
        <ele>684.512544</ele>
        <time>2026-03-10T00:05:49.375Z</time>
      </trkpt>
      <trkpt lat="51.724114" lon="10.529056">
        <ele>686.988482</ele>
        <time>2026-03-10T00:06:09.554Z</time>
      </trkpt>
      <trkpt lat="51.723945" lon="10.528957">
        <ele>688.845142</ele>
        <time>2026-03-10T00:06:25.770Z</time>
      </trkpt>
      <trkpt lat="51.723480" lon="10.528819">
        <ele>693.727784</ele>
        <time>2026-03-10T00:07:08.475Z</time>
      </trkpt>
      <trkpt lat="51.723133" lon="10.528762">
        <ele>697.329842</ele>
        <time>2026-03-10T00:07:35.757Z</time>
      </trkpt>
      <trkpt lat="51.722807" lon="10.528839">
        <ele>700.220713</ele>
        <time>2026-03-10T00:07:56.488Z</time>
      </trkpt>
      <trkpt lat="51.722614" lon="10.529143">
        <ele>700.845593</ele>
        <time>2026-03-10T00:08:12.674Z</time>
      </trkpt>
      <trkpt lat="51.722560" lon="10.529464">
        <ele>701.323085</ele>
        <time>2026-03-10T00:08:23.131Z</time>
      </trkpt>
      <trkpt lat="51.722533" lon="10.529830">
        <ele>701.852200</ele>
        <time>2026-03-10T00:08:32.838Z</time>
      </trkpt>
      <trkpt lat="51.722468" lon="10.530069">
        <ele>702.226901</ele>
        <time>2026-03-10T00:08:38.639Z</time>
      </trkpt>
      <trkpt lat="51.722391" lon="10.530245">
        <ele>702.536211</ele>
        <time>2026-03-10T00:08:42.839Z</time>
      </trkpt>
      <trkpt lat="51.722261" lon="10.530356">
        <ele>702.877012</ele>
        <time>2026-03-10T00:08:47.197Z</time>
      </trkpt>
      <trkpt lat="51.722141" lon="10.530721">
        <ele>703.470202</ele>
        <time>2026-03-10T00:08:54.573Z</time>
      </trkpt>
      <trkpt lat="51.722116" lon="10.530861">
        <ele>703.679361</ele>
        <time>2026-03-10T00:08:57.208Z</time>
      </trkpt>
      <trkpt lat="51.721848" lon="10.531523">
        <ele>704.136373</ele>
        <time>2026-03-10T00:09:12.424Z</time>
      </trkpt>
      <trkpt lat="51.721712" lon="10.531751">
        <ele>704.053718</ele>
        <time>2026-03-10T00:09:19.018Z</time>
      </trkpt>
      <trkpt lat="51.721448" lon="10.532444">
        <ele>703.841266</ele>
        <time>2026-03-10T00:09:36.789Z</time>
      </trkpt>
      <trkpt lat="51.721436" lon="10.532474">
        <ele>703.831940</ele>
        <time>2026-03-10T00:09:37.493Z</time>
      </trkpt>
      <trkpt lat="51.721413" lon="10.532596">
        <ele>703.798638</ele>
        <time>2026-03-10T00:09:40.119Z</time>
      </trkpt>
      <trkpt lat="51.721113" lon="10.533353">
        <ele>703.563962</ele>
        <time>2026-03-10T00:09:56.508Z</time>
      </trkpt>
      <trkpt lat="51.720973" lon="10.533830">
        <ele>703.302651</ele>
        <time>2026-03-10T00:10:05.594Z</time>
      </trkpt>
      <trkpt lat="51.720970" lon="10.533898">
        <ele>703.245893</ele>
        <time>2026-03-10T00:10:06.779Z</time>
      </trkpt>
      <trkpt lat="51.721004" lon="10.534035">
        <ele>703.123018</ele>
        <time>2026-03-10T00:10:09.302Z</time>
      </trkpt>
      <trkpt lat="51.720758" lon="10.535074">
        <ele>702.196948</ele>
        <time>2026-03-10T00:10:28.781Z</time>
      </trkpt>
      <trkpt lat="51.720647" lon="10.535587">
        <ele>701.744533</ele>
        <time>2026-03-10T00:10:38.218Z</time>
      </trkpt>
      <trkpt lat="51.720438" lon="10.536092">
        <ele>701.238887</ele>
        <time>2026-03-10T00:10:48.955Z</time>
      </trkpt>
      <trkpt lat="51.720399" lon="10.536391">
        <ele>700.965201</ele>
        <time>2026-03-10T00:10:54.542Z</time>
      </trkpt>
      <trkpt lat="51.720236" lon="10.536970">
        <ele>700.309245</ele>
        <time>2026-03-10T00:11:06.606Z</time>
      </trkpt>
      <trkpt lat="51.720085" lon="10.537642">
        <ele>699.571951</ele>
        <time>2026-03-10T00:11:19.659Z</time>
      </trkpt>
      <trkpt lat="51.719836" lon="10.538444">
        <ele>698.646685</ele>
        <time>2026-03-10T00:11:34.814Z</time>
      </trkpt>
      <trkpt lat="51.719697" lon="10.538745">
        <ele>698.259464</ele>
        <time>2026-03-10T00:11:40.940Z</time>
      </trkpt>
      <trkpt lat="51.719590" lon="10.538897">
        <ele>697.986285</ele>
        <time>2026-03-10T00:11:44.663Z</time>
      </trkpt>
      <trkpt lat="51.719093" lon="10.539341">
        <ele>696.341331</ele>
        <time>2026-03-10T00:11:59.490Z</time>
      </trkpt>
      <trkpt lat="51.718770" lon="10.539546">
        <ele>695.336267</ele>
        <time>2026-03-10T00:12:08.556Z</time>
      </trkpt>
      <trkpt lat="51.718569" lon="10.539715">
        <ele>694.679971</ele>
        <time>2026-03-10T00:12:14.444Z</time>
      </trkpt>
      <trkpt lat="51.718455" lon="10.539770">
        <ele>694.335413</ele>
        <time>2026-03-10T00:12:17.514Z</time>
      </trkpt>
      <trkpt lat="51.717975" lon="10.539866">
        <ele>692.934779</ele>
        <time>2026-03-10T00:12:30.116Z</time>
      </trkpt>
      <trkpt lat="51.717457" lon="10.540100">
        <ele>691.090133</ele>
        <time>2026-03-10T00:12:44.346Z</time>
      </trkpt>
      <trkpt lat="51.717001" lon="10.540358">
        <ele>689.420455</ele>
        <time>2026-03-10T00:12:56.965Z</time>
      </trkpt>
      <trkpt lat="51.716831" lon="10.540490">
        <ele>688.768594</ele>
        <time>2026-03-10T00:13:01.703Z</time>
      </trkpt>
      <trkpt lat="51.716695" lon="10.540530">
        <ele>688.290917</ele>
        <time>2026-03-10T00:13:05.182Z</time>
      </trkpt>
      <trkpt lat="51.716506" lon="10.540255">
        <ele>687.411651</ele>
        <time>2026-03-10T00:13:09.179Z</time>
      </trkpt>
      <trkpt lat="51.716357" lon="10.540089">
        <ele>686.786052</ele>
        <time>2026-03-10T00:13:12.006Z</time>
      </trkpt>
      <trkpt lat="51.716130" lon="10.539670">
        <ele>685.054165</ele>
        <time>2026-03-10T00:13:17.338Z</time>
      </trkpt>
      <trkpt lat="51.716056" lon="10.539765">
        <ele>684.559727</ele>
        <time>2026-03-10T00:13:19.618Z</time>
      </trkpt>
      <trkpt lat="51.715322" lon="10.539873">
        <ele>680.705563</ele>
        <time>2026-03-10T00:13:37.154Z</time>
      </trkpt>
      <trkpt lat="51.715264" lon="10.539882">
        <ele>680.400869</ele>
        <time>2026-03-10T00:13:38.525Z</time>
      </trkpt>
      <trkpt lat="51.713849" lon="10.540284">
        <ele>671.965287</ele>
        <time>2026-03-10T00:14:12.377Z</time>
      </trkpt>
      <trkpt lat="51.713782" lon="10.540151">
        <ele>671.292240</ele>
        <time>2026-03-10T00:14:14.832Z</time>
      </trkpt>
      <trkpt lat="51.713543" lon="10.539723">
        <ele>669.029901</ele>
        <time>2026-03-10T00:14:23.039Z</time>
      </trkpt>
      <trkpt lat="51.713279" lon="10.539376">
        <ele>666.872264</ele>
        <time>2026-03-10T00:14:30.794Z</time>
      </trkpt>
      <trkpt lat="51.713210" lon="10.539315">
        <ele>666.373695</ele>
        <time>2026-03-10T00:14:31.768Z</time>
      </trkpt>
      <trkpt lat="51.713020" lon="10.539115">
        <ele>664.932806</ele>
        <time>2026-03-10T00:14:34.994Z</time>
      </trkpt>
      <trkpt lat="51.712350" lon="10.538494">
        <ele>660.018371</ele>
        <time>2026-03-10T00:14:46.025Z</time>
      </trkpt>
      <trkpt lat="51.711886" lon="10.537764">
        <ele>655.896729</ele>
        <time>2026-03-10T00:14:55.478Z</time>
      </trkpt>
      <trkpt lat="51.711710" lon="10.537589">
        <ele>654.581839</ele>
        <time>2026-03-10T00:14:58.603Z</time>
      </trkpt>
      <trkpt lat="51.711392" lon="10.537460">
        <ele>653.478340</ele>
        <time>2026-03-10T00:15:03.678Z</time>
      </trkpt>
      <trkpt lat="51.711304" lon="10.537383">
        <ele>653.169660</ele>
        <time>2026-03-10T00:15:05.244Z</time>
      </trkpt>
      <trkpt lat="51.711026" lon="10.536734">
        <ele>651.662130</ele>
        <time>2026-03-10T00:15:13.235Z</time>
      </trkpt>
      <trkpt lat="51.710619" lon="10.536094">
        <ele>649.909824</ele>
        <time>2026-03-10T00:15:23.007Z</time>
      </trkpt>
      <trkpt lat="51.710134" lon="10.535056">
        <ele>647.671802</ele>
        <time>2026-03-10T00:15:37.423Z</time>
      </trkpt>
      <trkpt lat="51.710002" lon="10.534834">
        <ele>647.185029</ele>
        <time>2026-03-10T00:15:40.866Z</time>
      </trkpt>
      <trkpt lat="51.709584" lon="10.534352">
        <ele>645.873327</ele>
        <time>2026-03-10T00:15:49.822Z</time>
      </trkpt>
      <trkpt lat="51.709336" lon="10.534154">
        <ele>645.166870</ele>
        <time>2026-03-10T00:15:54.430Z</time>
      </trkpt>
      <trkpt lat="51.709089" lon="10.534078">
        <ele>644.524856</ele>
        <time>2026-03-10T00:15:58.494Z</time>
      </trkpt>
      <trkpt lat="51.708518" lon="10.533816">
        <ele>641.668594</ele>
        <time>2026-03-10T00:16:07.706Z</time>
      </trkpt>
      <trkpt lat="51.707382" lon="10.532790">
        <ele>634.792944</ele>
        <time>2026-03-10T00:16:26.874Z</time>
      </trkpt>
      <trkpt lat="51.707382" lon="10.532790">
        <ele>634.792944</ele>
        <time>2026-03-10T00:16:26.879Z</time>
      </trkpt>
      <trkpt lat="51.707153" lon="10.532617">
        <ele>633.466059</ele>
        <time>2026-03-10T00:16:30.625Z</time>
      </trkpt>
      <trkpt lat="51.707038" lon="10.532616">
        <ele>632.862652</ele>
        <time>2026-03-10T00:16:32.327Z</time>
      </trkpt>
      <trkpt lat="51.706918" lon="10.532615">
        <ele>632.233011</ele>
        <time>2026-03-10T00:16:34.128Z</time>
      </trkpt>
      <trkpt lat="51.706771" lon="10.532683">
        <ele>631.430646</ele>
        <time>2026-03-10T00:16:36.427Z</time>
      </trkpt>
      <trkpt lat="51.706267" lon="10.532252">
        <ele>628.437815</ele>
        <time>2026-03-10T00:16:50.084Z</time>
      </trkpt>
      <trkpt lat="51.706274" lon="10.532214">
        <ele>628.308915</ele>
        <time>2026-03-10T00:16:50.655Z</time>
      </trkpt>
      <trkpt lat="51.706421" lon="10.532116">
        <ele>627.474386</ele>
        <time>2026-03-10T00:16:54.474Z</time>
      </trkpt>
      <trkpt lat="51.706647" lon="10.531871">
        <ele>626.045845</ele>
        <time>2026-03-10T00:17:01.049Z</time>
      </trkpt>
      <trkpt lat="51.706749" lon="10.531659">
        <ele>625.165248</ele>
        <time>2026-03-10T00:17:05.099Z</time>
      </trkpt>
      <trkpt lat="51.706761" lon="10.531602">
        <ele>624.959417</ele>
        <time>2026-03-10T00:17:06.008Z</time>
      </trkpt>
      <trkpt lat="51.706889" lon="10.530988">
        <ele>622.744453</ele>
        <time>2026-03-10T00:17:15.826Z</time>
      </trkpt>
      <trkpt lat="51.706936" lon="10.530890">
        <ele>622.320749</ele>
        <time>2026-03-10T00:17:17.672Z</time>
      </trkpt>
      <trkpt lat="51.706932" lon="10.530739">
        <ele>621.803988</ele>
        <time>2026-03-10T00:17:19.926Z</time>
      </trkpt>
      <trkpt lat="51.707036" lon="10.530412">
        <ele>620.547277</ele>
        <time>2026-03-10T00:17:25.301Z</time>
      </trkpt>
      <trkpt lat="51.707019" lon="10.530314">
        <ele>620.199322</ele>
        <time>2026-03-10T00:17:26.775Z</time>
      </trkpt>
      <trkpt lat="51.707032" lon="10.530196">
        <ele>619.789538</ele>
        <time>2026-03-10T00:17:28.504Z</time>
      </trkpt>
      <trkpt lat="51.707065" lon="10.530121">
        <ele>619.475037</ele>
        <time>2026-03-10T00:17:29.823Z</time>
      </trkpt>
      <trkpt lat="51.707070" lon="10.529983">
        <ele>619.002392</ele>
        <time>2026-03-10T00:17:31.815Z</time>
      </trkpt>
      <trkpt lat="51.707211" lon="10.529495">
        <ele>617.161404</ele>
        <time>2026-03-10T00:17:39.608Z</time>
      </trkpt>
      <trkpt lat="51.707361" lon="10.529255">
        <ele>615.995928</ele>
        <time>2026-03-10T00:17:44.542Z</time>
      </trkpt>
      <trkpt lat="51.707393" lon="10.529067">
        <ele>615.307921</ele>
        <time>2026-03-10T00:17:47.371Z</time>
      </trkpt>
      <trkpt lat="51.707600" lon="10.528655">
        <ele>612.963985</ele>
        <time>2026-03-10T00:17:55.148Z</time>
      </trkpt>
      <trkpt lat="51.707886" lon="10.528234">
        <ele>610.203349</ele>
        <time>2026-03-10T00:18:04.123Z</time>
      </trkpt>
      <trkpt lat="51.707897" lon="10.528218">
        <ele>610.097742</ele>
        <time>2026-03-10T00:18:04.461Z</time>
      </trkpt>
      <trkpt lat="51.707988" lon="10.528035">
        <ele>609.060858</ele>
        <time>2026-03-10T00:18:07.733Z</time>
      </trkpt>
      <trkpt lat="51.708084" lon="10.527782">
        <ele>607.749874</ele>
        <time>2026-03-10T00:18:11.838Z</time>
      </trkpt>
      <trkpt lat="51.708148" lon="10.527492">
        <ele>606.389494</ele>
        <time>2026-03-10T00:18:16.110Z</time>
      </trkpt>
      <trkpt lat="51.708252" lon="10.527235">
        <ele>605.033073</ele>
        <time>2026-03-10T00:18:20.384Z</time>
      </trkpt>
      <trkpt lat="51.708385" lon="10.526998">
        <ele>603.620108</ele>
        <time>2026-03-10T00:18:24.843Z</time>
      </trkpt>
      <trkpt lat="51.708379" lon="10.526929">
        <ele>603.312206</ele>
        <time>2026-03-10T00:18:25.808Z</time>
      </trkpt>
      <trkpt lat="51.708320" lon="10.526913">
        <ele>602.885556</ele>
        <time>2026-03-10T00:18:27.130Z</time>
      </trkpt>
      <trkpt lat="51.708236" lon="10.526912">
        <ele>602.155604</ele>
        <time>2026-03-10T00:18:29.026Z</time>
      </trkpt>
      <trkpt lat="51.708068" lon="10.527075">
        <ele>600.125005</ele>
        <time>2026-03-10T00:18:33.367Z</time>
      </trkpt>
      <trkpt lat="51.707873" lon="10.527540">
        <ele>596.520887</ele>
        <time>2026-03-10T00:18:40.964Z</time>
      </trkpt>
      <trkpt lat="51.707829" lon="10.527579">
        <ele>596.000873</ele>
        <time>2026-03-10T00:18:42.028Z</time>
      </trkpt>
      <trkpt lat="51.707809" lon="10.527559">
        <ele>595.757144</ele>
        <time>2026-03-10T00:18:42.533Z</time>
      </trkpt>
      <trkpt lat="51.707824" lon="10.527307">
        <ele>594.132091</ele>
        <time>2026-03-10T00:18:45.874Z</time>
      </trkpt>
      <trkpt lat="51.707922" lon="10.526745">
        <ele>590.384462</ele>
        <time>2026-03-10T00:18:53.450Z</time>
      </trkpt>
      <trkpt lat="51.708098" lon="10.526105">
        <ele>585.889898</ele>
        <time>2026-03-10T00:19:02.522Z</time>
      </trkpt>
      <trkpt lat="51.708107" lon="10.526072">
        <ele>585.658461</ele>
        <time>2026-03-10T00:19:02.999Z</time>
      </trkpt>
      <trkpt lat="51.708109" lon="10.525898">
        <ele>584.541357</ele>
        <time>2026-03-10T00:19:05.248Z</time>
      </trkpt>
      <trkpt lat="51.708133" lon="10.525787">
        <ele>583.787509</ele>
        <time>2026-03-10T00:19:06.794Z</time>
      </trkpt>
      <trkpt lat="51.708202" lon="10.525628">
        <ele>582.547775</ele>
        <time>2026-03-10T00:19:09.319Z</time>
      </trkpt>
      <trkpt lat="51.708190" lon="10.525579">
        <ele>582.211276</ele>
        <time>2026-03-10T00:19:10.002Z</time>
      </trkpt>
      <trkpt lat="51.708069" lon="10.525440">
        <ele>580.680476</ele>
        <time>2026-03-10T00:19:13.131Z</time>
      </trkpt>
      <trkpt lat="51.708042" lon="10.525323">
        <ele>579.883100</ele>
        <time>2026-03-10T00:19:14.771Z</time>
      </trkpt>
      <trkpt lat="51.708043" lon="10.525248">
        <ele>579.403988</ele>
        <time>2026-03-10T00:19:15.752Z</time>
      </trkpt>
      <trkpt lat="51.708157" lon="10.524961">
        <ele>577.226762</ele>
        <time>2026-03-10T00:19:20.232Z</time>
      </trkpt>
      <trkpt lat="51.708133" lon="10.524904">
        <ele>576.786636</ele>
        <time>2026-03-10T00:19:21.157Z</time>
      </trkpt>
      <trkpt lat="51.708068" lon="10.524888">
        <ele>576.108958</ele>
        <time>2026-03-10T00:19:22.545Z</time>
      </trkpt>
      <trkpt lat="51.707870" lon="10.524880">
        <ele>574.067612</ele>
        <time>2026-03-10T00:19:26.793Z</time>
      </trkpt>
      <trkpt lat="51.707641" lon="10.525165">
        <ele>571.087044</ele>
        <time>2026-03-10T00:19:32.990Z</time>
      </trkpt>
      <trkpt lat="51.707589" lon="10.525379">
        <ele>569.618958</ele>
        <time>2026-03-10T00:19:36.035Z</time>
      </trkpt>
      <trkpt lat="51.707510" lon="10.525500">
        <ele>568.496385</ele>
        <time>2026-03-10T00:19:38.392Z</time>
      </trkpt>
      <trkpt lat="51.707458" lon="10.525460">
        <ele>567.902668</ele>
        <time>2026-03-10T00:19:39.644Z</time>
      </trkpt>
      <trkpt lat="51.707449" lon="10.525168">
        <ele>566.035427</ele>
        <time>2026-03-10T00:19:43.597Z</time>
      </trkpt>
      <trkpt lat="51.707475" lon="10.525046">
        <ele>565.307438</ele>
        <time>2026-03-10T00:19:45.338Z</time>
      </trkpt>
      <trkpt lat="51.707471" lon="10.524848">
        <ele>564.666405</ele>
        <time>2026-03-10T00:19:48.031Z</time>
      </trkpt>
      <trkpt lat="51.707494" lon="10.524669">
        <ele>564.074873</ele>
        <time>2026-03-10T00:19:50.512Z</time>
      </trkpt>
      <trkpt lat="51.707684" lon="10.523997">
        <ele>561.684758</ele>
        <time>2026-03-10T00:20:00.533Z</time>
      </trkpt>
      <trkpt lat="51.707659" lon="10.523835">
        <ele>561.144547</ele>
        <time>2026-03-10T00:20:02.863Z</time>
      </trkpt>
      <trkpt lat="51.707796" lon="10.523086">
        <ele>558.617554</ele>
        <time>2026-03-10T00:20:10.034Z</time>
      </trkpt>
      <trkpt lat="51.708003" lon="10.522819">
        <ele>557.233795</ele>
        <time>2026-03-10T00:20:13.827Z</time>
      </trkpt>
      <trkpt lat="51.708044" lon="10.522910">
        <ele>556.869734</ele>
        <time>2026-03-10T00:20:15.398Z</time>
      </trkpt>
      <trkpt lat="51.708116" lon="10.523042">
        <ele>556.300712</ele>
        <time>2026-03-10T00:20:17.498Z</time>
      </trkpt>
      <trkpt lat="51.709228" lon="10.524729">
        <ele>560.653459</ele>
        <time>2026-03-10T00:21:22.040Z</time>
      </trkpt>
      <trkpt lat="51.709323" lon="10.524837">
        <ele>561.019902</ele>
        <time>2026-03-10T00:21:26.613Z</time>
      </trkpt>
      <trkpt lat="51.709481" lon="10.524988">
        <ele>561.598955</ele>
        <time>2026-03-10T00:21:33.743Z</time>
      </trkpt>
      <trkpt lat="51.709545" lon="10.524997">
        <ele>561.816855</ele>
        <time>2026-03-10T00:21:36.197Z</time>
      </trkpt>
      <trkpt lat="51.709667" lon="10.524946">
        <ele>562.266841</ele>
        <time>2026-03-10T00:21:40.852Z</time>
      </trkpt>
      <trkpt lat="51.709753" lon="10.524847">
        <ele>562.644025</ele>
        <time>2026-03-10T00:21:44.694Z</time>
      </trkpt>
      <trkpt lat="51.709768" lon="10.524789">
        <ele>562.783077</ele>
        <time>2026-03-10T00:21:46.088Z</time>
      </trkpt>
      <trkpt lat="51.709722" lon="10.524629">
        <ele>563.173322</ele>
        <time>2026-03-10T00:21:50.401Z</time>
      </trkpt>
      <trkpt lat="51.709709" lon="10.524558">
        <ele>563.337122</ele>
        <time>2026-03-10T00:21:52.505Z</time>
      </trkpt>
      <trkpt lat="51.709778" lon="10.524455">
        <ele>563.672726</ele>
        <time>2026-03-10T00:21:55.598Z</time>
      </trkpt>
      <trkpt lat="51.709800" lon="10.524325">
        <ele>563.970882</ele>
        <time>2026-03-10T00:21:58.378Z</time>
      </trkpt>
      <trkpt lat="51.709762" lon="10.523995">
        <ele>564.713501</ele>
        <time>2026-03-10T00:22:05.055Z</time>
      </trkpt>
      <trkpt lat="51.709510" lon="10.522997">
        <ele>567.097857</ele>
        <time>2026-03-10T00:22:26.791Z</time>
      </trkpt>
      <trkpt lat="51.709123" lon="10.522042">
        <ele>570.942344</ele>
        <time>2026-03-10T00:23:01.011Z</time>
      </trkpt>
      <trkpt lat="51.709059" lon="10.521708">
        <ele>572.389888</ele>
        <time>2026-03-10T00:23:11.946Z</time>
      </trkpt>
      <trkpt lat="51.709038" lon="10.521429">
        <ele>573.553584</ele>
        <time>2026-03-10T00:23:20.984Z</time>
      </trkpt>
      <trkpt lat="51.709004" lon="10.520762">
        <ele>576.324640</ele>
        <time>2026-03-10T00:23:43.151Z</time>
      </trkpt>
      <trkpt lat="51.708944" lon="10.520346">
        <ele>578.093142</ele>
        <time>2026-03-10T00:23:57.560Z</time>
      </trkpt>
      <trkpt lat="51.708515" lon="10.518414">
        <ele>585.179174</ele>
        <time>2026-03-10T00:25:16.452Z</time>
      </trkpt>
      <trkpt lat="51.708526" lon="10.518215">
        <ele>585.825776</ele>
        <time>2026-03-10T00:25:22.657Z</time>
      </trkpt>
      <trkpt lat="51.708637" lon="10.517971">
        <ele>586.805414</ele>
        <time>2026-03-10T00:25:31.160Z</time>
      </trkpt>
      <trkpt lat="51.708674" lon="10.518028">
        <ele>587.072574</ele>
        <time>2026-03-10T00:25:33.254Z</time>
      </trkpt>
      <trkpt lat="51.708774" lon="10.517981">
        <ele>587.616559</ele>
        <time>2026-03-10T00:25:37.378Z</time>
      </trkpt>
      <trkpt lat="51.708867" lon="10.517995">
        <ele>588.104393</ele>
        <time>2026-03-10T00:25:40.677Z</time>
      </trkpt>
      <trkpt lat="51.708972" lon="10.518011">
        <ele>588.655231</ele>
        <time>2026-03-10T00:25:43.683Z</time>
      </trkpt>
      <trkpt lat="51.708981" lon="10.517791">
        <ele>589.368783</ele>
        <time>2026-03-10T00:25:46.325Z</time>
      </trkpt>
      <trkpt lat="51.709046" lon="10.517418">
        <ele>587.800401</ele>
        <time>2026-03-10T00:25:50.020Z</time>
      </trkpt>
      <trkpt lat="51.709069" lon="10.517216">
        <ele>586.763221</ele>
        <time>2026-03-10T00:25:51.831Z</time>
      </trkpt>
      <trkpt lat="51.709068" lon="10.517193">
        <ele>586.646786</ele>
        <time>2026-03-10T00:25:52.020Z</time>
      </trkpt>
      <trkpt lat="51.709064" lon="10.517123">
        <ele>586.291785</ele>
        <time>2026-03-10T00:25:52.609Z</time>
      </trkpt>
      <trkpt lat="51.709012" lon="10.516503">
        <ele>583.132229</ele>
        <time>2026-03-10T00:25:57.390Z</time>
      </trkpt>
      <trkpt lat="51.708997" lon="10.516300">
        <ele>582.099813</ele>
        <time>2026-03-10T00:25:58.873Z</time>
      </trkpt>
      <trkpt lat="51.708970" lon="10.515938">
        <ele>580.258512</ele>
        <time>2026-03-10T00:26:01.503Z</time>
      </trkpt>
      <trkpt lat="51.708968" lon="10.515920">
        <ele>580.166162</ele>
        <time>2026-03-10T00:26:01.631Z</time>
      </trkpt>
      <trkpt lat="51.708956" lon="10.515493">
        <ele>578.007588</ele>
        <time>2026-03-10T00:26:04.706Z</time>
      </trkpt>
      <trkpt lat="51.708973" lon="10.515164">
        <ele>576.340365</ele>
        <time>2026-03-10T00:26:07.092Z</time>
      </trkpt>
      <trkpt lat="51.708985" lon="10.514998">
        <ele>575.496377</ele>
        <time>2026-03-10T00:26:08.304Z</time>
      </trkpt>
      <trkpt lat="51.709000" lon="10.514819">
        <ele>574.527323</ele>
        <time>2026-03-10T00:26:09.615Z</time>
      </trkpt>
      <trkpt lat="51.709041" lon="10.514224">
        <ele>570.885193</ele>
        <time>2026-03-10T00:26:14.010Z</time>
      </trkpt>
      <trkpt lat="51.709042" lon="10.513610">
        <ele>567.149774</ele>
        <time>2026-03-10T00:26:18.590Z</time>
      </trkpt>
      <trkpt lat="51.709029" lon="10.513390">
        <ele>565.805283</ele>
        <time>2026-03-10T00:26:20.237Z</time>
      </trkpt>
      <trkpt lat="51.709004" lon="10.512714">
        <ele>561.685365</ele>
        <time>2026-03-10T00:26:25.365Z</time>
      </trkpt>
      <trkpt lat="51.709082" lon="10.512399">
        <ele>559.621647</ele>
        <time>2026-03-10T00:26:27.907Z</time>
      </trkpt>
      <trkpt lat="51.709151" lon="10.512215">
        <ele>558.313219</ele>
        <time>2026-03-10T00:26:29.503Z</time>
      </trkpt>
      <trkpt lat="51.709237" lon="10.512135">
        <ele>557.338650</ele>
        <time>2026-03-10T00:26:30.688Z</time>
      </trkpt>
      <trkpt lat="51.709252" lon="10.512132">
        <ele>557.192394</ele>
        <time>2026-03-10T00:26:30.869Z</time>
      </trkpt>
      <trkpt lat="51.709365" lon="10.512104">
        <ele>556.256876</ele>
        <time>2026-03-10T00:26:32.747Z</time>
      </trkpt>
      <trkpt lat="51.709579" lon="10.512055">
        <ele>554.488169</ele>
        <time>2026-03-10T00:26:35.351Z</time>
      </trkpt>
      <trkpt lat="51.709626" lon="10.512047">
        <ele>554.101433</ele>
        <time>2026-03-10T00:26:36.129Z</time>
      </trkpt>
      <trkpt lat="51.709643" lon="10.512044">
        <ele>553.961492</ele>
        <time>2026-03-10T00:26:36.328Z</time>
      </trkpt>
      <trkpt lat="51.709785" lon="10.512018">
        <ele>552.792047</ele>
        <time>2026-03-10T00:26:38.058Z</time>
      </trkpt>
      <trkpt lat="51.710093" lon="10.511954">
        <ele>550.250867</ele>
        <time>2026-03-10T00:26:41.850Z</time>
      </trkpt>
      <trkpt lat="51.710117" lon="10.511947">
        <ele>550.051293</ele>
        <time>2026-03-10T00:26:42.139Z</time>
      </trkpt>
      <trkpt lat="51.710139" lon="10.511941">
        <ele>549.868714</ele>
        <time>2026-03-10T00:26:42.416Z</time>
      </trkpt>
      <trkpt lat="51.710563" lon="10.511862">
        <ele>546.376062</ele>
        <time>2026-03-10T00:26:47.752Z</time>
      </trkpt>
      <trkpt lat="51.710562" lon="10.511715">
        <ele>545.630656</ele>
        <time>2026-03-10T00:26:48.916Z</time>
      </trkpt>
      <trkpt lat="51.710594" lon="10.511579">
        <ele>544.893026</ele>
        <time>2026-03-10T00:26:50.030Z</time>
      </trkpt>
      <trkpt lat="51.710793" lon="10.511050">
        <ele>541.873535</ele>
        <time>2026-03-10T00:26:54.797Z</time>
      </trkpt>
      <trkpt lat="51.710833" lon="10.510948">
        <ele>541.360799</ele>
        <time>2026-03-10T00:26:55.742Z</time>
      </trkpt>
      <trkpt lat="51.711113" lon="10.510237">
        <ele>537.782419</ele>
        <time>2026-03-10T00:27:02.541Z</time>
      </trkpt>
      <trkpt lat="51.711203" lon="10.510007">
        <ele>536.626974</ele>
        <time>2026-03-10T00:27:04.720Z</time>
      </trkpt>
      <trkpt lat="51.711296" lon="10.509766">
        <ele>535.421022</ele>
        <time>2026-03-10T00:27:06.971Z</time>
      </trkpt>
      <trkpt lat="51.711443" lon="10.509309">
        <ele>533.233912</ele>
        <time>2026-03-10T00:27:10.967Z</time>
      </trkpt>
      <trkpt lat="51.711530" lon="10.508938">
        <ele>531.548992</ele>
        <time>2026-03-10T00:27:14.023Z</time>
      </trkpt>
      <trkpt lat="51.711823" lon="10.507172">
        <ele>525.433662</ele>
        <time>2026-03-10T00:27:28.157Z</time>
      </trkpt>
      <trkpt lat="51.711911" lon="10.506618">
        <ele>523.633569</ele>
        <time>2026-03-10T00:27:32.989Z</time>
      </trkpt>
      <trkpt lat="51.711936" lon="10.506200">
        <ele>522.311807</ele>
        <time>2026-03-10T00:27:38.376Z</time>
      </trkpt>
      <trkpt lat="51.711935" lon="10.505995">
        <ele>521.666554</ele>
        <time>2026-03-10T00:27:41.136Z</time>
      </trkpt>
      <trkpt lat="51.711908" lon="10.505567">
        <ele>520.589204</ele>
        <time>2026-03-10T00:27:47.241Z</time>
      </trkpt>
      <trkpt lat="51.711830" lon="10.504443">
        <ele>518.425010</ele>
        <time>2026-03-10T00:27:59.898Z</time>
      </trkpt>
      <trkpt lat="51.711831" lon="10.504108">
        <ele>517.783988</ele>
        <time>2026-03-10T00:28:03.378Z</time>
      </trkpt>
      <trkpt lat="51.711864" lon="10.503579">
        <ele>516.766641</ele>
        <time>2026-03-10T00:28:08.192Z</time>
      </trkpt>
      <trkpt lat="51.712002" lon="10.502482">
        <ele>512.786180</ele>
        <time>2026-03-10T00:28:16.984Z</time>
      </trkpt>
      <trkpt lat="51.712027" lon="10.502157">
        <ele>510.786430</ele>
        <time>2026-03-10T00:28:19.399Z</time>
      </trkpt>
      <trkpt lat="51.712020" lon="10.501871">
        <ele>509.038694</ele>
        <time>2026-03-10T00:28:21.487Z</time>
      </trkpt>
      <trkpt lat="51.711956" lon="10.501375">
        <ele>505.945041</ele>
        <time>2026-03-10T00:28:25.150Z</time>
      </trkpt>
      <trkpt lat="51.711645" lon="10.500212">
        <ele>498.210358</ele>
        <time>2026-03-10T00:28:34.406Z</time>
      </trkpt>
      <trkpt lat="51.711452" lon="10.499636">
        <ele>497.138434</ele>
        <time>2026-03-10T00:28:39.226Z</time>
      </trkpt>
      <trkpt lat="51.711244" lon="10.499228">
        <ele>496.589513</ele>
        <time>2026-03-10T00:28:43.256Z</time>
      </trkpt>
      <trkpt lat="51.710693" lon="10.498366">
        <ele>495.302811</ele>
        <time>2026-03-10T00:28:55.852Z</time>
      </trkpt>
      <trkpt lat="51.710739" lon="10.498305">
        <ele>495.202984</ele>
        <time>2026-03-10T00:28:58.600Z</time>
      </trkpt>
      <trkpt lat="51.710735" lon="10.498178">
        <ele>495.070866</ele>
        <time>2026-03-10T00:29:03.005Z</time>
      </trkpt>
      <trkpt lat="51.710025" lon="10.497260">
        <ele>504.672861</ele>
        <time>2026-03-10T00:30:19.323Z</time>
      </trkpt>
      <trkpt lat="51.709820" lon="10.496920">
        <ele>508.839005</ele>
        <time>2026-03-10T00:30:55.884Z</time>
      </trkpt>
      <trkpt lat="51.709744" lon="10.496590">
        <ele>511.930762</ele>
        <time>2026-03-10T00:31:21.492Z</time>
      </trkpt>
      <trkpt lat="51.709710" lon="10.496220">
        <ele>515.215646</ele>
        <time>2026-03-10T00:31:46.389Z</time>
      </trkpt>
      <trkpt lat="51.709653" lon="10.496125">
        <ele>516.376960</ele>
        <time>2026-03-10T00:31:54.901Z</time>
      </trkpt>
      <trkpt lat="51.709638" lon="10.496035">
        <ele>517.195435</ele>
        <time>2026-03-10T00:32:00.580Z</time>
      </trkpt>
      <trkpt lat="51.709582" lon="10.495986">
        <ele>518.098255</ele>
        <time>2026-03-10T00:32:06.835Z</time>
      </trkpt>
      <trkpt lat="51.709261" lon="10.495788">
        <ele>522.357308</ele>
        <time>2026-03-10T00:32:37.832Z</time>
      </trkpt>
      <trkpt lat="51.709186" lon="10.495790">
        <ele>523.184452</ele>
        <time>2026-03-10T00:32:43.855Z</time>
      </trkpt>
      <trkpt lat="51.709125" lon="10.495847">
        <ele>523.961726</ele>
        <time>2026-03-10T00:32:49.749Z</time>
      </trkpt>
      <trkpt lat="51.709012" lon="10.496327">
        <ele>527.470280</ele>
        <time>2026-03-10T00:33:14.135Z</time>
      </trkpt>
      <trkpt lat="51.708822" lon="10.496793">
        <ele>531.281925</ele>
        <time>2026-03-10T00:33:38.224Z</time>
      </trkpt>
      <trkpt lat="51.708700" lon="10.496944">
        <ele>532.977338</ele>
        <time>2026-03-10T00:33:48.443Z</time>
      </trkpt>
      <trkpt lat="51.708484" lon="10.496906">
        <ele>535.373298</ele>
        <time>2026-03-10T00:34:03.562Z</time>
      </trkpt>
      <trkpt lat="51.708271" lon="10.496838">
        <ele>537.767584</ele>
        <time>2026-03-10T00:34:19.638Z</time>
      </trkpt>
      <trkpt lat="51.708109" lon="10.496653">
        <ele>539.956007</ele>
        <time>2026-03-10T00:34:34.363Z</time>
      </trkpt>
      <trkpt lat="51.707877" lon="10.496218">
        <ele>540.920276</ele>
        <time>2026-03-10T00:35:00.834Z</time>
      </trkpt>
      <trkpt lat="51.707844" lon="10.495972">
        <ele>541.312025</ele>
        <time>2026-03-10T00:35:11.613Z</time>
      </trkpt>
      <trkpt lat="51.707883" lon="10.495643">
        <ele>541.833372</ele>
        <time>2026-03-10T00:35:24.204Z</time>
      </trkpt>
      <trkpt lat="51.707912" lon="10.495446">
        <ele>542.148519</ele>
        <time>2026-03-10T00:35:30.664Z</time>
      </trkpt>
      <trkpt lat="51.707917" lon="10.495181">
        <ele>542.561162</ele>
        <time>2026-03-10T00:35:37.748Z</time>
      </trkpt>
      <trkpt lat="51.707766" lon="10.494492">
        <ele>543.698627</ele>
        <time>2026-03-10T00:35:47.082Z</time>
      </trkpt>
      <trkpt lat="51.707573" lon="10.494131">
        <ele>544.440709</ele>
        <time>2026-03-10T00:35:51.383Z</time>
      </trkpt>
      <trkpt lat="51.707360" lon="10.493483">
        <ele>542.045286</ele>
        <time>2026-03-10T00:35:57.502Z</time>
      </trkpt>
      <trkpt lat="51.707226" lon="10.493317">
        <ele>540.993608</ele>
        <time>2026-03-10T00:35:59.800Z</time>
      </trkpt>
      <trkpt lat="51.707005" lon="10.493171">
        <ele>539.506945</ele>
        <time>2026-03-10T00:36:03.042Z</time>
      </trkpt>
      <trkpt lat="51.706530" lon="10.493012">
        <ele>536.486882</ele>
        <time>2026-03-10T00:36:09.905Z</time>
      </trkpt>
      <trkpt lat="51.706430" lon="10.493045">
        <ele>535.851448</ele>
        <time>2026-03-10T00:36:11.464Z</time>
      </trkpt>
      <trkpt lat="51.706241" lon="10.493196">
        <ele>534.538517</ele>
        <time>2026-03-10T00:36:14.852Z</time>
      </trkpt>
      <trkpt lat="51.706156" lon="10.493173">
        <ele>534.001961</ele>
        <time>2026-03-10T00:36:16.348Z</time>
      </trkpt>
      <trkpt lat="51.705650" lon="10.492629">
        <ele>532.251037</ele>
        <time>2026-03-10T00:36:29.814Z</time>
      </trkpt>
      <trkpt lat="51.705518" lon="10.492528">
        <ele>531.928652</ele>
        <time>2026-03-10T00:36:33.935Z</time>
      </trkpt>
      <trkpt lat="51.705384" lon="10.492476">
        <ele>531.624512</ele>
        <time>2026-03-10T00:36:37.335Z</time>
      </trkpt>
      <trkpt lat="51.704936" lon="10.492411">
        <ele>530.631882</ele>
        <time>2026-03-10T00:36:45.300Z</time>
      </trkpt>
      <trkpt lat="51.704838" lon="10.492329">
        <ele>530.388271</ele>
        <time>2026-03-10T00:36:47.094Z</time>
      </trkpt>
      <trkpt lat="51.704775" lon="10.492204">
        <ele>530.167926</ele>
        <time>2026-03-10T00:36:48.691Z</time>
      </trkpt>
      <trkpt lat="51.704355" lon="10.490859">
        <ele>526.057507</ele>
        <time>2026-03-10T00:37:02.864Z</time>
      </trkpt>
      <trkpt lat="51.704181" lon="10.490551">
        <ele>524.581939</ele>
        <time>2026-03-10T00:37:06.652Z</time>
      </trkpt>
      <trkpt lat="51.704055" lon="10.490450">
        <ele>523.778169</ele>
        <time>2026-03-10T00:37:08.717Z</time>
      </trkpt>
      <trkpt lat="51.703098" lon="10.490211">
        <ele>518.483590</ele>
        <time>2026-03-10T00:37:22.755Z</time>
      </trkpt>
      <trkpt lat="51.702945" lon="10.490146">
        <ele>517.824764</ele>
        <time>2026-03-10T00:37:25.050Z</time>
      </trkpt>
      <trkpt lat="51.702805" lon="10.490019">
        <ele>517.155972</ele>
        <time>2026-03-10T00:37:27.431Z</time>
      </trkpt>
      <trkpt lat="51.702526" lon="10.489669">
        <ele>515.684369</ele>
        <time>2026-03-10T00:37:32.828Z</time>
      </trkpt>
      <trkpt lat="51.702420" lon="10.489584">
        <ele>515.191468</ele>
        <time>2026-03-10T00:37:34.706Z</time>
      </trkpt>
      <trkpt lat="51.702318" lon="10.489569">
        <ele>514.764965</ele>
        <time>2026-03-10T00:37:36.294Z</time>
      </trkpt>
      <trkpt lat="51.702219" lon="10.489603">
        <ele>514.343481</ele>
        <time>2026-03-10T00:37:37.857Z</time>
      </trkpt>
      <trkpt lat="51.702093" lon="10.489710">
        <ele>513.750571</ele>
        <time>2026-03-10T00:37:40.106Z</time>
      </trkpt>
      <trkpt lat="51.701990" lon="10.489852">
        <ele>513.186429</ele>
        <time>2026-03-10T00:37:42.256Z</time>
      </trkpt>
      <trkpt lat="51.701723" lon="10.490412">
        <ele>511.809795</ele>
        <time>2026-03-10T00:37:49.667Z</time>
      </trkpt>
      <trkpt lat="51.701682" lon="10.490544">
        <ele>512.058481</ele>
        <time>2026-03-10T00:37:51.447Z</time>
      </trkpt>
      <trkpt lat="51.701673" lon="10.490685">
        <ele>512.297222</ele>
        <time>2026-03-10T00:37:53.112Z</time>
      </trkpt>
      <trkpt lat="51.701537" lon="10.490777">
        <ele>512.697994</ele>
        <time>2026-03-10T00:37:56.451Z</time>
      </trkpt>
      <trkpt lat="51.701599" lon="10.491135">
        <ele>513.324072</ele>
        <time>2026-03-10T00:38:03.245Z</time>
      </trkpt>
      <trkpt lat="51.701533" lon="10.491181">
        <ele>513.519456</ele>
        <time>2026-03-10T00:38:05.154Z</time>
      </trkpt>
      <trkpt lat="51.701440" lon="10.491203">
        <ele>513.774901</ele>
        <time>2026-03-10T00:38:08.625Z</time>
      </trkpt>
      <trkpt lat="51.701076" lon="10.490758">
        <ele>515.016012</ele>
        <time>2026-03-10T00:38:25.081Z</time>
      </trkpt>
      <trkpt lat="51.700677" lon="10.490241">
        <ele>516.406732</ele>
        <time>2026-03-10T00:38:47.826Z</time>
      </trkpt>
      <trkpt lat="51.699985" lon="10.489468">
        <ele>523.531354</ele>
        <time>2026-03-10T00:39:45.264Z</time>
      </trkpt>
      <trkpt lat="51.699874" lon="10.489206">
        <ele>525.256086</ele>
        <time>2026-03-10T00:40:00.794Z</time>
      </trkpt>
      <trkpt lat="51.699794" lon="10.488869">
        <ele>527.217287</ele>
        <time>2026-03-10T00:40:18.173Z</time>
      </trkpt>
      <trkpt lat="51.699746" lon="10.487791">
        <ele>532.776615</ele>
        <time>2026-03-10T00:41:03.906Z</time>
      </trkpt>
      <trkpt lat="51.699535" lon="10.486767">
        <ele>536.331335</ele>
        <time>2026-03-10T00:41:36.144Z</time>
      </trkpt>
      <trkpt lat="51.699479" lon="10.486315">
        <ele>537.849742</ele>
        <time>2026-03-10T00:41:47.985Z</time>
      </trkpt>
      <trkpt lat="51.699420" lon="10.486041">
        <ele>538.805257</ele>
        <time>2026-03-10T00:41:55.580Z</time>
      </trkpt>
      <trkpt lat="51.699369" lon="10.485911">
        <ele>539.312074</ele>
        <time>2026-03-10T00:41:59.616Z</time>
      </trkpt>
      <trkpt lat="51.699292" lon="10.485840">
        <ele>539.783443</ele>
        <time>2026-03-10T00:42:03.483Z</time>
      </trkpt>
      <trkpt lat="51.699159" lon="10.485831">
        <ele>540.490954</ele>
        <time>2026-03-10T00:42:09.274Z</time>
      </trkpt>
      <trkpt lat="51.698912" lon="10.485942">
        <ele>541.853719</ele>
        <time>2026-03-10T00:42:20.254Z</time>
      </trkpt>
      <trkpt lat="51.698722" lon="10.485987">
        <ele>542.873043</ele>
        <time>2026-03-10T00:42:28.049Z</time>
      </trkpt>
      <trkpt lat="51.698448" lon="10.485962">
        <ele>544.329754</ele>
        <time>2026-03-10T00:42:39.525Z</time>
      </trkpt>
      <trkpt lat="51.698255" lon="10.485828">
        <ele>545.445022</ele>
        <time>2026-03-10T00:42:48.623Z</time>
      </trkpt>
      <trkpt lat="51.698073" lon="10.485638">
        <ele>546.595668</ele>
        <time>2026-03-10T00:42:58.434Z</time>
      </trkpt>
      <trkpt lat="51.697675" lon="10.484974">
        <ele>549.634595</ele>
        <time>2026-03-10T00:43:28.411Z</time>
      </trkpt>
      <trkpt lat="51.697534" lon="10.484810">
        <ele>550.557231</ele>
        <time>2026-03-10T00:43:37.840Z</time>
      </trkpt>
      <trkpt lat="51.697249" lon="10.484708">
        <ele>552.279444</ele>
        <time>2026-03-10T00:43:53.258Z</time>
      </trkpt>
      <trkpt lat="51.696379" lon="10.484713">
        <ele>558.025355</ele>
        <time>2026-03-10T00:44:40.169Z</time>
      </trkpt>
      <trkpt lat="51.696250" lon="10.484682">
        <ele>558.886728</ele>
        <time>2026-03-10T00:44:47.580Z</time>
      </trkpt>
      <trkpt lat="51.695214" lon="10.484458">
        <ele>566.270290</ele>
        <time>2026-03-10T00:45:44.483Z</time>
      </trkpt>
      <trkpt lat="51.694409" lon="10.483347">
        <ele>574.604698</ele>
        <time>2026-03-10T00:46:48.937Z</time>
      </trkpt>
      <trkpt lat="51.694124" lon="10.483042">
        <ele>577.295357</ele>
        <time>2026-03-10T00:47:12.920Z</time>
      </trkpt>
      <trkpt lat="51.693942" lon="10.482920">
        <ele>578.511919</ele>
        <time>2026-03-10T00:47:26.963Z</time>
      </trkpt>
      <trkpt lat="51.693543" lon="10.482732">
        <ele>581.011090</ele>
        <time>2026-03-10T00:47:58.555Z</time>
      </trkpt>
      <trkpt lat="51.693116" lon="10.482511">
        <ele>583.707271</ele>
        <time>2026-03-10T00:48:19.989Z</time>
      </trkpt>
      <trkpt lat="51.692809" lon="10.482203">
        <ele>585.880901</ele>
        <time>2026-03-10T00:48:35.109Z</time>
      </trkpt>
      <trkpt lat="51.692358" lon="10.481778">
        <ele>589.057367</ele>
        <time>2026-03-10T00:48:54.841Z</time>
      </trkpt>
      <trkpt lat="51.692230" lon="10.481709">
        <ele>589.906487</ele>
        <time>2026-03-10T00:49:00.215Z</time>
      </trkpt>
      <trkpt lat="51.691359" lon="10.481380">
        <ele>595.534849</ele>
        <time>2026-03-10T00:49:42.465Z</time>
      </trkpt>
      <trkpt lat="51.690429" lon="10.481091">
        <ele>600.163628</ele>
        <time>2026-03-10T00:50:49.773Z</time>
      </trkpt>
      <trkpt lat="51.690168" lon="10.480911">
        <ele>600.720967</ele>
        <time>2026-03-10T00:51:04.343Z</time>
      </trkpt>
      <trkpt lat="51.690080" lon="10.480803">
        <ele>600.938075</ele>
        <time>2026-03-10T00:51:08.768Z</time>
      </trkpt>
      <trkpt lat="51.690019" lon="10.480405">
        <ele>601.437105</ele>
        <time>2026-03-10T00:51:16.347Z</time>
      </trkpt>
      <trkpt lat="51.690040" lon="10.480154">
        <ele>601.745390</ele>
        <time>2026-03-10T00:51:19.569Z</time>
      </trkpt>
      <trkpt lat="51.690112" lon="10.479799">
        <ele>602.200032</ele>
        <time>2026-03-10T00:51:23.583Z</time>
      </trkpt>
      <trkpt lat="51.690359" lon="10.478961">
        <ele>603.318921</ele>
        <time>2026-03-10T00:51:32.486Z</time>
      </trkpt>
      <trkpt lat="51.690459" lon="10.477934">
        <ele>604.528163</ele>
        <time>2026-03-10T00:51:43.359Z</time>
      </trkpt>
      <trkpt lat="51.690451" lon="10.477577">
        <ele>604.943693</ele>
        <time>2026-03-10T00:51:49.635Z</time>
      </trkpt>
      <trkpt lat="51.690385" lon="10.477498">
        <ele>605.097903</ele>
        <time>2026-03-10T00:51:52.476Z</time>
      </trkpt>
      <trkpt lat="51.690308" lon="10.477468">
        <ele>605.246539</ele>
        <time>2026-03-10T00:51:55.722Z</time>
      </trkpt>
      <trkpt lat="51.689895" lon="10.477661">
        <ele>606.053348</ele>
        <time>2026-03-10T00:52:17.980Z</time>
      </trkpt>
      <trkpt lat="51.689763" lon="10.477681">
        <ele>606.302120</ele>
        <time>2026-03-10T00:52:26.095Z</time>
      </trkpt>
      <trkpt lat="51.689586" lon="10.477597">
        <ele>606.917124</ele>
        <time>2026-03-10T00:52:38.276Z</time>
      </trkpt>
      <trkpt lat="51.689357" lon="10.477264">
        <ele>608.352213</ele>
        <time>2026-03-10T00:52:59.667Z</time>
      </trkpt>
      <trkpt lat="51.689170" lon="10.476694">
        <ele>610.213095</ele>
        <time>2026-03-10T00:53:24.703Z</time>
      </trkpt>
      <trkpt lat="51.688916" lon="10.476423">
        <ele>611.630595</ele>
        <time>2026-03-10T00:53:39.117Z</time>
      </trkpt>
      <trkpt lat="51.688825" lon="10.476258">
        <ele>612.267859</ele>
        <time>2026-03-10T00:53:44.395Z</time>
      </trkpt>
      <trkpt lat="51.688673" lon="10.475593">
        <ele>614.313047</ele>
        <time>2026-03-10T00:53:57.252Z</time>
      </trkpt>
      <trkpt lat="51.688644" lon="10.474735">
        <ele>612.964528</ele>
        <time>2026-03-10T00:54:06.954Z</time>
      </trkpt>
      <trkpt lat="51.688573" lon="10.474409">
        <ele>612.007974</ele>
        <time>2026-03-10T00:54:10.357Z</time>
      </trkpt>
      <trkpt lat="51.688460" lon="10.474164">
        <ele>611.162606</ele>
        <time>2026-03-10T00:54:13.216Z</time>
      </trkpt>
      <trkpt lat="51.688440" lon="10.474070">
        <ele>610.887481</ele>
        <time>2026-03-10T00:54:14.106Z</time>
      </trkpt>
      <trkpt lat="51.688451" lon="10.473955">
        <ele>610.565352</ele>
        <time>2026-03-10T00:54:15.155Z</time>
      </trkpt>
      <trkpt lat="51.688555" lon="10.473693">
        <ele>609.704099</ele>
        <time>2026-03-10T00:54:17.897Z</time>
      </trkpt>
      <trkpt lat="51.688580" lon="10.473574">
        <ele>609.356263</ele>
        <time>2026-03-10T00:54:19.000Z</time>
      </trkpt>
      <trkpt lat="51.688580" lon="10.473414">
        <ele>608.913327</ele>
        <time>2026-03-10T00:54:20.406Z</time>
      </trkpt>
      <trkpt lat="51.688330" lon="10.472891">
        <ele>607.085052</ele>
        <time>2026-03-10T00:54:26.249Z</time>
      </trkpt>
      <trkpt lat="51.688302" lon="10.472740">
        <ele>606.772246</ele>
        <time>2026-03-10T00:54:27.666Z</time>
      </trkpt>
      <trkpt lat="51.688334" lon="10.472269">
        <ele>606.484673</ele>
        <time>2026-03-10T00:54:32.041Z</time>
      </trkpt>
      <trkpt lat="51.688412" lon="10.472176">
        <ele>606.389715</ele>
        <time>2026-03-10T00:54:33.539Z</time>
      </trkpt>
      <trkpt lat="51.688740" lon="10.471964">
        <ele>606.043782</ele>
        <time>2026-03-10T00:54:39.344Z</time>
      </trkpt>
      <trkpt lat="51.688871" lon="10.471767">
        <ele>605.868445</ele>
        <time>2026-03-10T00:54:42.748Z</time>
      </trkpt>
      <trkpt lat="51.688937" lon="10.471502">
        <ele>605.695118</ele>
        <time>2026-03-10T00:54:46.921Z</time>
      </trkpt>
      <trkpt lat="51.688968" lon="10.471252">
        <ele>605.540384</ele>
        <time>2026-03-10T00:54:51.730Z</time>
      </trkpt>
      <trkpt lat="51.688990" lon="10.470927">
        <ele>605.341964</ele>
        <time>2026-03-10T00:54:59.246Z</time>
      </trkpt>
      <trkpt lat="51.688964" lon="10.470637">
        <ele>605.164128</ele>
        <time>2026-03-10T00:55:06.769Z</time>
      </trkpt>
      <trkpt lat="51.688667" lon="10.469675">
        <ele>605.731280</ele>
        <time>2026-03-10T00:55:34.600Z</time>
      </trkpt>
      <trkpt lat="51.688587" lon="10.469247">
        <ele>606.079319</ele>
        <time>2026-03-10T00:55:44.604Z</time>
      </trkpt>
      <trkpt lat="51.688427" lon="10.467980">
        <ele>607.086011</ele>
        <time>2026-03-10T00:56:02.638Z</time>
      </trkpt>
      <trkpt lat="51.688387" lon="10.467794">
        <ele>607.239289</ele>
        <time>2026-03-10T00:56:04.732Z</time>
      </trkpt>
      <trkpt lat="51.687435" lon="10.465527">
        <ele>605.414399</ele>
        <time>2026-03-10T00:56:33.647Z</time>
      </trkpt>
      <trkpt lat="51.687125" lon="10.465036">
        <ele>607.131427</ele>
        <time>2026-03-10T00:56:48.539Z</time>
      </trkpt>
      <trkpt lat="51.687094" lon="10.464972">
        <ele>607.470600</ele>
        <time>2026-03-10T00:56:51.296Z</time>
      </trkpt>
      <trkpt lat="51.687095" lon="10.464819">
        <ele>608.109576</ele>
        <time>2026-03-10T00:56:55.705Z</time>
      </trkpt>
      <trkpt lat="51.687125" lon="10.464672">
        <ele>608.755867</ele>
        <time>2026-03-10T00:57:00.580Z</time>
      </trkpt>
      <trkpt lat="51.687219" lon="10.464267">
        <ele>610.561820</ele>
        <time>2026-03-10T00:57:16.184Z</time>
      </trkpt>
      <trkpt lat="51.687456" lon="10.463456">
        <ele>614.306016</ele>
        <time>2026-03-10T00:57:54.674Z</time>
      </trkpt>
      <trkpt lat="51.687611" lon="10.462649">
        <ele>617.735999</ele>
        <time>2026-03-10T00:58:31.274Z</time>
      </trkpt>
      <trkpt lat="51.687767" lon="10.462527">
        <ele>618.665174</ele>
        <time>2026-03-10T00:58:42.942Z</time>
      </trkpt>
      <trkpt lat="51.688160" lon="10.462419">
        <ele>620.801828</ele>
        <time>2026-03-10T00:59:06.273Z</time>
      </trkpt>
      <trkpt lat="51.688755" lon="10.462180">
        <ele>624.088149</ele>
        <time>2026-03-10T00:59:34.088Z</time>
      </trkpt>
      <trkpt lat="51.688883" lon="10.462028">
        <ele>624.940019</ele>
        <time>2026-03-10T00:59:39.514Z</time>
      </trkpt>
      <trkpt lat="51.688963" lon="10.461880">
        <ele>625.592434</ele>
        <time>2026-03-10T00:59:43.342Z</time>
      </trkpt>
      <trkpt lat="51.689005" lon="10.461626">
        <ele>626.465867</ele>
        <time>2026-03-10T00:59:47.832Z</time>
      </trkpt>
      <trkpt lat="51.688996" lon="10.461339">
        <ele>627.307872</ele>
        <time>2026-03-10T00:59:52.868Z</time>
      </trkpt>
      <trkpt lat="51.688943" lon="10.461172">
        <ele>627.766478</ele>
        <time>2026-03-10T00:59:57.053Z</time>
      </trkpt>
      <trkpt lat="51.688848" lon="10.461030">
        <ele>628.277169</ele>
        <time>2026-03-10T01:00:01.712Z</time>
      </trkpt>
      <trkpt lat="51.688215" lon="10.460440">
        <ele>631.159863</ele>
        <time>2026-03-10T01:00:28.772Z</time>
      </trkpt>
      <trkpt lat="51.688007" lon="10.460461">
        <ele>631.981631</ele>
        <time>2026-03-10T01:00:37.452Z</time>
      </trkpt>
      <trkpt lat="51.687897" lon="10.460432">
        <ele>632.421125</ele>
        <time>2026-03-10T01:00:41.765Z</time>
      </trkpt>
      <trkpt lat="51.687053" lon="10.459757">
        <ele>638.927215</ele>
        <time>2026-03-10T01:01:31.614Z</time>
      </trkpt>
      <trkpt lat="51.686928" lon="10.459523">
        <ele>640.710715</ele>
        <time>2026-03-10T01:01:43.090Z</time>
      </trkpt>
      <trkpt lat="51.686625" lon="10.458866">
        <ele>645.438791</ele>
        <time>2026-03-10T01:02:17.597Z</time>
      </trkpt>
      <trkpt lat="51.686481" lon="10.458402">
        <ele>648.434893</ele>
        <time>2026-03-10T01:02:43.414Z</time>
      </trkpt>
      <trkpt lat="51.686444" lon="10.458101">
        <ele>650.206724</ele>
        <time>2026-03-10T01:03:01.978Z</time>
      </trkpt>
      <trkpt lat="51.686423" lon="10.457935">
        <ele>651.272426</ele>
        <time>2026-03-10T01:03:12.507Z</time>
      </trkpt>
      <trkpt lat="51.686366" lon="10.457017">
        <ele>657.941817</ele>
        <time>2026-03-10T01:04:10.664Z</time>
      </trkpt>
      <trkpt lat="51.686370" lon="10.456647">
        <ele>660.616943</ele>
        <time>2026-03-10T01:04:33.390Z</time>
      </trkpt>
      <trkpt lat="51.686308" lon="10.455734">
        <ele>667.256473</ele>
        <time>2026-03-10T01:05:28.108Z</time>
      </trkpt>
      <trkpt lat="51.686256" lon="10.453455">
        <ele>675.383402</ele>
        <time>2026-03-10T01:07:07.384Z</time>
      </trkpt>
      <trkpt lat="51.686128" lon="10.450447">
        <ele>675.458015</ele>
        <time>2026-03-10T01:07:57.479Z</time>
      </trkpt>
      <trkpt lat="51.686122" lon="10.450230">
        <ele>675.133936</ele>
        <time>2026-03-10T01:08:00.816Z</time>
      </trkpt>
      <trkpt lat="51.686060" lon="10.448970">
        <ele>673.718507</ele>
        <time>2026-03-10T01:08:21.540Z</time>
      </trkpt>
      <trkpt lat="51.685878" lon="10.448154">
        <ele>673.608892</ele>
        <time>2026-03-10T01:08:38.542Z</time>
      </trkpt>
      <trkpt lat="51.685530" lon="10.447109">
        <ele>673.458953</ele>
        <time>2026-03-10T01:09:06.171Z</time>
      </trkpt>
      <trkpt lat="51.685364" lon="10.446621">
        <ele>673.336707</ele>
        <time>2026-03-10T01:09:18.484Z</time>
      </trkpt>
      <trkpt lat="51.684994" lon="10.444829">
        <ele>671.260168</ele>
        <time>2026-03-10T01:09:51.558Z</time>
      </trkpt>
      <trkpt lat="51.684725" lon="10.442883">
        <ele>667.444001</ele>
        <time>2026-03-10T01:10:23.431Z</time>
      </trkpt>
      <trkpt lat="51.684136" lon="10.440818">
        <ele>660.082124</ele>
        <time>2026-03-10T01:10:57.923Z</time>
      </trkpt>
      <trkpt lat="51.683926" lon="10.439931">
        <ele>654.524776</ele>
        <time>2026-03-10T01:11:10.860Z</time>
      </trkpt>
      <trkpt lat="51.683774" lon="10.439129">
        <ele>649.616142</ele>
        <time>2026-03-10T01:11:21.810Z</time>
      </trkpt>
      <trkpt lat="51.683663" lon="10.438393">
        <ele>645.190361</ele>
        <time>2026-03-10T01:11:31.558Z</time>
      </trkpt>
      <trkpt lat="51.683614" lon="10.437880">
        <ele>642.230775</ele>
        <time>2026-03-10T01:11:38.266Z</time>
      </trkpt>
      <trkpt lat="51.683408" lon="10.437242">
        <ele>638.129205</ele>
        <time>2026-03-10T01:11:47.707Z</time>
      </trkpt>
      <trkpt lat="51.683206" lon="10.436043">
        <ele>631.044669</ele>
        <time>2026-03-10T01:12:04.739Z</time>
      </trkpt>
      <trkpt lat="51.683102" lon="10.435636">
        <ele>628.701906</ele>
        <time>2026-03-10T01:12:11.058Z</time>
      </trkpt>
      <trkpt lat="51.682524" lon="10.434372">
        <ele>623.431422</ele>
        <time>2026-03-10T01:12:34.776Z</time>
      </trkpt>
      <trkpt lat="51.682315" lon="10.434039">
        <ele>621.841358</ele>
        <time>2026-03-10T01:12:42.081Z</time>
      </trkpt>
      <trkpt lat="51.681539" lon="10.433276">
        <ele>615.636530</ele>
        <time>2026-03-10T01:13:03.394Z</time>
      </trkpt>
      <trkpt lat="51.680444" lon="10.432910">
        <ele>606.176348</ele>
        <time>2026-03-10T01:13:28.020Z</time>
      </trkpt>
      <trkpt lat="51.680212" lon="10.432921">
        <ele>604.212856</ele>
        <time>2026-03-10T01:13:32.932Z</time>
      </trkpt>
      <trkpt lat="51.679896" lon="10.433127">
        <ele>599.714915</ele>
        <time>2026-03-10T01:13:40.066Z</time>
      </trkpt>
      <trkpt lat="51.679741" lon="10.433154">
        <ele>597.595789</ele>
        <time>2026-03-10T01:13:43.280Z</time>
      </trkpt>
      <trkpt lat="51.679271" lon="10.432976">
        <ele>591.033422</ele>
        <time>2026-03-10T01:13:53.184Z</time>
      </trkpt>
      <trkpt lat="51.678895" lon="10.432921">
        <ele>585.901579</ele>
        <time>2026-03-10T01:14:00.806Z</time>
      </trkpt>
      <trkpt lat="51.678682" lon="10.432794">
        <ele>582.814792</ele>
        <time>2026-03-10T01:14:05.374Z</time>
      </trkpt>
      <trkpt lat="51.678053" lon="10.432261">
        <ele>573.790886</ele>
        <time>2026-03-10T01:14:19.681Z</time>
      </trkpt>
      <trkpt lat="51.677840" lon="10.432161">
        <ele>571.074993</ele>
        <time>2026-03-10T01:14:24.263Z</time>
      </trkpt>
      <trkpt lat="51.677700" lon="10.431998">
        <ele>568.961055</ele>
        <time>2026-03-10T01:14:27.843Z</time>
      </trkpt>
      <trkpt lat="51.677589" lon="10.431723">
        <ele>566.470108</ele>
        <time>2026-03-10T01:14:32.147Z</time>
      </trkpt>
      <trkpt lat="51.677145" lon="10.431229">
        <ele>559.866327</ele>
        <time>2026-03-10T01:14:39.435Z</time>
      </trkpt>
      <trkpt lat="51.677022" lon="10.431050">
        <ele>557.838020</ele>
        <time>2026-03-10T01:14:41.676Z</time>
      </trkpt>
      <trkpt lat="51.676920" lon="10.430885">
        <ele>556.720470</ele>
        <time>2026-03-10T01:14:43.640Z</time>
      </trkpt>
      <trkpt lat="51.676634" lon="10.430628">
        <ele>554.508740</ele>
        <time>2026-03-10T01:14:48.060Z</time>
      </trkpt>
      <trkpt lat="51.676441" lon="10.430399">
        <ele>552.890076</ele>
        <time>2026-03-10T01:14:51.335Z</time>
      </trkpt>
      <trkpt lat="51.676301" lon="10.430146">
        <ele>551.469631</ele>
        <time>2026-03-10T01:14:54.317Z</time>
      </trkpt>
      <trkpt lat="51.676146" lon="10.429931">
        <ele>550.088497</ele>
        <time>2026-03-10T01:14:57.291Z</time>
      </trkpt>
      <trkpt lat="51.676005" lon="10.429813">
        <ele>549.015368</ele>
        <time>2026-03-10T01:14:59.643Z</time>
      </trkpt>
      <trkpt lat="51.675819" lon="10.429810">
        <ele>547.758808</ele>
        <time>2026-03-10T01:15:02.487Z</time>
      </trkpt>
      <trkpt lat="51.675680" lon="10.429890">
        <ele>546.761802</ele>
        <time>2026-03-10T01:15:04.817Z</time>
      </trkpt>
      <trkpt lat="51.675545" lon="10.430115">
        <ele>545.450282</ele>
        <time>2026-03-10T01:15:07.976Z</time>
      </trkpt>
      <trkpt lat="51.675446" lon="10.430308">
        <ele>545.413587</ele>
        <time>2026-03-10T01:15:10.629Z</time>
      </trkpt>
      <trkpt lat="51.675342" lon="10.430425">
        <ele>545.450598</ele>
        <time>2026-03-10T01:15:12.887Z</time>
      </trkpt>
      <trkpt lat="51.675207" lon="10.430473">
        <ele>545.490947</ele>
        <time>2026-03-10T01:15:15.447Z</time>
      </trkpt>
      <trkpt lat="51.674944" lon="10.430491">
        <ele>545.567778</ele>
        <time>2026-03-10T01:15:20.794Z</time>
      </trkpt>
      <trkpt lat="51.674749" lon="10.430587">
        <ele>545.627286</ele>
        <time>2026-03-10T01:15:25.698Z</time>
      </trkpt>
      <trkpt lat="51.674496" lon="10.430798">
        <ele>545.710421</ele>
        <time>2026-03-10T01:15:33.649Z</time>
      </trkpt>
      <trkpt lat="51.674323" lon="10.430890">
        <ele>545.763589</ele>
        <time>2026-03-10T01:15:38.713Z</time>
      </trkpt>
      <trkpt lat="51.674217" lon="10.430856">
        <ele>545.795134</ele>
        <time>2026-03-10T01:15:41.624Z</time>
      </trkpt>
      <trkpt lat="51.674062" lon="10.430703">
        <ele>545.848176</ele>
        <time>2026-03-10T01:15:46.942Z</time>
      </trkpt>
      <trkpt lat="51.673864" lon="10.430376">
        <ele>546.875052</ele>
        <time>2026-03-10T01:15:56.334Z</time>
      </trkpt>
      <trkpt lat="51.673765" lon="10.430127">
        <ele>548.403284</ele>
        <time>2026-03-10T01:16:03.305Z</time>
      </trkpt>
      <trkpt lat="51.673654" lon="10.429837">
        <ele>550.164072</ele>
        <time>2026-03-10T01:16:12.586Z</time>
      </trkpt>
      <trkpt lat="51.673549" lon="10.429656">
        <ele>551.444655</ele>
        <time>2026-03-10T01:16:20.238Z</time>
      </trkpt>
      <trkpt lat="51.673364" lon="10.429438">
        <ele>553.353703</ele>
        <time>2026-03-10T01:16:33.320Z</time>
      </trkpt>
      <trkpt lat="51.672628" lon="10.428802">
        <ele>560.310792</ele>
        <time>2026-03-10T01:17:39.790Z</time>
      </trkpt>
      <trkpt lat="51.672232" lon="10.428513">
        <ele>567.024130</ele>
        <time>2026-03-10T01:18:20.211Z</time>
      </trkpt>
      <trkpt lat="51.672172" lon="10.428382">
        <ele>568.718577</ele>
        <time>2026-03-10T01:18:29.774Z</time>
      </trkpt>
      <trkpt lat="51.672111" lon="10.427796">
        <ele>574.901033</ele>
        <time>2026-03-10T01:19:04.830Z</time>
      </trkpt>
      <trkpt lat="51.672053" lon="10.427641">
        <ele>576.784598</ele>
        <time>2026-03-10T01:19:16.624Z</time>
      </trkpt>
      <trkpt lat="51.671974" lon="10.427501">
        <ele>578.754015</ele>
        <time>2026-03-10T01:19:29.570Z</time>
      </trkpt>
      <trkpt lat="51.671576" lon="10.427032">
        <ele>587.024500</ele>
        <time>2026-03-10T01:20:28.999Z</time>
      </trkpt>
      <trkpt lat="51.671370" lon="10.426978">
        <ele>590.526027</ele>
        <time>2026-03-10T01:20:55.373Z</time>
      </trkpt>
      <trkpt lat="51.671197" lon="10.426989">
        <ele>593.723502</ele>
        <time>2026-03-10T01:21:17.623Z</time>
      </trkpt>
      <trkpt lat="51.671185" lon="10.426990">
        <ele>593.949980</ele>
        <time>2026-03-10T01:21:19.089Z</time>
      </trkpt>
      <trkpt lat="51.671081" lon="10.427025">
        <ele>595.952413</ele>
        <time>2026-03-10T01:21:32.837Z</time>
      </trkpt>
      <trkpt lat="51.670971" lon="10.427062">
        <ele>598.070325</ele>
        <time>2026-03-10T01:21:47.272Z</time>
      </trkpt>
      <trkpt lat="51.670487" lon="10.427342">
        <ele>607.762137</ele>
        <time>2026-03-10T01:22:52.208Z</time>
      </trkpt>
      <trkpt lat="51.670212" lon="10.427565">
        <ele>613.563905</ele>
        <time>2026-03-10T01:23:30.659Z</time>
      </trkpt>
      <trkpt lat="51.669764" lon="10.428057">
        <ele>623.780338</ele>
        <time>2026-03-10T01:24:30.898Z</time>
      </trkpt>
      <trkpt lat="51.669533" lon="10.428178">
        <ele>626.873951</ele>
        <time>2026-03-10T01:24:53.988Z</time>
      </trkpt>
      <trkpt lat="51.669401" lon="10.428287">
        <ele>628.448368</ele>
        <time>2026-03-10T01:25:06.803Z</time>
      </trkpt>
      <trkpt lat="51.669170" lon="10.428667">
        <ele>631.951771</ele>
        <time>2026-03-10T01:25:33.313Z</time>
      </trkpt>
      <trkpt lat="51.669014" lon="10.428868">
        <ele>634.071720</ele>
        <time>2026-03-10T01:25:48.632Z</time>
      </trkpt>
      <trkpt lat="51.668898" lon="10.429126">
        <ele>636.169860</ele>
        <time>2026-03-10T01:26:02.968Z</time>
      </trkpt>
      <trkpt lat="51.668760" lon="10.429695">
        <ele>640.192541</ele>
        <time>2026-03-10T01:26:27.792Z</time>
      </trkpt>
      <trkpt lat="51.668719" lon="10.430294">
        <ele>644.089893</ele>
        <time>2026-03-10T01:26:50.762Z</time>
      </trkpt>
      <trkpt lat="51.668605" lon="10.430574">
        <ele>644.826931</ele>
        <time>2026-03-10T01:27:01.305Z</time>
      </trkpt>
      <trkpt lat="51.668148" lon="10.431417">
        <ele>647.290705</ele>
        <time>2026-03-10T01:27:30.509Z</time>
      </trkpt>
      <trkpt lat="51.668015" lon="10.431560">
        <ele>647.857886</ele>
        <time>2026-03-10T01:27:36.317Z</time>
      </trkpt>
      <trkpt lat="51.667917" lon="10.431644">
        <ele>648.251669</ele>
        <time>2026-03-10T01:27:39.599Z</time>
      </trkpt>
      <trkpt lat="51.667820" lon="10.431649">
        <ele>648.596001</ele>
        <time>2026-03-10T01:27:42.936Z</time>
      </trkpt>
      <trkpt lat="51.667649" lon="10.431583">
        <ele>649.219849</ele>
        <time>2026-03-10T01:27:48.181Z</time>
      </trkpt>
      <trkpt lat="51.667334" lon="10.431334">
        <ele>650.452616</ele>
        <time>2026-03-10T01:27:57.955Z</time>
      </trkpt>
      <trkpt lat="51.667334" lon="10.431334">
        <ele>650.452616</ele>
        <time>2026-03-10T01:27:58.001Z</time>
      </trkpt>
      <trkpt lat="51.667334" lon="10.431334">
        <ele>650.452616</ele>
        <time>2026-03-10T01:27:58.001Z</time>
      </trkpt>
      <trkpt lat="51.667173" lon="10.431206">
        <ele>650.822593</ele>
        <time>2026-03-10T01:28:05.678Z</time>
      </trkpt>
      <trkpt lat="51.667120" lon="10.431092">
        <ele>651.004716</ele>
        <time>2026-03-10T01:28:09.457Z</time>
      </trkpt>
      <trkpt lat="51.667148" lon="10.431058">
        <ele>651.076962</ele>
        <time>2026-03-10T01:28:10.956Z</time>
      </trkpt>
      <trkpt lat="51.667446" lon="10.431098">
        <ele>651.693277</ele>
        <time>2026-03-10T01:28:23.745Z</time>
      </trkpt>
      <trkpt lat="51.667601" lon="10.431071">
        <ele>652.014597</ele>
        <time>2026-03-10T01:28:30.413Z</time>
      </trkpt>
      <trkpt lat="51.667446" lon="10.431098">
        <ele>652.335918</ele>
        <time>2026-03-10T01:28:37.081Z</time>
      </trkpt>
      <trkpt lat="51.667148" lon="10.431058">
        <ele>652.952233</ele>
        <time>2026-03-10T01:28:49.873Z</time>
      </trkpt>
      <trkpt lat="51.667120" lon="10.431092">
        <ele>653.024478</ele>
        <time>2026-03-10T01:28:51.373Z</time>
      </trkpt>
      <trkpt lat="51.667173" lon="10.431206">
        <ele>653.206602</ele>
        <time>2026-03-10T01:28:55.155Z</time>
      </trkpt>
      <trkpt lat="51.667334" lon="10.431334">
        <ele>653.576579</ele>
        <time>2026-03-10T01:29:02.837Z</time>
      </trkpt>
      <trkpt lat="51.667334" lon="10.431334">
        <ele>653.576579</ele>
        <time>2026-03-10T01:29:02.936Z</time>
      </trkpt>
      <trkpt lat="51.667173" lon="10.431206">
        <ele>653.946555</ele>
        <time>2026-03-10T01:29:10.301Z</time>
      </trkpt>
      <trkpt lat="51.667120" lon="10.431092">
        <ele>654.128679</ele>
        <time>2026-03-10T01:29:14.596Z</time>
      </trkpt>
      <trkpt lat="51.667148" lon="10.431058">
        <ele>654.168219</ele>
        <time>2026-03-10T01:29:16.420Z</time>
      </trkpt>
      <trkpt lat="51.667446" lon="10.431098">
        <ele>654.435709</ele>
        <time>2026-03-10T01:29:28.783Z</time>
      </trkpt>
      <trkpt lat="51.667600" lon="10.431071">
        <ele>654.574278</ele>
        <time>2026-03-10T01:29:35.025Z</time>
      </trkpt>
      <trkpt lat="51.667716" lon="10.430995">
        <ele>654.686283</ele>
        <time>2026-03-10T01:29:39.486Z</time>
      </trkpt>
      <trkpt lat="51.667806" lon="10.430842">
        <ele>654.803274</ele>
        <time>2026-03-10T01:29:44.139Z</time>
      </trkpt>
      <trkpt lat="51.667787" lon="10.430693">
        <ele>654.887668</ele>
        <time>2026-03-10T01:29:46.946Z</time>
      </trkpt>
      <trkpt lat="51.667750" lon="10.430615">
        <ele>654.942149</ele>
        <time>2026-03-10T01:29:49.445Z</time>
      </trkpt>
      <trkpt lat="51.667545" lon="10.430303">
        <ele>655.194320</ele>
        <time>2026-03-10T01:30:00.235Z</time>
      </trkpt>
      <trkpt lat="51.667397" lon="10.430079">
        <ele>655.375901</ele>
        <time>2026-03-10T01:30:05.838Z</time>
      </trkpt>
      <trkpt lat="51.667545" lon="10.430303">
        <ele>655.557483</ele>
        <time>2026-03-10T01:30:09.617Z</time>
      </trkpt>
      <trkpt lat="51.667750" lon="10.430615">
        <ele>654.967360</ele>
        <time>2026-03-10T01:30:14.058Z</time>
      </trkpt>
      <trkpt lat="51.667787" lon="10.430693">
        <ele>654.224942</ele>
        <time>2026-03-10T01:30:14.956Z</time>
      </trkpt>
      <trkpt lat="51.667806" lon="10.430842">
        <ele>653.074879</ele>
        <time>2026-03-10T01:30:16.306Z</time>
      </trkpt>
      <trkpt lat="51.667716" lon="10.430995">
        <ele>651.480622</ele>
        <time>2026-03-10T01:30:18.129Z</time>
      </trkpt>
      <trkpt lat="51.667600" lon="10.431071">
        <ele>649.954312</ele>
        <time>2026-03-10T01:30:19.824Z</time>
      </trkpt>
      <trkpt lat="51.667446" lon="10.431098">
        <ele>648.066006</ele>
        <time>2026-03-10T01:30:21.899Z</time>
      </trkpt>
      <trkpt lat="51.667148" lon="10.431058">
        <ele>644.420857</ele>
        <time>2026-03-10T01:30:25.807Z</time>
      </trkpt>
      <trkpt lat="51.667120" lon="10.431092">
        <ele>643.993569</ele>
        <time>2026-03-10T01:30:26.252Z</time>
      </trkpt>
      <trkpt lat="51.666926" lon="10.431021">
        <ele>641.568575</ele>
        <time>2026-03-10T01:30:30.258Z</time>
      </trkpt>
      <trkpt lat="51.666849" lon="10.430944">
        <ele>640.464074</ele>
        <time>2026-03-10T01:30:32.080Z</time>
      </trkpt>
      <trkpt lat="51.666549" lon="10.430926">
        <ele>636.804582</ele>
        <time>2026-03-10T01:30:38.033Z</time>
      </trkpt>
      <trkpt lat="51.666518" lon="10.430924">
        <ele>636.426393</ele>
        <time>2026-03-10T01:30:38.652Z</time>
      </trkpt>
      <trkpt lat="51.666376" lon="10.431055">
        <ele>634.432100</ele>
        <time>2026-03-10T01:30:41.886Z</time>
      </trkpt>
      <trkpt lat="51.666163" lon="10.431120">
        <ele>632.169670</ele>
        <time>2026-03-10T01:30:46.193Z</time>
      </trkpt>
      <trkpt lat="51.666019" lon="10.431215">
        <ele>630.626926</ele>
        <time>2026-03-10T01:30:49.311Z</time>
      </trkpt>
      <trkpt lat="51.665914" lon="10.431382">
        <ele>629.164464</ele>
        <time>2026-03-10T01:30:52.299Z</time>
      </trkpt>
      <trkpt lat="51.665924" lon="10.431566">
        <ele>628.028519</ele>
        <time>2026-03-10T01:30:54.627Z</time>
      </trkpt>
      <trkpt lat="51.665831" lon="10.431690">
        <ele>626.831892</ele>
        <time>2026-03-10T01:30:57.110Z</time>
      </trkpt>
      <trkpt lat="51.665780" lon="10.431737">
        <ele>626.249419</ele>
        <time>2026-03-10T01:30:58.331Z</time>
      </trkpt>
      <trkpt lat="51.665715" lon="10.431914">
        <ele>624.984365</ele>
        <time>2026-03-10T01:31:01.024Z</time>
      </trkpt>
      <trkpt lat="51.665677" lon="10.432028">
        <ele>624.188423</ele>
        <time>2026-03-10T01:31:02.738Z</time>
      </trkpt>
      <trkpt lat="51.665639" lon="10.432164">
        <ele>623.271060</ele>
        <time>2026-03-10T01:31:04.722Z</time>
      </trkpt>
      <trkpt lat="51.665110" lon="10.433274">
        <ele>615.965965</ele>
        <time>2026-03-10T01:31:25.395Z</time>
      </trkpt>
      <trkpt lat="51.664941" lon="10.433488">
        <ele>615.923658</ele>
        <time>2026-03-10T01:31:32.013Z</time>
      </trkpt>
      <trkpt lat="51.664927" lon="10.433501">
        <ele>615.920478</ele>
        <time>2026-03-10T01:31:32.622Z</time>
      </trkpt>
      <trkpt lat="51.664487" lon="10.433887">
        <ele>615.821861</ele>
        <time>2026-03-10T01:31:53.814Z</time>
      </trkpt>
      <trkpt lat="51.664351" lon="10.434064">
        <ele>615.787451</ele>
        <time>2026-03-10T01:32:01.113Z</time>
      </trkpt>
      <trkpt lat="51.664297" lon="10.434180">
        <ele>615.769740</ele>
        <time>2026-03-10T01:32:04.835Z</time>
      </trkpt>
      <trkpt lat="51.664182" lon="10.434426">
        <ele>615.732124</ele>
        <time>2026-03-10T01:32:12.244Z</time>
      </trkpt>
      <trkpt lat="51.663973" lon="10.434682">
        <ele>615.680450</ele>
        <time>2026-03-10T01:32:21.874Z</time>
      </trkpt>
      <trkpt lat="51.663751" lon="10.435074">
        <ele>615.116177</ele>
        <time>2026-03-10T01:32:32.168Z</time>
      </trkpt>
      <trkpt lat="51.663599" lon="10.435195">
        <ele>614.346843</ele>
        <time>2026-03-10T01:32:36.956Z</time>
      </trkpt>
      <trkpt lat="51.663261" lon="10.435366">
        <ele>612.739139</ele>
        <time>2026-03-10T01:32:46.226Z</time>
      </trkpt>
      <trkpt lat="51.663001" lon="10.435309">
        <ele>611.548318</ele>
        <time>2026-03-10T01:32:52.532Z</time>
      </trkpt>
      <trkpt lat="51.662782" lon="10.435199">
        <ele>610.507307</ele>
        <time>2026-03-10T01:32:57.772Z</time>
      </trkpt>
      <trkpt lat="51.662471" lon="10.435193">
        <ele>609.095792</ele>
        <time>2026-03-10T01:33:04.762Z</time>
      </trkpt>
      <trkpt lat="51.662144" lon="10.435071">
        <ele>607.572543</ele>
        <time>2026-03-10T01:33:12.434Z</time>
      </trkpt>
      <trkpt lat="51.662066" lon="10.435091">
        <ele>607.228487</ele>
        <time>2026-03-10T01:33:14.276Z</time>
      </trkpt>
      <trkpt lat="51.661834" lon="10.435198">
        <ele>606.193616</ele>
        <time>2026-03-10T01:33:19.876Z</time>
      </trkpt>
      <trkpt lat="51.661815" lon="10.435223">
        <ele>606.088437</ele>
        <time>2026-03-10T01:33:20.444Z</time>
      </trkpt>
      <trkpt lat="51.661640" lon="10.435448">
        <ele>605.128477</ele>
        <time>2026-03-10T01:33:25.648Z</time>
      </trkpt>
      <trkpt lat="51.661093" lon="10.435799">
        <ele>602.603608</ele>
        <time>2026-03-10T01:33:39.976Z</time>
      </trkpt>
      <trkpt lat="51.661031" lon="10.435851">
        <ele>602.303882</ele>
        <time>2026-03-10T01:33:41.788Z</time>
      </trkpt>
      <trkpt lat="51.660730" lon="10.435950">
        <ele>600.986420</ele>
        <time>2026-03-10T01:33:49.931Z</time>
      </trkpt>
      <trkpt lat="51.660480" lon="10.436226">
        <ele>599.734253</ele>
        <time>2026-03-10T01:33:58.381Z</time>
      </trkpt>
      <trkpt lat="51.660189" lon="10.436452">
        <ele>599.224223</ele>
        <time>2026-03-10T01:34:07.482Z</time>
      </trkpt>
      <trkpt lat="51.659340" lon="10.436776">
        <ele>597.846603</ele>
        <time>2026-03-10T01:34:32.642Z</time>
      </trkpt>
      <trkpt lat="51.659172" lon="10.436802">
        <ele>597.580113</ele>
        <time>2026-03-10T01:34:37.542Z</time>
      </trkpt>
      <trkpt lat="51.658986" lon="10.436736">
        <ele>597.279388</ele>
        <time>2026-03-10T01:34:43.040Z</time>
      </trkpt>
      <trkpt lat="51.658821" lon="10.436618">
        <ele>596.994366</ele>
        <time>2026-03-10T01:34:48.091Z</time>
      </trkpt>
      <trkpt lat="51.658527" lon="10.436486">
        <ele>596.204625</ele>
        <time>2026-03-10T01:34:56.390Z</time>
      </trkpt>
      <trkpt lat="51.658464" lon="10.436457">
        <ele>596.023362</ele>
        <time>2026-03-10T01:34:58.142Z</time>
      </trkpt>
      <trkpt lat="51.658216" lon="10.436159">
        <ele>595.167593</ele>
        <time>2026-03-10T01:35:06.161Z</time>
      </trkpt>
      <trkpt lat="51.658024" lon="10.435828">
        <ele>594.389848</ele>
        <time>2026-03-10T01:35:13.344Z</time>
      </trkpt>
      <trkpt lat="51.657831" lon="10.435587">
        <ele>593.714426</ele>
        <time>2026-03-10T01:35:19.591Z</time>
      </trkpt>
      <trkpt lat="51.657559" lon="10.435372">
        <ele>592.876304</ele>
        <time>2026-03-10T01:35:27.534Z</time>
      </trkpt>
      <trkpt lat="51.657378" lon="10.435280">
        <ele>592.351242</ele>
        <time>2026-03-10T01:35:32.556Z</time>
      </trkpt>
      <trkpt lat="51.657176" lon="10.435310">
        <ele>591.804680</ele>
        <time>2026-03-10T01:35:37.901Z</time>
      </trkpt>
      <trkpt lat="51.657008" lon="10.435381">
        <ele>591.369458</ele>
        <time>2026-03-10T01:35:42.465Z</time>
      </trkpt>
      <trkpt lat="51.656482" lon="10.435321">
        <ele>590.048050</ele>
        <time>2026-03-10T01:35:56.248Z</time>
      </trkpt>
      <trkpt lat="51.656266" lon="10.435337">
        <ele>589.506202</ele>
        <time>2026-03-10T01:36:01.867Z</time>
      </trkpt>
      <trkpt lat="51.655855" lon="10.435577">
        <ele>588.410771</ele>
        <time>2026-03-10T01:36:13.298Z</time>
      </trkpt>
      <trkpt lat="51.655561" lon="10.435716">
        <ele>587.642994</ele>
        <time>2026-03-10T01:36:21.923Z</time>
      </trkpt>
      <trkpt lat="51.655161" lon="10.435826">
        <ele>586.913197</ele>
        <time>2026-03-10T01:36:33.727Z</time>
      </trkpt>
      <trkpt lat="51.654994" lon="10.435953">
        <ele>586.614006</ele>
        <time>2026-03-10T01:36:39.048Z</time>
      </trkpt>
      <trkpt lat="51.654803" lon="10.436018">
        <ele>586.297710</ele>
        <time>2026-03-10T01:36:44.640Z</time>
      </trkpt>
      <trkpt lat="51.654657" lon="10.436108">
        <ele>586.044439</ele>
        <time>2026-03-10T01:36:49.149Z</time>
      </trkpt>
      <trkpt lat="51.654541" lon="10.436275">
        <ele>585.792432</ele>
        <time>2026-03-10T01:36:53.651Z</time>
      </trkpt>
      <trkpt lat="51.654442" lon="10.436674">
        <ele>585.360458</ele>
        <time>2026-03-10T01:37:01.331Z</time>
      </trkpt>
      <trkpt lat="51.654226" lon="10.437184">
        <ele>584.739720</ele>
        <time>2026-03-10T01:37:12.155Z</time>
      </trkpt>
      <trkpt lat="51.654148" lon="10.437568">
        <ele>584.046258</ele>
        <time>2026-03-10T01:37:19.140Z</time>
      </trkpt>
      <trkpt lat="51.654057" lon="10.437778">
        <ele>583.400453</ele>
        <time>2026-03-10T01:37:23.263Z</time>
      </trkpt>
      <trkpt lat="51.653804" lon="10.438203">
        <ele>581.915477</ele>
        <time>2026-03-10T01:37:32.212Z</time>
      </trkpt>
      <trkpt lat="51.653672" lon="10.438497">
        <ele>581.000512</ele>
        <time>2026-03-10T01:37:37.652Z</time>
      </trkpt>
      <trkpt lat="51.653592" lon="10.438800">
        <ele>580.170291</ele>
        <time>2026-03-10T01:37:42.658Z</time>
      </trkpt>
      <trkpt lat="51.653473" lon="10.439011">
        <ele>579.451368</ele>
        <time>2026-03-10T01:37:47.011Z</time>
      </trkpt>
      <trkpt lat="51.653320" lon="10.439254">
        <ele>578.578489</ele>
        <time>2026-03-10T01:37:52.272Z</time>
      </trkpt>
      <trkpt lat="51.653153" lon="10.439377">
        <ele>577.832349</ele>
        <time>2026-03-10T01:37:56.766Z</time>
      </trkpt>
      <trkpt lat="51.652710" lon="10.439545">
        <ele>575.119878</ele>
        <time>2026-03-10T01:38:07.914Z</time>
      </trkpt>
      <trkpt lat="51.652467" lon="10.439678">
        <ele>573.346363</ele>
        <time>2026-03-10T01:38:14.082Z</time>
      </trkpt>
      <trkpt lat="51.651830" lon="10.440755">
        <ele>566.966384</ele>
        <time>2026-03-10T01:38:34.876Z</time>
      </trkpt>
      <trkpt lat="51.651442" lon="10.441759">
        <ele>561.158355</ele>
        <time>2026-03-10T01:38:50.903Z</time>
      </trkpt>
      <trkpt lat="51.651333" lon="10.441895">
        <ele>559.963029</ele>
        <time>2026-03-10T01:38:53.884Z</time>
      </trkpt>
      <trkpt lat="51.651275" lon="10.441874">
        <ele>559.447544</ele>
        <time>2026-03-10T01:38:55.178Z</time>
      </trkpt>
      <trkpt lat="51.650999" lon="10.441299">
        <ele>555.536181</ele>
        <time>2026-03-10T01:39:04.960Z</time>
      </trkpt>
      <trkpt lat="51.650848" lon="10.441044">
        <ele>553.639645</ele>
        <time>2026-03-10T01:39:09.785Z</time>
      </trkpt>
      <trkpt lat="51.650818" lon="10.440995">
        <ele>553.269268</ele>
        <time>2026-03-10T01:39:10.728Z</time>
      </trkpt>
      <trkpt lat="51.650389" lon="10.440523">
        <ele>548.797282</ele>
        <time>2026-03-10T01:39:22.357Z</time>
      </trkpt>
      <trkpt lat="51.650005" lon="10.440199">
        <ele>545.325580</ele>
        <time>2026-03-10T01:39:32.032Z</time>
      </trkpt>
      <trkpt lat="51.649797" lon="10.440073">
        <ele>543.545775</ele>
        <time>2026-03-10T01:39:36.926Z</time>
      </trkpt>
      <trkpt lat="51.649527" lon="10.439994">
        <ele>541.347812</ele>
        <time>2026-03-10T01:39:42.928Z</time>
      </trkpt>
      <trkpt lat="51.648443" lon="10.439930">
        <ele>533.116958</ele>
        <time>2026-03-10T01:40:07.075Z</time>
      </trkpt>
      <trkpt lat="51.648303" lon="10.439881">
        <ele>532.216885</ele>
        <time>2026-03-10T01:40:10.415Z</time>
      </trkpt>
      <trkpt lat="51.647944" lon="10.439637">
        <ele>529.769047</ele>
        <time>2026-03-10T01:40:19.647Z</time>
      </trkpt>
      <trkpt lat="51.647683" lon="10.439405">
        <ele>527.896397</ele>
        <time>2026-03-10T01:40:26.806Z</time>
      </trkpt>
      <trkpt lat="51.647231" lon="10.439436">
        <ele>525.054069</ele>
        <time>2026-03-10T01:40:37.699Z</time>
      </trkpt>
      <trkpt lat="51.646973" lon="10.439415">
        <ele>523.393273</ele>
        <time>2026-03-10T01:40:43.735Z</time>
      </trkpt>
      <trkpt lat="51.646524" lon="10.439669">
        <ele>518.134145</ele>
        <time>2026-03-10T01:40:54.382Z</time>
      </trkpt>
      <trkpt lat="51.646344" lon="10.439726">
        <ele>516.106768</ele>
        <time>2026-03-10T01:40:58.376Z</time>
      </trkpt>
      <trkpt lat="51.645897" lon="10.439681">
        <ele>511.156954</ele>
        <time>2026-03-10T01:41:07.748Z</time>
      </trkpt>
      <trkpt lat="51.645751" lon="10.439667">
        <ele>509.540528</ele>
        <time>2026-03-10T01:41:10.744Z</time>
      </trkpt>
      <trkpt lat="51.645584" lon="10.439703">
        <ele>507.678427</ele>
        <time>2026-03-10T01:41:14.190Z</time>
      </trkpt>
      <trkpt lat="51.645322" lon="10.439821">
        <ele>504.671883</ele>
        <time>2026-03-10T01:41:19.712Z</time>
      </trkpt>
      <trkpt lat="51.644726" lon="10.440197">
        <ele>497.162598</ele>
        <time>2026-03-10T01:41:32.691Z</time>
      </trkpt>
      <trkpt lat="51.644467" lon="10.440419">
        <ele>493.685226</ele>
        <time>2026-03-10T01:41:38.665Z</time>
      </trkpt>
      <trkpt lat="51.643791" lon="10.441457">
        <ele>482.616938</ele>
        <time>2026-03-10T01:41:58.525Z</time>
      </trkpt>
      <trkpt lat="51.643551" lon="10.441755">
        <ele>480.380808</ele>
        <time>2026-03-10T01:42:05.357Z</time>
      </trkpt>
      <trkpt lat="51.643445" lon="10.442214">
        <ele>478.277608</ele>
        <time>2026-03-10T01:42:09.797Z</time>
      </trkpt>
      <trkpt lat="51.643384" lon="10.442540">
        <ele>476.815371</ele>
        <time>2026-03-10T01:42:12.931Z</time>
      </trkpt>
      <trkpt lat="51.643132" lon="10.443905">
        <ele>470.699576</ele>
        <time>2026-03-10T01:42:33.709Z</time>
      </trkpt>
      <trkpt lat="51.643075" lon="10.444120">
        <ele>469.653691</ele>
        <time>2026-03-10T01:42:36.978Z</time>
      </trkpt>
      <trkpt lat="51.642957" lon="10.444375">
        <ele>467.877205</ele>
        <time>2026-03-10T01:42:41.406Z</time>
      </trkpt>
      <trkpt lat="51.642781" lon="10.444889">
        <ele>464.598601</ele>
        <time>2026-03-10T01:42:49.464Z</time>
      </trkpt>
      <trkpt lat="51.642285" lon="10.446260">
        <ele>455.735565</ele>
        <time>2026-03-10T01:43:10.742Z</time>
      </trkpt>
      <trkpt lat="51.642053" lon="10.447198">
        <ele>449.421301</ele>
        <time>2026-03-10T01:43:24.160Z</time>
      </trkpt>
      <trkpt lat="51.641510" lon="10.447994">
        <ele>441.559545</ele>
        <time>2026-03-10T01:43:39.693Z</time>
      </trkpt>
      <trkpt lat="51.640961" lon="10.448521">
        <ele>434.715668</ele>
        <time>2026-03-10T01:43:53.077Z</time>
      </trkpt>
      <trkpt lat="51.640810" lon="10.448758">
        <ele>433.018738</ele>
        <time>2026-03-10T01:43:57.570Z</time>
      </trkpt>
      <trkpt lat="51.640382" lon="10.449076">
        <ele>429.440004</ele>
        <time>2026-03-10T01:44:07.864Z</time>
      </trkpt>
      <trkpt lat="51.640028" lon="10.449545">
        <ele>425.960092</ele>
        <time>2026-03-10T01:44:18.213Z</time>
      </trkpt>
      <trkpt lat="51.640024" lon="10.449645">
        <ele>425.487879</ele>
        <time>2026-03-10T01:44:19.134Z</time>
      </trkpt>
      <trkpt lat="51.640119" lon="10.450176">
        <ele>422.883723</ele>
        <time>2026-03-10T01:44:27.205Z</time>
      </trkpt>
      <trkpt lat="51.640151" lon="10.450548">
        <ele>421.113974</ele>
        <time>2026-03-10T01:44:32.838Z</time>
      </trkpt>
      <trkpt lat="51.640185" lon="10.451267">
        <ele>417.181438</ele>
        <time>2026-03-10T01:44:43.652Z</time>
      </trkpt>
      <trkpt lat="51.640184" lon="10.451463">
        <ele>416.093820</ele>
        <time>2026-03-10T01:44:46.535Z</time>
      </trkpt>
      <trkpt lat="51.640145" lon="10.451670">
        <ele>414.893437</ele>
        <time>2026-03-10T01:44:49.623Z</time>
      </trkpt>
      <trkpt lat="51.640150" lon="10.451847">
        <ele>413.910267</ele>
        <time>2026-03-10T01:44:52.109Z</time>
      </trkpt>
      <trkpt lat="51.640203" lon="10.452027">
        <ele>412.804752</ele>
        <time>2026-03-10T01:44:54.849Z</time>
      </trkpt>
      <trkpt lat="51.640317" lon="10.452270">
        <ele>411.114463</ele>
        <time>2026-03-10T01:44:58.977Z</time>
      </trkpt>
      <trkpt lat="51.640660" lon="10.453539">
        <ele>402.653174</ele>
        <time>2026-03-10T01:45:16.953Z</time>
      </trkpt>
      <trkpt lat="51.640794" lon="10.453857">
        <ele>399.144956</ele>
        <time>2026-03-10T01:45:21.787Z</time>
      </trkpt>
      <trkpt lat="51.641168" lon="10.455336">
        <ele>384.568595</ele>
        <time>2026-03-10T01:45:41.769Z</time>
      </trkpt>
      <trkpt lat="51.641260" lon="10.455805">
        <ele>380.079331</ele>
        <time>2026-03-10T01:45:47.898Z</time>
      </trkpt>
      <trkpt lat="51.641279" lon="10.456235">
        <ele>376.143617</ele>
        <time>2026-03-10T01:45:53.277Z</time>
      </trkpt>
      <trkpt lat="51.641224" lon="10.456568">
        <ele>372.996690</ele>
        <time>2026-03-10T01:45:57.600Z</time>
      </trkpt>
      <trkpt lat="51.641252" lon="10.456616">
        <ele>372.395084</ele>
        <time>2026-03-10T01:45:58.420Z</time>
      </trkpt>
      <trkpt lat="51.641264" lon="10.456727">
        <ele>371.366130</ele>
        <time>2026-03-10T01:45:59.822Z</time>
      </trkpt>
      <trkpt lat="51.641250" lon="10.457211">
        <ele>366.941284</ele>
        <time>2026-03-10T01:46:05.881Z</time>
      </trkpt>
      <trkpt lat="51.641286" lon="10.457207">
        <ele>366.410261</ele>
        <time>2026-03-10T01:46:06.614Z</time>
      </trkpt>
      <trkpt lat="51.641540" lon="10.456953">
        <ele>362.011210</ele>
        <time>2026-03-10T01:46:12.717Z</time>
      </trkpt>
      <trkpt lat="51.641636" lon="10.456989">
        <ele>360.560752</ele>
        <time>2026-03-10T01:46:14.739Z</time>
      </trkpt>
      <trkpt lat="51.641713" lon="10.456940">
        <ele>359.342484</ele>
        <time>2026-03-10T01:46:16.436Z</time>
      </trkpt>
      <trkpt lat="51.641735" lon="10.456951">
        <ele>359.003511</ele>
        <time>2026-03-10T01:46:16.906Z</time>
      </trkpt>
      <trkpt lat="51.641705" lon="10.457227">
        <ele>356.444645</ele>
        <time>2026-03-10T01:46:20.457Z</time>
      </trkpt>
      <trkpt lat="51.641720" lon="10.457256">
        <ele>356.099881</ele>
        <time>2026-03-10T01:46:20.937Z</time>
      </trkpt>
      <trkpt lat="51.641774" lon="10.457222">
        <ele>355.246726</ele>
        <time>2026-03-10T01:46:22.122Z</time>
      </trkpt>
      <trkpt lat="51.641830" lon="10.457072">
        <ele>353.648117</ele>
        <time>2026-03-10T01:46:24.349Z</time>
      </trkpt>
      <trkpt lat="51.641942" lon="10.457014">
        <ele>351.916939</ele>
        <time>2026-03-10T01:46:26.750Z</time>
      </trkpt>
      <trkpt lat="51.641883" lon="10.457256">
        <ele>349.631682</ele>
        <time>2026-03-10T01:46:28.834Z</time>
      </trkpt>
      <trkpt lat="51.641813" lon="10.457406">
        <ele>347.987802</ele>
        <time>2026-03-10T01:46:30.315Z</time>
      </trkpt>
      <trkpt lat="51.641795" lon="10.457355">
        <ele>347.473901</ele>
        <time>2026-03-10T01:46:30.788Z</time>
      </trkpt>
      <trkpt lat="51.641344" lon="10.457994">
        <ele>338.997643</ele>
        <time>2026-03-10T01:46:37.568Z</time>
      </trkpt>
      <trkpt lat="51.641306" lon="10.458048">
        <ele>338.282531</ele>
        <time>2026-03-10T01:46:38.147Z</time>
      </trkpt>
      <trkpt lat="51.641240" lon="10.458243">
        <ele>336.336993</ele>
        <time>2026-03-10T01:46:39.712Z</time>
      </trkpt>
      <trkpt lat="51.641251" lon="10.458418">
        <ele>334.796307</ele>
        <time>2026-03-10T01:46:40.962Z</time>
      </trkpt>
      <trkpt lat="51.641454" lon="10.458775">
        <ele>330.555143</ele>
        <time>2026-03-10T01:46:44.396Z</time>
      </trkpt>
      <trkpt lat="51.641735" lon="10.459187">
        <ele>325.951339</ele>
        <time>2026-03-10T01:46:48.798Z</time>
      </trkpt>
      <trkpt lat="51.642011" lon="10.459661">
        <ele>324.029911</ele>
        <time>2026-03-10T01:46:53.643Z</time>
      </trkpt>
      <trkpt lat="51.642258" lon="10.459871">
        <ele>322.699597</ele>
        <time>2026-03-10T01:46:57.266Z</time>
      </trkpt>
      <trkpt lat="51.642300" lon="10.459928">
        <ele>322.438028</ele>
        <time>2026-03-10T01:46:58.023Z</time>
      </trkpt>
      <trkpt lat="51.642373" lon="10.460161">
        <ele>321.666455</ele>
        <time>2026-03-10T01:47:00.362Z</time>
      </trkpt>
      <trkpt lat="51.642336" lon="10.460201">
        <ele>321.454215</ele>
        <time>2026-03-10T01:47:01.032Z</time>
      </trkpt>
      <trkpt lat="51.642236" lon="10.460257">
        <ele>320.949918</ele>
        <time>2026-03-10T01:47:02.805Z</time>
      </trkpt>
      <trkpt lat="51.642138" lon="10.460262">
        <ele>320.482859</ele>
        <time>2026-03-10T01:47:04.572Z</time>
      </trkpt>
      <trkpt lat="51.641993" lon="10.460273">
        <ele>319.791383</ele>
        <time>2026-03-10T01:47:07.189Z</time>
      </trkpt>
      <trkpt lat="51.641865" lon="10.460258">
        <ele>319.180042</ele>
        <time>2026-03-10T01:47:09.583Z</time>
      </trkpt>
      <trkpt lat="51.641458" lon="10.460202">
        <ele>317.753546</ele>
        <time>2026-03-10T01:47:18.062Z</time>
      </trkpt>
      <trkpt lat="51.640705" lon="10.460118">
        <ele>317.644431</ele>
        <time>2026-03-10T01:47:33.430Z</time>
      </trkpt>
      <trkpt lat="51.640044" lon="10.460253">
        <ele>317.548111</ele>
        <time>2026-03-10T01:47:45.410Z</time>
      </trkpt>
      <trkpt lat="51.639797" lon="10.460268">
        <ele>317.512379</ele>
        <time>2026-03-10T01:47:49.789Z</time>
      </trkpt>
      <trkpt lat="51.639595" lon="10.460253">
        <ele>317.410949</ele>
        <time>2026-03-10T01:47:53.460Z</time>
      </trkpt>
      <trkpt lat="51.639189" lon="10.460146">
        <ele>317.190288</ele>
        <time>2026-03-10T01:48:01.029Z</time>
      </trkpt>
      <trkpt lat="51.638904" lon="10.460138">
        <ele>317.037399</ele>
        <time>2026-03-10T01:48:06.295Z</time>
      </trkpt>
      <trkpt lat="51.638074" lon="10.460288">
        <ele>316.589419</ele>
        <time>2026-03-10T01:48:21.396Z</time>
      </trkpt>
      <trkpt lat="51.637836" lon="10.460289">
        <ele>316.266980</ele>
        <time>2026-03-10T01:48:25.506Z</time>
      </trkpt>
      <trkpt lat="51.637819" lon="10.460290">
        <ele>316.236515</ele>
        <time>2026-03-10T01:48:25.787Z</time>
      </trkpt>
      <trkpt lat="51.637599" lon="10.460284">
        <ele>315.842468</ele>
        <time>2026-03-10T01:48:29.326Z</time>
      </trkpt>
      <trkpt lat="51.636955" lon="10.460227">
        <ele>314.687411</ele>
        <time>2026-03-10T01:48:38.905Z</time>
      </trkpt>
      <trkpt lat="51.636690" lon="10.460204">
        <ele>314.212144</ele>
        <time>2026-03-10T01:48:42.915Z</time>
      </trkpt>
      <trkpt lat="51.636223" lon="10.460067">
        <ele>313.362060</ele>
        <time>2026-03-10T01:48:50.209Z</time>
      </trkpt>
      <trkpt lat="51.636132" lon="10.460237">
        <ele>313.673107</ele>
        <time>2026-03-10T01:48:52.795Z</time>
      </trkpt>
      <trkpt lat="51.635507" lon="10.460691">
        <ele>315.701369</ele>
        <time>2026-03-10T01:49:06.847Z</time>
      </trkpt>
      <trkpt lat="51.635314" lon="10.460870">
        <ele>316.360193</ele>
        <time>2026-03-10T01:49:14.537Z</time>
      </trkpt>
      <trkpt lat="51.635183" lon="10.460934">
        <ele>316.765176</ele>
        <time>2026-03-10T01:49:20.726Z</time>
      </trkpt>
      <trkpt lat="51.634846" lon="10.461054">
        <ele>317.786232</ele>
        <time>2026-03-10T01:49:38.333Z</time>
      </trkpt>
      <trkpt lat="51.634653" lon="10.461179">
        <ele>318.401619</ele>
        <time>2026-03-10T01:49:50.170Z</time>
      </trkpt>
      <trkpt lat="51.634515" lon="10.461362">
        <ele>319.563909</ele>
        <time>2026-03-10T01:50:01.244Z</time>
      </trkpt>
      <trkpt lat="51.634415" lon="10.461597">
        <ele>321.248943</ele>
        <time>2026-03-10T01:50:13.065Z</time>
      </trkpt>
      <trkpt lat="51.634303" lon="10.462112">
        <ele>324.476173</ele>
        <time>2026-03-10T01:50:37.174Z</time>
      </trkpt>
      <trkpt lat="51.634146" lon="10.462377">
        <ele>326.642718</ele>
        <time>2026-03-10T01:50:53.738Z</time>
      </trkpt>
      <trkpt lat="51.633992" lon="10.462551">
        <ele>328.434925</ele>
        <time>2026-03-10T01:51:08.348Z</time>
      </trkpt>
      <trkpt lat="51.633567" lon="10.463436">
        <ele>335.052490</ele>
        <time>2026-03-10T01:52:03.396Z</time>
      </trkpt>
      <trkpt lat="51.633498" lon="10.463579">
        <ele>335.939434</ele>
        <time>2026-03-10T01:52:10.551Z</time>
      </trkpt>
      <trkpt lat="51.633088" lon="10.464315">
        <ele>338.625472</ele>
        <time>2026-03-10T01:52:42.991Z</time>
      </trkpt>
      <trkpt lat="51.633510" lon="10.464842">
        <ele>340.961860</ele>
        <time>2026-03-10T01:53:05.970Z</time>
      </trkpt>
      <trkpt lat="51.633523" lon="10.464861">
        <ele>341.038665</ele>
        <time>2026-03-10T01:53:06.744Z</time>
      </trkpt>
      <trkpt lat="51.633499" lon="10.465215">
        <ele>342.005859</ele>
        <time>2026-03-10T01:53:14.815Z</time>
      </trkpt>
      <trkpt lat="51.633564" lon="10.465288">
        <ele>342.352573</ele>
        <time>2026-03-10T01:53:17.179Z</time>
      </trkpt>
      <trkpt lat="51.633614" lon="10.465297">
        <ele>342.572726</ele>
        <time>2026-03-10T01:53:18.623Z</time>
      </trkpt>
      <trkpt lat="51.634346" lon="10.465026">
        <ele>341.811821</ele>
        <time>2026-03-10T01:53:32.567Z</time>
      </trkpt>
      <trkpt lat="51.634406" lon="10.465032">
        <ele>341.592188</ele>
        <time>2026-03-10T01:53:33.560Z</time>
      </trkpt>
      <trkpt lat="51.634437" lon="10.465098">
        <ele>341.404499</ele>
        <time>2026-03-10T01:53:34.404Z</time>
      </trkpt>
      <trkpt lat="51.634412" lon="10.465198">
        <ele>341.160030</ele>
        <time>2026-03-10T01:53:35.481Z</time>
      </trkpt>
      <trkpt lat="51.634348" lon="10.465301">
        <ele>340.829534</ele>
        <time>2026-03-10T01:53:36.841Z</time>
      </trkpt>
      <trkpt lat="51.634325" lon="10.465564">
        <ele>340.227250</ele>
        <time>2026-03-10T01:53:40.958Z</time>
      </trkpt>
      <trkpt lat="51.634225" lon="10.465897">
        <ele>339.388380</ele>
        <time>2026-03-10T01:53:46.431Z</time>
      </trkpt>
      <trkpt lat="51.634078" lon="10.466186">
        <ele>338.541072</ele>
        <time>2026-03-10T01:53:51.770Z</time>
      </trkpt>
      <trkpt lat="51.633919" lon="10.466701">
        <ele>337.236722</ele>
        <time>2026-03-10T01:53:59.852Z</time>
      </trkpt>
      <trkpt lat="51.633845" lon="10.467077">
        <ele>337.329881</ele>
        <time>2026-03-10T01:54:05.566Z</time>
      </trkpt>
      <trkpt lat="51.633859" lon="10.467592">
        <ele>337.721276</ele>
        <time>2026-03-10T01:54:13.731Z</time>
      </trkpt>
      <trkpt lat="51.633891" lon="10.467733">
        <ele>337.835264</ele>
        <time>2026-03-10T01:54:16.364Z</time>
      </trkpt>
      <trkpt lat="51.633939" lon="10.467935">
        <ele>337.999490</ele>
        <time>2026-03-10T01:54:20.506Z</time>
      </trkpt>
      <trkpt lat="51.634059" lon="10.468150">
        <ele>338.219024</ele>
        <time>2026-03-10T01:54:27.311Z</time>
      </trkpt>
      <trkpt lat="51.634371" lon="10.468268">
        <ele>338.611057</ele>
        <time>2026-03-10T01:54:43.009Z</time>
      </trkpt>
      <trkpt lat="51.634684" lon="10.468311">
        <ele>338.995328</ele>
        <time>2026-03-10T01:55:02.808Z</time>
      </trkpt>
      <trkpt lat="51.634804" lon="10.468246">
        <ele>339.150194</ele>
        <time>2026-03-10T01:55:12.237Z</time>
      </trkpt>
      <trkpt lat="51.634943" lon="10.468281">
        <ele>339.334932</ele>
        <time>2026-03-10T01:55:22.995Z</time>
      </trkpt>
      <trkpt lat="51.635151" lon="10.468332">
        <ele>339.673776</ele>
        <time>2026-03-10T01:55:38.801Z</time>
      </trkpt>
      <trkpt lat="51.635433" lon="10.468469">
        <ele>340.148137</ele>
        <time>2026-03-10T01:55:57.181Z</time>
      </trkpt>
      <trkpt lat="51.635630" lon="10.468754">
        <ele>340.574539</ele>
        <time>2026-03-10T01:56:10.467Z</time>
      </trkpt>
      <trkpt lat="51.635812" lon="10.468815">
        <ele>340.873927</ele>
        <time>2026-03-10T01:56:18.303Z</time>
      </trkpt>
      <trkpt lat="51.635889" lon="10.468940">
        <ele>341.049968</ele>
        <time>2026-03-10T01:56:22.106Z</time>
      </trkpt>
      <trkpt lat="51.635884" lon="10.469052">
        <ele>341.162209</ele>
        <time>2026-03-10T01:56:24.403Z</time>
      </trkpt>
      <trkpt lat="51.635804" lon="10.469250">
        <ele>341.398368</ele>
        <time>2026-03-10T01:56:28.756Z</time>
      </trkpt>
      <trkpt lat="51.635557" lon="10.469375">
        <ele>341.815326</ele>
        <time>2026-03-10T01:56:35.747Z</time>
      </trkpt>
      <trkpt lat="51.635118" lon="10.469809">
        <ele>341.049309</ele>
        <time>2026-03-10T01:56:48.290Z</time>
      </trkpt>
      <trkpt lat="51.634782" lon="10.469813">
        <ele>339.736555</ele>
        <time>2026-03-10T01:56:55.831Z</time>
      </trkpt>
      <trkpt lat="51.634441" lon="10.469936">
        <ele>338.371322</ele>
        <time>2026-03-10T01:57:03.926Z</time>
      </trkpt>
      <trkpt lat="51.633881" lon="10.470208">
        <ele>336.086195</ele>
        <time>2026-03-10T01:57:18.916Z</time>
      </trkpt>
      <trkpt lat="51.633717" lon="10.470339">
        <ele>335.371037</ele>
        <time>2026-03-10T01:57:24.083Z</time>
      </trkpt>
      <trkpt lat="51.633631" lon="10.470499">
        <ele>335.266972</ele>
        <time>2026-03-10T01:57:27.967Z</time>
      </trkpt>
      <trkpt lat="51.633611" lon="10.470602">
        <ele>335.369266</ele>
        <time>2026-03-10T01:57:29.983Z</time>
      </trkpt>
      <trkpt lat="51.633625" lon="10.470786">
        <ele>335.544976</ele>
        <time>2026-03-10T01:57:33.541Z</time>
      </trkpt>
      <trkpt lat="51.633858" lon="10.472540">
        <ele>337.245147</ele>
        <time>2026-03-10T01:58:19.382Z</time>
      </trkpt>
      <trkpt lat="51.633994" lon="10.473199">
        <ele>337.910417</ele>
        <time>2026-03-10T01:58:40.270Z</time>
      </trkpt>
      <trkpt lat="51.634190" lon="10.473885">
        <ele>339.690516</ele>
        <time>2026-03-10T01:59:02.315Z</time>
      </trkpt>
      <trkpt lat="51.634953" lon="10.475853">
        <ele>346.109033</ele>
        <time>2026-03-10T02:00:12.573Z</time>
      </trkpt>
      <trkpt lat="51.635145" lon="10.476648">
        <ele>352.551375</ele>
        <time>2026-03-10T02:00:51.165Z</time>
      </trkpt>
      <trkpt lat="51.635451" lon="10.477558">
        <ele>360.367445</ele>
        <time>2026-03-10T02:01:56.706Z</time>
      </trkpt>
      <trkpt lat="51.635554" lon="10.477638">
        <ele>361.758722</ele>
        <time>2026-03-10T02:02:10.103Z</time>
      </trkpt>
      <trkpt lat="51.636079" lon="10.477595">
        <ele>368.480083</ele>
        <time>2026-03-10T02:03:15.840Z</time>
      </trkpt>
      <trkpt lat="51.636514" lon="10.477815">
        <ele>375.198492</ele>
        <time>2026-03-10T02:04:09.434Z</time>
      </trkpt>
      <trkpt lat="51.636854" lon="10.477729">
        <ele>380.270000</ele>
        <time>2026-03-10T02:04:46.972Z</time>
      </trkpt>
      <trkpt lat="51.636957" lon="10.477778">
        <ele>381.852555</ele>
        <time>2026-03-10T02:04:58.046Z</time>
      </trkpt>
      <trkpt lat="51.637133" lon="10.477946">
        <ele>384.867002</ele>
        <time>2026-03-10T02:05:19.090Z</time>
      </trkpt>
      <trkpt lat="51.637440" lon="10.478336">
        <ele>390.627833</ele>
        <time>2026-03-10T02:05:56.795Z</time>
      </trkpt>
      <trkpt lat="51.637585" lon="10.478326">
        <ele>392.766470</ele>
        <time>2026-03-10T02:06:10.150Z</time>
      </trkpt>
      <trkpt lat="51.637762" lon="10.478200">
        <ele>395.293662</ele>
        <time>2026-03-10T02:06:28.224Z</time>
      </trkpt>
      <trkpt lat="51.638269" lon="10.477575">
        <ele>403.480002</ele>
        <time>2026-03-10T02:07:24.953Z</time>
      </trkpt>
      <trkpt lat="51.638593" lon="10.477175">
        <ele>408.714354</ele>
        <time>2026-03-10T02:08:04.822Z</time>
      </trkpt>
      <trkpt lat="51.638742" lon="10.477156">
        <ele>410.631093</ele>
        <time>2026-03-10T02:08:19.882Z</time>
      </trkpt>
      <trkpt lat="51.638945" lon="10.477275">
        <ele>413.401277</ele>
        <time>2026-03-10T02:08:41.925Z</time>
      </trkpt>
      <trkpt lat="51.639029" lon="10.477284">
        <ele>414.480866</ele>
        <time>2026-03-10T02:08:50.657Z</time>
      </trkpt>
      <trkpt lat="51.639235" lon="10.477227">
        <ele>417.181810</ele>
        <time>2026-03-10T02:09:12.357Z</time>
      </trkpt>
      <trkpt lat="51.639533" lon="10.477009">
        <ele>421.467023</ele>
        <time>2026-03-10T02:09:46.352Z</time>
      </trkpt>
      <trkpt lat="51.639634" lon="10.476889">
        <ele>423.110118</ele>
        <time>2026-03-10T02:09:59.277Z</time>
      </trkpt>
      <trkpt lat="51.640006" lon="10.475970">
        <ele>432.025981</ele>
        <time>2026-03-10T02:11:09.831Z</time>
      </trkpt>
      <trkpt lat="51.640102" lon="10.475889">
        <ele>433.444873</ele>
        <time>2026-03-10T02:11:20.977Z</time>
      </trkpt>
      <trkpt lat="51.640343" lon="10.475819">
        <ele>436.651303</ele>
        <time>2026-03-10T02:11:45.443Z</time>
      </trkpt>
      <trkpt lat="51.640443" lon="10.475733">
        <ele>438.135484</ele>
        <time>2026-03-10T02:11:56.000Z</time>
      </trkpt>
      <trkpt lat="51.640536" lon="10.475587">
        <ele>439.775320</ele>
        <time>2026-03-10T02:12:07.260Z</time>
      </trkpt>
      <trkpt lat="51.640661" lon="10.475306">
        <ele>440.898231</ele>
        <time>2026-03-10T02:12:24.163Z</time>
      </trkpt>
      <trkpt lat="51.640760" lon="10.474969">
        <ele>442.109214</ele>
        <time>2026-03-10T02:12:40.449Z</time>
      </trkpt>
      <trkpt lat="51.640838" lon="10.474854">
        <ele>442.662523</ele>
        <time>2026-03-10T02:12:47.227Z</time>
      </trkpt>
      <trkpt lat="51.640965" lon="10.474811">
        <ele>443.341701</ele>
        <time>2026-03-10T02:12:55.039Z</time>
      </trkpt>
      <trkpt lat="51.641398" lon="10.474868">
        <ele>445.615387</ele>
        <time>2026-03-10T02:13:15.020Z</time>
      </trkpt>
      <trkpt lat="51.641531" lon="10.474846">
        <ele>446.315110</ele>
        <time>2026-03-10T02:13:19.320Z</time>
      </trkpt>
      <trkpt lat="51.641971" lon="10.474779">
        <ele>448.628140</ele>
        <time>2026-03-10T02:13:36.459Z</time>
      </trkpt>
      <trkpt lat="51.642180" lon="10.474782">
        <ele>450.330335</ele>
        <time>2026-03-10T02:13:45.920Z</time>
      </trkpt>
      <trkpt lat="51.642552" lon="10.475048">
        <ele>454.719744</ele>
        <time>2026-03-10T02:14:09.690Z</time>
      </trkpt>
      <trkpt lat="51.642643" lon="10.475078">
        <ele>455.721537</ele>
        <time>2026-03-10T02:14:17.060Z</time>
      </trkpt>
      <trkpt lat="51.642680" lon="10.475059">
        <ele>456.140366</ele>
        <time>2026-03-10T02:14:20.185Z</time>
      </trkpt>
      <trkpt lat="51.642711" lon="10.474831">
        <ele>457.702563</ele>
        <time>2026-03-10T02:14:31.866Z</time>
      </trkpt>
      <trkpt lat="51.642671" lon="10.474487">
        <ele>460.045018</ele>
        <time>2026-03-10T02:14:50.358Z</time>
      </trkpt>
      <trkpt lat="51.642567" lon="10.474057">
        <ele>463.133863</ele>
        <time>2026-03-10T02:15:18.037Z</time>
      </trkpt>
      <trkpt lat="51.642515" lon="10.473869">
        <ele>464.511476</ele>
        <time>2026-03-10T02:15:30.777Z</time>
      </trkpt>
      <trkpt lat="51.642330" lon="10.473499">
        <ele>467.691697</ele>
        <time>2026-03-10T02:16:04.346Z</time>
      </trkpt>
      <trkpt lat="51.642183" lon="10.473246">
        <ele>470.430682</ele>
        <time>2026-03-10T02:16:30.485Z</time>
      </trkpt>
      <trkpt lat="51.642062" lon="10.472956">
        <ele>473.439484</ele>
        <time>2026-03-10T02:16:56.503Z</time>
      </trkpt>
      <trkpt lat="51.641684" lon="10.471652">
        <ele>485.831501</ele>
        <time>2026-03-10T02:18:29.119Z</time>
      </trkpt>
      <trkpt lat="51.641705" lon="10.471492">
        <ele>487.239591</ele>
        <time>2026-03-10T02:18:37.424Z</time>
      </trkpt>
      <trkpt lat="51.641800" lon="10.470750">
        <ele>493.551283</ele>
        <time>2026-03-10T02:19:09.890Z</time>
      </trkpt>
      <trkpt lat="51.641821" lon="10.470416">
        <ele>494.093250</ele>
        <time>2026-03-10T02:19:20.414Z</time>
      </trkpt>
      <trkpt lat="51.641751" lon="10.469897">
        <ele>494.950680</ele>
        <time>2026-03-10T02:19:31.344Z</time>
      </trkpt>
      <trkpt lat="51.641626" lon="10.469565">
        <ele>495.577590</ele>
        <time>2026-03-10T02:19:35.838Z</time>
      </trkpt>
      <trkpt lat="51.641395" lon="10.469233">
        <ele>496.382821</ele>
        <time>2026-03-10T02:19:41.460Z</time>
      </trkpt>
      <trkpt lat="51.641266" lon="10.469199">
        <ele>496.722867</ele>
        <time>2026-03-10T02:19:44.026Z</time>
      </trkpt>
      <trkpt lat="51.640764" lon="10.469267">
        <ele>498.033397</ele>
        <time>2026-03-10T02:19:58.477Z</time>
      </trkpt>
      <trkpt lat="51.640682" lon="10.469331">
        <ele>498.336834</ele>
        <time>2026-03-10T02:20:01.820Z</time>
      </trkpt>
      <trkpt lat="51.640652" lon="10.469432">
        <ele>498.652669</ele>
        <time>2026-03-10T02:20:05.428Z</time>
      </trkpt>
      <trkpt lat="51.640668" lon="10.469570">
        <ele>499.048653</ele>
        <time>2026-03-10T02:20:09.959Z</time>
      </trkpt>
      <trkpt lat="51.640777" lon="10.470003">
        <ele>500.366646</ele>
        <time>2026-03-10T02:20:26.643Z</time>
      </trkpt>
      <trkpt lat="51.640863" lon="10.470467">
        <ele>501.732545</ele>
        <time>2026-03-10T02:20:46.140Z</time>
      </trkpt>
      <trkpt lat="51.640931" lon="10.471129">
        <ele>503.625209</ele>
        <time>2026-03-10T02:21:15.687Z</time>
      </trkpt>
      <trkpt lat="51.640940" lon="10.471352">
        <ele>504.255538</ele>
        <time>2026-03-10T02:21:26.028Z</time>
      </trkpt>
      <trkpt lat="51.640918" lon="10.471498">
        <ele>504.679316</ele>
        <time>2026-03-10T02:21:32.442Z</time>
      </trkpt>
      <trkpt lat="51.640889" lon="10.471610">
        <ele>505.021621</ele>
        <time>2026-03-10T02:21:36.875Z</time>
      </trkpt>
      <trkpt lat="51.640873" lon="10.471819">
        <ele>505.615602</ele>
        <time>2026-03-10T02:21:44.179Z</time>
      </trkpt>
      <trkpt lat="51.640839" lon="10.471895">
        <ele>505.879864</ele>
        <time>2026-03-10T02:21:46.852Z</time>
      </trkpt>
      <trkpt lat="51.640855" lon="10.471958">
        <ele>506.071868</ele>
        <time>2026-03-10T02:21:52.133Z</time>
      </trkpt>
      <trkpt lat="51.640820" lon="10.472224">
        <ele>505.551910</ele>
        <time>2026-03-10T02:21:58.507Z</time>
      </trkpt>
      <trkpt lat="51.640855" lon="10.471958">
        <ele>504.272372</ele>
        <time>2026-03-10T02:22:03.381Z</time>
      </trkpt>
      <trkpt lat="51.640839" lon="10.471895">
        <ele>503.952050</ele>
        <time>2026-03-10T02:22:08.663Z</time>
      </trkpt>
      <trkpt lat="51.640873" lon="10.471819">
        <ele>503.511180</ele>
        <time>2026-03-10T02:22:10.206Z</time>
      </trkpt>
      <trkpt lat="51.640889" lon="10.471610">
        <ele>502.520238</ele>
        <time>2026-03-10T02:22:13.369Z</time>
      </trkpt>
      <trkpt lat="51.640918" lon="10.471498">
        <ele>501.949168</ele>
        <time>2026-03-10T02:22:15.161Z</time>
      </trkpt>
      <trkpt lat="51.640940" lon="10.471352">
        <ele>501.242176</ele>
        <time>2026-03-10T02:22:17.260Z</time>
      </trkpt>
      <trkpt lat="51.640931" lon="10.471129">
        <ele>500.190594</ele>
        <time>2026-03-10T02:22:20.315Z</time>
      </trkpt>
      <trkpt lat="51.640863" lon="10.470467">
        <ele>497.033049</ele>
        <time>2026-03-10T02:22:29.187Z</time>
      </trkpt>
      <trkpt lat="51.640777" lon="10.470003">
        <ele>494.754311</ele>
        <time>2026-03-10T02:22:35.369Z</time>
      </trkpt>
      <trkpt lat="51.640668" lon="10.469570">
        <ele>492.410977</ele>
        <time>2026-03-10T02:22:41.325Z</time>
      </trkpt>
      <trkpt lat="51.640652" lon="10.469432">
        <ele>491.163285</ele>
        <time>2026-03-10T02:22:43.087Z</time>
      </trkpt>
      <trkpt lat="51.640682" lon="10.469331">
        <ele>490.168132</ele>
        <time>2026-03-10T02:22:44.522Z</time>
      </trkpt>
      <trkpt lat="51.640389" lon="10.468592">
        <ele>482.374313</ele>
        <time>2026-03-10T02:22:55.692Z</time>
      </trkpt>
      <trkpt lat="51.640211" lon="10.468210">
        <ele>478.128798</ele>
        <time>2026-03-10T02:23:01.808Z</time>
      </trkpt>
      <trkpt lat="51.640014" lon="10.468057">
        <ele>474.996960</ele>
        <time>2026-03-10T02:23:06.288Z</time>
      </trkpt>
      <trkpt lat="51.639824" lon="10.467844">
        <ele>471.682228</ele>
        <time>2026-03-10T02:23:10.994Z</time>
      </trkpt>
      <trkpt lat="51.639397" lon="10.467612">
        <ele>464.699691</ele>
        <time>2026-03-10T02:23:20.014Z</time>
      </trkpt>
      <trkpt lat="51.638798" lon="10.467519">
        <ele>453.446848</ele>
        <time>2026-03-10T02:23:31.825Z</time>
      </trkpt>
      <trkpt lat="51.638435" lon="10.467375">
        <ele>446.456261</ele>
        <time>2026-03-10T02:23:39.121Z</time>
      </trkpt>
      <trkpt lat="51.638070" lon="10.467302">
        <ele>439.578587</ele>
        <time>2026-03-10T02:23:46.326Z</time>
      </trkpt>
      <trkpt lat="51.638070" lon="10.467161">
        <ele>437.942229</ele>
        <time>2026-03-10T02:23:48.030Z</time>
      </trkpt>
      <trkpt lat="51.638301" lon="10.466300">
        <ele>427.976589</ele>
        <time>2026-03-10T02:23:59.447Z</time>
      </trkpt>
      <trkpt lat="51.638351" lon="10.465939">
        <ele>424.314058</ele>
        <time>2026-03-10T02:24:03.996Z</time>
      </trkpt>
      <trkpt lat="51.638308" lon="10.465797">
        <ele>422.749539</ele>
        <time>2026-03-10T02:24:05.952Z</time>
      </trkpt>
      <trkpt lat="51.638253" lon="10.465744">
        <ele>421.727067</ele>
        <time>2026-03-10T02:24:07.237Z</time>
      </trkpt>
      <trkpt lat="51.638000" lon="10.465482">
        <ele>416.928696</ele>
        <time>2026-03-10T02:24:13.337Z</time>
      </trkpt>
      <trkpt lat="51.637706" lon="10.465265">
        <ele>411.769248</ele>
        <time>2026-03-10T02:24:19.955Z</time>
      </trkpt>
      <trkpt lat="51.637530" lon="10.465045">
        <ele>408.215262</ele>
        <time>2026-03-10T02:24:24.515Z</time>
      </trkpt>
      <trkpt lat="51.637417" lon="10.464818">
        <ele>405.333779</ele>
        <time>2026-03-10T02:24:28.175Z</time>
      </trkpt>
      <trkpt lat="51.637324" lon="10.464753">
        <ele>403.676543</ele>
        <time>2026-03-10T02:24:30.213Z</time>
      </trkpt>
      <trkpt lat="51.637101" lon="10.464808">
        <ele>399.920022</ele>
        <time>2026-03-10T02:24:34.816Z</time>
      </trkpt>
      <trkpt lat="51.636756" lon="10.464583">
        <ele>393.722520</ele>
        <time>2026-03-10T02:24:42.336Z</time>
      </trkpt>
      <trkpt lat="51.636706" lon="10.464586">
        <ele>392.889371</ele>
        <time>2026-03-10T02:24:43.345Z</time>
      </trkpt>
      <trkpt lat="51.636305" lon="10.464610">
        <ele>386.207540</ele>
        <time>2026-03-10T02:24:51.384Z</time>
      </trkpt>
      <trkpt lat="51.636052" lon="10.464593">
        <ele>381.991065</ele>
        <time>2026-03-10T02:24:56.371Z</time>
      </trkpt>
      <trkpt lat="51.635869" lon="10.464542">
        <ele>378.898604</ele>
        <time>2026-03-10T02:25:00.019Z</time>
      </trkpt>
      <trkpt lat="51.635587" lon="10.464317">
        <ele>373.798473</ele>
        <time>2026-03-10T02:25:06.156Z</time>
      </trkpt>
      <trkpt lat="51.635534" lon="10.464290">
        <ele>372.999682</ele>
        <time>2026-03-10T02:25:07.245Z</time>
      </trkpt>
      <trkpt lat="51.635351" lon="10.464196">
        <ele>370.239504</ele>
        <time>2026-03-10T02:25:10.992Z</time>
      </trkpt>
      <trkpt lat="51.635104" lon="10.464146">
        <ele>366.662132</ele>
        <time>2026-03-10T02:25:15.900Z</time>
      </trkpt>
      <trkpt lat="51.634553" lon="10.464285">
        <ele>358.647621</ele>
        <time>2026-03-10T02:25:27.122Z</time>
      </trkpt>
      <trkpt lat="51.634386" lon="10.464329">
        <ele>356.215902</ele>
        <time>2026-03-10T02:25:30.605Z</time>
      </trkpt>
      <trkpt lat="51.634309" lon="10.464353">
        <ele>355.088872</ele>
        <time>2026-03-10T02:25:32.247Z</time>
      </trkpt>
      <trkpt lat="51.634016" lon="10.464582">
        <ele>350.409100</ele>
        <time>2026-03-10T02:25:39.280Z</time>
      </trkpt>
      <trkpt lat="51.633826" lon="10.464641">
        <ele>347.930213</ele>
        <time>2026-03-10T02:25:43.585Z</time>
      </trkpt>
      <trkpt lat="51.633810" lon="10.464651">
        <ele>347.745417</ele>
        <time>2026-03-10T02:25:43.965Z</time>
      </trkpt>
      <trkpt lat="51.633722" lon="10.464711">
        <ele>346.716479</ele>
        <time>2026-03-10T02:25:46.148Z</time>
      </trkpt>
      <trkpt lat="51.633523" lon="10.464861">
        <ele>344.350737</ele>
        <time>2026-03-10T02:25:48.965Z</time>
      </trkpt>
      <trkpt lat="51.633510" lon="10.464842">
        <ele>344.161736</ele>
        <time>2026-03-10T02:25:49.188Z</time>
      </trkpt>
      <trkpt lat="51.633088" lon="10.464315">
        <ele>338.412411</ele>
        <time>2026-03-10T02:25:55.991Z</time>
      </trkpt>
      <trkpt lat="51.632937" lon="10.464579">
        <ele>336.013013</ele>
        <time>2026-03-10T02:25:58.980Z</time>
      </trkpt>
      <trkpt lat="51.632737" lon="10.465193">
        <ele>331.378497</ele>
        <time>2026-03-10T02:26:03.948Z</time>
      </trkpt>
      <trkpt lat="51.632392" lon="10.465960">
        <ele>323.205687</ele>
        <time>2026-03-10T02:26:10.511Z</time>
      </trkpt>
      <trkpt lat="51.632032" lon="10.466917">
        <ele>312.607412</ele>
        <time>2026-03-10T02:26:18.240Z</time>
      </trkpt>
      <trkpt lat="51.631986" lon="10.466990">
        <ele>311.622197</ele>
        <time>2026-03-10T02:26:18.964Z</time>
      </trkpt>
      <trkpt lat="51.631758" lon="10.467064">
        <ele>308.073408</ele>
        <time>2026-03-10T02:26:21.599Z</time>
      </trkpt>
      <trkpt lat="51.631554" lon="10.467306">
        <ele>304.207905</ele>
        <time>2026-03-10T02:26:24.552Z</time>
      </trkpt>
      <trkpt lat="51.631191" lon="10.467670">
        <ele>300.878364</ele>
        <time>2026-03-10T02:26:31.768Z</time>
      </trkpt>
      <trkpt lat="51.630971" lon="10.468002">
        <ele>299.667241</ele>
        <time>2026-03-10T02:26:37.371Z</time>
      </trkpt>
      <trkpt lat="51.630645" lon="10.468521">
        <ele>297.825820</ele>
        <time>2026-03-10T02:26:46.868Z</time>
      </trkpt>
      <trkpt lat="51.630331" lon="10.468915">
        <ele>296.226737</ele>
        <time>2026-03-10T02:26:55.763Z</time>
      </trkpt>
      <trkpt lat="51.630028" lon="10.469295">
        <ele>294.765455</ele>
        <time>2026-03-10T02:27:04.291Z</time>
      </trkpt>
      <trkpt lat="51.629548" lon="10.468593">
        <ele>294.094673</ele>
        <time>2026-03-10T02:27:18.710Z</time>
      </trkpt>
      <trkpt lat="51.629503" lon="10.468526">
        <ele>294.031272</ele>
        <time>2026-03-10T02:27:20.098Z</time>
      </trkpt>
      <trkpt lat="51.629331" lon="10.468284">
        <ele>293.794987</ele>
        <time>2026-03-10T02:27:25.351Z</time>
      </trkpt>
      <trkpt lat="51.629290" lon="10.468228">
        <ele>293.739370</ele>
        <time>2026-03-10T02:27:26.616Z</time>
      </trkpt>
      <trkpt lat="51.629067" lon="10.467966">
        <ele>293.453790</ele>
        <time>2026-03-10T02:27:33.138Z</time>
      </trkpt>
      <trkpt lat="51.628772" lon="10.467639">
        <ele>293.083279</ele>
        <time>2026-03-10T02:27:41.569Z</time>
      </trkpt>
      <trkpt lat="51.628652" lon="10.467488">
        <ele>292.924801</ele>
        <time>2026-03-10T02:27:45.102Z</time>
      </trkpt>
      <trkpt lat="51.628558" lon="10.467394">
        <ele>292.795068</ele>
        <time>2026-03-10T02:27:47.642Z</time>
      </trkpt>
      <trkpt lat="51.627316" lon="10.466096">
        <ele>291.059090</ele>
        <time>2026-03-10T02:28:20.777Z</time>
      </trkpt>
      <trkpt lat="51.626863" lon="10.465594">
        <ele>290.835610</ele>
        <time>2026-03-10T02:28:32.905Z</time>
      </trkpt>
      <trkpt lat="51.626787" lon="10.465513">
        <ele>290.838738</ele>
        <time>2026-03-10T02:28:34.971Z</time>
      </trkpt>
      <trkpt lat="51.626670" lon="10.465383">
        <ele>290.843616</ele>
        <time>2026-03-10T02:28:39.152Z</time>
      </trkpt>
      <trkpt lat="51.626621" lon="10.465455">
        <ele>290.845893</ele>
        <time>2026-03-10T02:28:40.292Z</time>
      </trkpt>
      <trkpt lat="51.626565" lon="10.465542">
        <ele>290.848563</ele>
        <time>2026-03-10T02:28:41.672Z</time>
      </trkpt>
      <trkpt lat="51.626537" lon="10.465535">
        <ele>290.849536</ele>
        <time>2026-03-10T02:28:42.172Z</time>
      </trkpt>
      <trkpt lat="51.626496" lon="10.465525">
        <ele>290.850959</ele>
        <time>2026-03-10T02:28:42.912Z</time>
      </trkpt>
      <trkpt lat="51.626466" lon="10.465688">
        <ele>290.854581</ele>
        <time>2026-03-10T02:28:46.190Z</time>
      </trkpt>
      <trkpt lat="51.626409" lon="10.465794">
        <ele>290.857569</ele>
        <time>2026-03-10T02:28:48.881Z</time>
      </trkpt>
      <trkpt lat="51.626134" lon="10.466037">
        <ele>290.868335</ele>
        <time>2026-03-10T02:28:59.112Z</time>
      </trkpt>
      <trkpt lat="51.626079" lon="10.466085">
        <ele>290.870482</ele>
        <time>2026-03-10T02:29:00.516Z</time>
      </trkpt>
      <trkpt lat="51.625842" lon="10.466202">
        <ele>290.878990</ele>
        <time>2026-03-10T02:29:06.527Z</time>
      </trkpt>
      <trkpt lat="51.625611" lon="10.466233">
        <ele>291.050434</ele>
        <time>2026-03-10T02:29:14.332Z</time>
      </trkpt>
      <trkpt lat="51.625345" lon="10.466121">
        <ele>292.035561</ele>
        <time>2026-03-10T02:29:24.461Z</time>
      </trkpt>
      <trkpt lat="51.625315" lon="10.466238">
        <ele>292.317140</ele>
        <time>2026-03-10T02:29:27.578Z</time>
      </trkpt>
      <trkpt lat="51.625166" lon="10.466185">
        <ele>292.863884</ele>
        <time>2026-03-10T02:29:32.950Z</time>
      </trkpt>
      <trkpt lat="51.625134" lon="10.466335">
        <ele>293.216695</ele>
        <time>2026-03-10T02:29:36.690Z</time>
      </trkpt>
      <trkpt lat="51.625105" lon="10.466473">
        <ele>293.540773</ele>
        <time>2026-03-10T02:29:40.144Z</time>
      </trkpt>
      <trkpt lat="51.625051" lon="10.466724">
        <ele>294.131675</ele>
        <time>2026-03-10T02:29:46.623Z</time>
      </trkpt>
      <trkpt lat="51.624917" lon="10.467310">
        <ele>295.520795</ele>
        <time>2026-03-10T02:30:02.386Z</time>
      </trkpt>
      <trkpt lat="51.624747" lon="10.467856">
        <ele>296.879516</ele>
        <time>2026-03-10T02:30:18.855Z</time>
      </trkpt>
      <trkpt lat="51.624702" lon="10.467973">
        <ele>297.185673</ele>
        <time>2026-03-10T02:30:22.663Z</time>
      </trkpt>
      <trkpt lat="51.624678" lon="10.468025">
        <ele>297.329807</ele>
        <time>2026-03-10T02:30:24.531Z</time>
      </trkpt>
      <trkpt lat="51.624606" lon="10.468178">
        <ele>297.814572</ele>
        <time>2026-03-10T02:30:29.776Z</time>
      </trkpt>
      <trkpt lat="51.624513" lon="10.468345">
        <ele>298.381077</ele>
        <time>2026-03-10T02:30:35.575Z</time>
      </trkpt>
      <trkpt lat="51.624119" lon="10.468953">
        <ele>300.600423</ele>
        <time>2026-03-10T02:30:57.104Z</time>
      </trkpt>
      <trkpt lat="51.624040" lon="10.469076">
        <ele>301.047331</ele>
        <time>2026-03-10T02:31:01.652Z</time>
      </trkpt>
      <trkpt lat="51.623765" lon="10.469328">
        <ele>302.334239</ele>
        <time>2026-03-10T02:31:14.136Z</time>
      </trkpt>
      <trkpt lat="51.623731" lon="10.469359">
        <ele>302.493153</ele>
        <time>2026-03-10T02:31:15.530Z</time>
      </trkpt>
      <trkpt lat="51.623496" lon="10.469575">
        <ele>303.593695</ele>
        <time>2026-03-10T02:31:25.988Z</time>
      </trkpt>
      <trkpt lat="51.623442" lon="10.469626">
        <ele>303.848313</ele>
        <time>2026-03-10T02:31:28.367Z</time>
      </trkpt>
      <trkpt lat="51.623316" lon="10.469743">
        <ele>304.439883</ele>
        <time>2026-03-10T02:31:34.046Z</time>
      </trkpt>
      <trkpt lat="51.622925" lon="10.470107">
        <ele>305.839989</ele>
        <time>2026-03-10T02:31:51.127Z</time>
      </trkpt>
      <trkpt lat="51.622696" lon="10.470432">
        <ele>306.748891</ele>
        <time>2026-03-10T02:32:02.736Z</time>
      </trkpt>
      <trkpt lat="51.622272" lon="10.471052">
        <ele>308.454251</ele>
        <time>2026-03-10T02:32:23.492Z</time>
      </trkpt>
      <trkpt lat="51.621810" lon="10.471627">
        <ele>310.123373</ele>
        <time>2026-03-10T02:32:41.405Z</time>
      </trkpt>
      <trkpt lat="51.621522" lon="10.471914">
        <ele>310.763714</ele>
        <time>2026-03-10T02:32:51.062Z</time>
      </trkpt>
      <trkpt lat="51.620986" lon="10.472447">
        <ele>311.954759</ele>
        <time>2026-03-10T02:33:07.917Z</time>
      </trkpt>
      <trkpt lat="51.620913" lon="10.472565">
        <ele>312.150309</ele>
        <time>2026-03-10T02:33:10.712Z</time>
      </trkpt>
      <trkpt lat="51.620196" lon="10.474160">
        <ele>315.112375</ele>
        <time>2026-03-10T02:33:49.793Z</time>
      </trkpt>
      <trkpt lat="51.620089" lon="10.474660">
        <ele>316.114625</ele>
        <time>2026-03-10T02:34:01.267Z</time>
      </trkpt>
      <trkpt lat="51.620058" lon="10.474934">
        <ele>316.642431</ele>
        <time>2026-03-10T02:34:07.301Z</time>
      </trkpt>
      <trkpt lat="51.620138" lon="10.475782">
        <ele>318.267914</ele>
        <time>2026-03-10T02:34:25.819Z</time>
      </trkpt>
      <trkpt lat="51.620297" lon="10.477043">
        <ele>323.897346</ele>
        <time>2026-03-10T02:34:59.338Z</time>
      </trkpt>
      <trkpt lat="51.620426" lon="10.477576">
        <ele>326.889345</ele>
        <time>2026-03-10T02:35:20.494Z</time>
      </trkpt>
      <trkpt lat="51.620417" lon="10.477766">
        <ele>327.885965</ele>
        <time>2026-03-10T02:35:28.337Z</time>
      </trkpt>
      <trkpt lat="51.620326" lon="10.477984">
        <ele>329.259882</ele>
        <time>2026-03-10T02:35:40.028Z</time>
      </trkpt>
      <trkpt lat="51.620241" lon="10.478556">
        <ele>332.336041</ele>
        <time>2026-03-10T02:36:09.150Z</time>
      </trkpt>
      <trkpt lat="51.620167" lon="10.480678">
        <ele>346.378269</ele>
        <time>2026-03-10T02:38:03.201Z</time>
      </trkpt>
      <trkpt lat="51.619801" lon="10.482314">
        <ele>356.427543</ele>
        <time>2026-03-10T02:39:07.315Z</time>
      </trkpt>
      <trkpt lat="51.619710" lon="10.483359">
        <ele>360.574744</ele>
        <time>2026-03-10T02:39:38.792Z</time>
      </trkpt>
      <trkpt lat="51.619635" lon="10.483711">
        <ele>362.037351</ele>
        <time>2026-03-10T02:39:50.027Z</time>
      </trkpt>
      <trkpt lat="51.619367" lon="10.484815">
        <ele>366.326676</ele>
        <time>2026-03-10T02:40:24.375Z</time>
      </trkpt>
      <trkpt lat="51.619045" lon="10.485808">
        <ele>369.568471</ele>
        <time>2026-03-10T02:40:57.107Z</time>
      </trkpt>
      <trkpt lat="51.618945" lon="10.486054">
        <ele>370.419339</ele>
        <time>2026-03-10T02:41:05.113Z</time>
      </trkpt>
      <trkpt lat="51.618665" lon="10.486420">
        <ele>372.100040</ele>
        <time>2026-03-10T02:41:19.040Z</time>
      </trkpt>
      <trkpt lat="51.618299" lon="10.486641">
        <ele>373.904664</ele>
        <time>2026-03-10T02:41:31.417Z</time>
      </trkpt>
      <trkpt lat="51.618208" lon="10.486774">
        <ele>374.437110</ele>
        <time>2026-03-10T02:41:35.586Z</time>
      </trkpt>
      <trkpt lat="51.618234" lon="10.487245">
        <ele>375.709244</ele>
        <time>2026-03-10T02:41:47.129Z</time>
      </trkpt>
      <trkpt lat="51.618212" lon="10.487600">
        <ele>376.669050</ele>
        <time>2026-03-10T02:41:57.062Z</time>
      </trkpt>
      <trkpt lat="51.618177" lon="10.487799">
        <ele>377.225486</ele>
        <time>2026-03-10T02:42:02.722Z</time>
      </trkpt>
      <trkpt lat="51.618049" lon="10.488144">
        <ele>378.306725</ele>
        <time>2026-03-10T02:42:13.183Z</time>
      </trkpt>
      <trkpt lat="51.617635" lon="10.488623">
        <ele>380.515460</ele>
        <time>2026-03-10T02:42:34.312Z</time>
      </trkpt>
      <trkpt lat="51.617187" lon="10.489267">
        <ele>383.708027</ele>
        <time>2026-03-10T02:43:04.612Z</time>
      </trkpt>
      <trkpt lat="51.616851" lon="10.489461">
        <ele>385.809667</ele>
        <time>2026-03-10T02:43:24.499Z</time>
      </trkpt>
      <trkpt lat="51.616544" lon="10.489786">
        <ele>387.972808</ele>
        <time>2026-03-10T02:43:44.549Z</time>
      </trkpt>
      <trkpt lat="51.616072" lon="10.490262">
        <ele>391.251813</ele>
        <time>2026-03-10T02:44:14.640Z</time>
      </trkpt>
      <trkpt lat="51.615933" lon="10.490231">
        <ele>392.068994</ele>
        <time>2026-03-10T02:44:21.544Z</time>
      </trkpt>
      <trkpt lat="51.615631" lon="10.490051">
        <ele>392.905189</ele>
        <time>2026-03-10T02:44:35.501Z</time>
      </trkpt>
      <trkpt lat="51.615413" lon="10.490080">
        <ele>393.473203</ele>
        <time>2026-03-10T02:44:43.335Z</time>
      </trkpt>
      <trkpt lat="51.615206" lon="10.490388">
        <ele>394.205025</ele>
        <time>2026-03-10T02:44:53.115Z</time>
      </trkpt>
      <trkpt lat="51.615353" lon="10.491064">
        <ele>395.359921</ele>
        <time>2026-03-10T02:45:08.048Z</time>
      </trkpt>
      <trkpt lat="51.615110" lon="10.491480">
        <ele>396.280838</ele>
        <time>2026-03-10T02:45:17.800Z</time>
      </trkpt>
      <trkpt lat="51.614702" lon="10.491629">
        <ele>397.082676</ele>
        <time>2026-03-10T02:45:26.943Z</time>
      </trkpt>
      <trkpt lat="51.614541" lon="10.491546">
        <ele>397.324883</ele>
        <time>2026-03-10T02:45:30.405Z</time>
      </trkpt>
      <trkpt lat="51.614364" lon="10.491306">
        <ele>397.656404</ele>
        <time>2026-03-10T02:45:35.306Z</time>
      </trkpt>
      <trkpt lat="51.614041" lon="10.491229">
        <ele>398.124233</ele>
        <time>2026-03-10T02:45:43.054Z</time>
      </trkpt>
      <trkpt lat="51.613677" lon="10.491798">
        <ele>398.851052</ele>
        <time>2026-03-10T02:45:57.602Z</time>
      </trkpt>
      <trkpt lat="51.613425" lon="10.492318">
        <ele>399.972594</ele>
        <time>2026-03-10T02:46:16.185Z</time>
      </trkpt>
      <trkpt lat="51.613102" lon="10.492870">
        <ele>403.456903</ele>
        <time>2026-03-10T02:46:43.043Z</time>
      </trkpt>
      <trkpt lat="51.612853" lon="10.493083">
        <ele>405.542763</ele>
        <time>2026-03-10T02:47:02.850Z</time>
      </trkpt>
      <trkpt lat="51.612595" lon="10.493514">
        <ele>408.292936</ele>
        <time>2026-03-10T02:47:32.720Z</time>
      </trkpt>
      <trkpt lat="51.612435" lon="10.494022">
        <ele>410.909698</ele>
        <time>2026-03-10T02:48:02.403Z</time>
      </trkpt>
      <trkpt lat="51.612334" lon="10.494158">
        <ele>411.883689</ele>
        <time>2026-03-10T02:48:13.311Z</time>
      </trkpt>
      <trkpt lat="51.612119" lon="10.494264">
        <ele>413.448120</ele>
        <time>2026-03-10T02:48:31.313Z</time>
      </trkpt>
      <trkpt lat="51.612036" lon="10.494379">
        <ele>414.172032</ele>
        <time>2026-03-10T02:48:39.811Z</time>
      </trkpt>
      <trkpt lat="51.612012" lon="10.494539">
        <ele>414.847822</ele>
        <time>2026-03-10T02:48:47.409Z</time>
      </trkpt>
      <trkpt lat="51.612124" lon="10.495086">
        <ele>417.212516</ele>
        <time>2026-03-10T02:49:11.488Z</time>
      </trkpt>
      <trkpt lat="51.612150" lon="10.495363">
        <ele>418.362685</ele>
        <time>2026-03-10T02:49:21.876Z</time>
      </trkpt>
      <trkpt lat="51.612077" lon="10.496614">
        <ele>423.521418</ele>
        <time>2026-03-10T02:50:06.924Z</time>
      </trkpt>
      <trkpt lat="51.612085" lon="10.497169">
        <ele>426.167120</ele>
        <time>2026-03-10T02:50:26.532Z</time>
      </trkpt>
      <trkpt lat="51.612120" lon="10.497829">
        <ele>429.657406</ele>
        <time>2026-03-10T02:50:51.754Z</time>
      </trkpt>
      <trkpt lat="51.612111" lon="10.497964">
        <ele>430.372826</ele>
        <time>2026-03-10T02:50:57.315Z</time>
      </trkpt>
      <trkpt lat="51.612067" lon="10.498139">
        <ele>431.367640</ele>
        <time>2026-03-10T02:51:05.236Z</time>
      </trkpt>
      <trkpt lat="51.611910" lon="10.498269">
        <ele>432.865601</ele>
        <time>2026-03-10T02:51:17.988Z</time>
      </trkpt>
      <trkpt lat="51.611650" lon="10.498563">
        <ele>435.561316</ele>
        <time>2026-03-10T02:51:43.372Z</time>
      </trkpt>
      <trkpt lat="51.611533" lon="10.498814">
        <ele>437.215028</ele>
        <time>2026-03-10T02:52:00.487Z</time>
      </trkpt>
      <trkpt lat="51.611109" lon="10.499410">
        <ele>442.595904</ele>
        <time>2026-03-10T02:52:52.930Z</time>
      </trkpt>
      <trkpt lat="51.611028" lon="10.499669">
        <ele>444.540330</ele>
        <time>2026-03-10T02:53:10.778Z</time>
      </trkpt>
      <trkpt lat="51.610965" lon="10.500713">
        <ele>451.573482</ele>
        <time>2026-03-10T02:54:14.312Z</time>
      </trkpt>
      <trkpt lat="51.610882" lon="10.501027">
        <ele>453.861700</ele>
        <time>2026-03-10T02:54:33.121Z</time>
      </trkpt>
      <trkpt lat="51.610696" lon="10.501250">
        <ele>456.365521</ele>
        <time>2026-03-10T02:54:52.157Z</time>
      </trkpt>
      <trkpt lat="51.610358" lon="10.501429">
        <ele>459.298154</ele>
        <time>2026-03-10T02:55:17.086Z</time>
      </trkpt>
      <trkpt lat="51.609911" lon="10.501427">
        <ele>459.811557</ele>
        <time>2026-03-10T02:55:40.564Z</time>
      </trkpt>
      <trkpt lat="51.609728" lon="10.501368">
        <ele>460.025913</ele>
        <time>2026-03-10T02:55:48.224Z</time>
      </trkpt>
      <trkpt lat="51.609551" lon="10.501371">
        <ele>460.229218</ele>
        <time>2026-03-10T02:55:54.240Z</time>
      </trkpt>
      <trkpt lat="51.609385" lon="10.501500">
        <ele>460.440918</ele>
        <time>2026-03-10T02:55:59.817Z</time>
      </trkpt>
      <trkpt lat="51.608939" lon="10.502061">
        <ele>461.090934</ele>
        <time>2026-03-10T02:56:15.346Z</time>
      </trkpt>
      <trkpt lat="51.608827" lon="10.502155">
        <ele>461.235996</ele>
        <time>2026-03-10T02:56:18.724Z</time>
      </trkpt>
      <trkpt lat="51.608542" lon="10.502928">
        <ele>457.525143</ele>
        <time>2026-03-10T02:56:33.021Z</time>
      </trkpt>
      <trkpt lat="51.608328" lon="10.503430">
        <ele>454.917938</ele>
        <time>2026-03-10T02:56:41.900Z</time>
      </trkpt>
      <trkpt lat="51.608060" lon="10.503550">
        <ele>453.000012</ele>
        <time>2026-03-10T02:56:48.050Z</time>
      </trkpt>
      <trkpt lat="51.607924" lon="10.503514">
        <ele>452.049729</ele>
        <time>2026-03-10T02:56:51.007Z</time>
      </trkpt>
      <trkpt lat="51.607835" lon="10.503531">
        <ele>451.431787</ele>
        <time>2026-03-10T02:56:52.922Z</time>
      </trkpt>
      <trkpt lat="51.607793" lon="10.503589">
        <ele>451.050292</ele>
        <time>2026-03-10T02:56:54.114Z</time>
      </trkpt>
      <trkpt lat="51.607863" lon="10.504009">
        <ele>449.188229</ele>
        <time>2026-03-10T02:56:59.823Z</time>
      </trkpt>
      <trkpt lat="51.607737" lon="10.504441">
        <ele>446.390783</ele>
        <time>2026-03-10T02:57:06.074Z</time>
      </trkpt>
      <trkpt lat="51.607649" lon="10.504617">
        <ele>444.996729</ele>
        <time>2026-03-10T02:57:09.071Z</time>
      </trkpt>
      <trkpt lat="51.607621" lon="10.504870">
        <ele>443.411201</ele>
        <time>2026-03-10T02:57:12.457Z</time>
      </trkpt>
      <trkpt lat="51.607617" lon="10.505343">
        <ele>440.492656</ele>
        <time>2026-03-10T02:57:18.755Z</time>
      </trkpt>
      <trkpt lat="51.607549" lon="10.505559">
        <ele>438.998556</ele>
        <time>2026-03-10T02:57:22.028Z</time>
      </trkpt>
      <trkpt lat="51.607534" lon="10.505786">
        <ele>437.590123</ele>
        <time>2026-03-10T02:57:25.133Z</time>
      </trkpt>
      <trkpt lat="51.607510" lon="10.505785">
        <ele>437.351617</ele>
        <time>2026-03-10T02:57:25.666Z</time>
      </trkpt>
      <trkpt lat="51.607303" lon="10.505075">
        <ele>432.512421</ele>
        <time>2026-03-10T02:57:36.374Z</time>
      </trkpt>
      <trkpt lat="51.607149" lon="10.504923">
        <ele>430.546115</ele>
        <time>2026-03-10T02:57:40.338Z</time>
      </trkpt>
      <trkpt lat="51.607150" lon="10.504677">
        <ele>428.054938</ele>
        <time>2026-03-10T02:57:43.652Z</time>
      </trkpt>
      <trkpt lat="51.607129" lon="10.504649">
        <ele>427.610366</ele>
        <time>2026-03-10T02:57:44.235Z</time>
      </trkpt>
      <trkpt lat="51.607050" lon="10.504830">
        <ele>425.370094</ele>
        <time>2026-03-10T02:57:47.175Z</time>
      </trkpt>
      <trkpt lat="51.606973" lon="10.505683">
        <ele>416.641379</ele>
        <time>2026-03-10T02:57:58.159Z</time>
      </trkpt>
      <trkpt lat="51.606889" lon="10.506060">
        <ele>412.585405</ele>
        <time>2026-03-10T02:58:03.080Z</time>
      </trkpt>
      <trkpt lat="51.606855" lon="10.506381">
        <ele>409.287837</ele>
        <time>2026-03-10T02:58:07.017Z</time>
      </trkpt>
      <trkpt lat="51.606892" lon="10.506747">
        <ele>405.532728</ele>
        <time>2026-03-10T02:58:11.477Z</time>
      </trkpt>
      <trkpt lat="51.606821" lon="10.507509">
        <ele>397.877453</ele>
        <time>2026-03-10T02:58:20.735Z</time>
      </trkpt>
      <trkpt lat="51.606728" lon="10.507768">
        <ele>394.961635</ele>
        <time>2026-03-10T02:58:24.326Z</time>
      </trkpt>
      <trkpt lat="51.606720" lon="10.507991">
        <ele>392.784594</ele>
        <time>2026-03-10T02:58:27.026Z</time>
      </trkpt>
      <trkpt lat="51.606769" lon="10.508250">
        <ele>390.145788</ele>
        <time>2026-03-10T02:58:30.314Z</time>
      </trkpt>
      <trkpt lat="51.606789" lon="10.508429">
        <ele>388.373200</ele>
        <time>2026-03-10T02:58:32.545Z</time>
      </trkpt>
      <trkpt lat="51.606835" lon="10.508502">
        <ele>387.359637</ele>
        <time>2026-03-10T02:58:33.830Z</time>
      </trkpt>
      <trkpt lat="51.607101" lon="10.508576">
        <ele>383.123437</ele>
        <time>2026-03-10T02:58:39.258Z</time>
      </trkpt>
      <trkpt lat="51.607153" lon="10.508679">
        <ele>381.829742</ele>
        <time>2026-03-10T02:58:40.945Z</time>
      </trkpt>
      <trkpt lat="51.607232" lon="10.508785">
        <ele>380.215968</ele>
        <time>2026-03-10T02:58:43.059Z</time>
      </trkpt>
      <trkpt lat="51.607079" lon="10.509041">
        <ele>376.753294</ele>
        <time>2026-03-10T02:58:47.738Z</time>
      </trkpt>
      <trkpt lat="51.606889" lon="10.509866">
        <ele>372.296391</ele>
        <time>2026-03-10T02:59:00.533Z</time>
      </trkpt>
      <trkpt lat="51.606569" lon="10.510142">
        <ele>371.065175</ele>
        <time>2026-03-10T02:59:05.745Z</time>
      </trkpt>
      <trkpt lat="51.606321" lon="10.510409">
        <ele>370.053353</ele>
        <time>2026-03-10T02:59:10.354Z</time>
      </trkpt>
      <trkpt lat="51.606111" lon="10.510615">
        <ele>369.219345</ele>
        <time>2026-03-10T02:59:14.349Z</time>
      </trkpt>
      <trkpt lat="51.605720" lon="10.510860">
        <ele>367.796345</ele>
        <time>2026-03-10T02:59:21.549Z</time>
      </trkpt>
      <trkpt lat="51.605031" lon="10.511205">
        <ele>366.170514</ele>
        <time>2026-03-10T02:59:32.665Z</time>
      </trkpt>
      <trkpt lat="51.604822" lon="10.511352">
        <ele>365.717465</ele>
        <time>2026-03-10T02:59:35.847Z</time>
      </trkpt>
      <trkpt lat="51.604256" lon="10.511868">
        <ele>364.425420</ele>
        <time>2026-03-10T02:59:45.027Z</time>
      </trkpt>
      <trkpt lat="51.603976" lon="10.512033">
        <ele>363.833134</ele>
        <time>2026-03-10T02:59:49.845Z</time>
      </trkpt>
      <trkpt lat="51.603582" lon="10.512201">
        <ele>366.183562</ele>
        <time>2026-03-10T02:59:59.909Z</time>
      </trkpt>
      <trkpt lat="51.603343" lon="10.512344">
        <ele>367.853823</ele>
        <time>2026-03-10T03:00:09.681Z</time>
      </trkpt>
      <trkpt lat="51.603831" lon="10.513073">
        <ele>372.214697</ele>
        <time>2026-03-10T03:00:51.012Z</time>
      </trkpt>
      <trkpt lat="51.604464" lon="10.513926">
        <ele>378.621175</ele>
        <time>2026-03-10T03:01:57.868Z</time>
      </trkpt>
      <trkpt lat="51.604912" lon="10.514790">
        <ele>385.399355</ele>
        <time>2026-03-10T03:02:48.853Z</time>
      </trkpt>
      <trkpt lat="51.605008" lon="10.515376">
        <ele>389.049078</ele>
        <time>2026-03-10T03:03:13.303Z</time>
      </trkpt>
      <trkpt lat="51.605481" lon="10.516521">
        <ele>396.818959</ele>
        <time>2026-03-10T03:04:06.506Z</time>
      </trkpt>
      <trkpt lat="51.605527" lon="10.516738">
        <ele>398.037373</ele>
        <time>2026-03-10T03:04:15.318Z</time>
      </trkpt>
      <trkpt lat="51.605584" lon="10.517222">
        <ele>400.655086</ele>
        <time>2026-03-10T03:04:34.428Z</time>
      </trkpt>
      <trkpt lat="51.605569" lon="10.517499">
        <ele>402.132595</ele>
        <time>2026-03-10T03:04:45.496Z</time>
      </trkpt>
      <trkpt lat="51.605370" lon="10.518237">
        <ele>406.407855</ele>
        <time>2026-03-10T03:05:18.983Z</time>
      </trkpt>
      <trkpt lat="51.605154" lon="10.518739">
        <ele>409.372107</ele>
        <time>2026-03-10T03:05:45.025Z</time>
      </trkpt>
      <trkpt lat="51.605073" lon="10.518851">
        <ele>410.085497</ele>
        <time>2026-03-10T03:05:52.277Z</time>
      </trkpt>
      <trkpt lat="51.604464" lon="10.519129">
        <ele>414.314967</ele>
        <time>2026-03-10T03:06:31.321Z</time>
      </trkpt>
      <trkpt lat="51.604238" lon="10.519282">
        <ele>415.953063</ele>
        <time>2026-03-10T03:06:44.459Z</time>
      </trkpt>
      <trkpt lat="51.604055" lon="10.519497">
        <ele>417.466713</ele>
        <time>2026-03-10T03:06:55.714Z</time>
      </trkpt>
      <trkpt lat="51.603884" lon="10.519846">
        <ele>419.311446</ele>
        <time>2026-03-10T03:07:08.291Z</time>
      </trkpt>
      <trkpt lat="51.603718" lon="10.520027">
        <ele>420.498366</ele>
        <time>2026-03-10T03:07:16.605Z</time>
      </trkpt>
      <trkpt lat="51.603298" lon="10.520215">
        <ele>421.717794</ele>
        <time>2026-03-10T03:07:32.483Z</time>
      </trkpt>
      <trkpt lat="51.602641" lon="10.520676">
        <ele>423.722575</ele>
        <time>2026-03-10T03:07:55.106Z</time>
      </trkpt>
      <trkpt lat="51.602182" lon="10.521132">
        <ele>425.231304</ele>
        <time>2026-03-10T03:08:13.339Z</time>
      </trkpt>
      <trkpt lat="51.602007" lon="10.521444">
        <ele>425.917925</ele>
        <time>2026-03-10T03:08:22.982Z</time>
      </trkpt>
      <trkpt lat="51.601898" lon="10.521767">
        <ele>426.505001</ele>
        <time>2026-03-10T03:08:31.369Z</time>
      </trkpt>
      <trkpt lat="51.601629" lon="10.522018">
        <ele>427.304442</ele>
        <time>2026-03-10T03:08:42.901Z</time>
      </trkpt>
      <trkpt lat="51.601345" lon="10.522551">
        <ele>428.425995</ele>
        <time>2026-03-10T03:08:59.100Z</time>
      </trkpt>
      <trkpt lat="51.601285" lon="10.522872">
        <ele>428.961373</ele>
        <time>2026-03-10T03:09:06.419Z</time>
      </trkpt>
      <trkpt lat="51.601138" lon="10.524160">
        <ele>430.177175</ele>
        <time>2026-03-10T03:09:30.572Z</time>
      </trkpt>
      <trkpt lat="51.601091" lon="10.524795">
        <ele>430.311456</ele>
        <time>2026-03-10T03:09:39.829Z</time>
      </trkpt>
      <trkpt lat="51.600972" lon="10.525219">
        <ele>430.409155</ele>
        <time>2026-03-10T03:09:46.339Z</time>
      </trkpt>
      <trkpt lat="51.600896" lon="10.525723">
        <ele>430.518059</ele>
        <time>2026-03-10T03:09:53.270Z</time>
      </trkpt>
      <trkpt lat="51.600892" lon="10.526274">
        <ele>430.633767</ele>
        <time>2026-03-10T03:10:00.134Z</time>
      </trkpt>
      <trkpt lat="51.600826" lon="10.527520">
        <ele>428.298335</ele>
        <time>2026-03-10T03:10:14.617Z</time>
      </trkpt>
      <trkpt lat="51.600637" lon="10.529103">
        <ele>425.028168</ele>
        <time>2026-03-10T03:10:30.405Z</time>
      </trkpt>
      <trkpt lat="51.600568" lon="10.530036">
        <ele>420.449091</ele>
        <time>2026-03-10T03:10:38.726Z</time>
      </trkpt>
      <trkpt lat="51.600568" lon="10.530896">
        <ele>415.888639</ele>
        <time>2026-03-10T03:10:46.103Z</time>
      </trkpt>
      <trkpt lat="51.600677" lon="10.531572">
        <ele>412.185102</ele>
        <time>2026-03-10T03:10:51.996Z</time>
      </trkpt>
      <trkpt lat="51.600695" lon="10.531970">
        <ele>410.068986</ele>
        <time>2026-03-10T03:10:55.347Z</time>
      </trkpt>
      <trkpt lat="51.600650" lon="10.532907">
        <ele>404.873024</ele>
        <time>2026-03-10T03:11:03.207Z</time>
      </trkpt>
      <trkpt lat="51.600591" lon="10.533312">
        <ele>402.559083</ele>
        <time>2026-03-10T03:11:06.704Z</time>
      </trkpt>
      <trkpt lat="51.600451" lon="10.534004">
        <ele>398.510794</ele>
        <time>2026-03-10T03:11:12.862Z</time>
      </trkpt>
      <trkpt lat="51.600377" lon="10.534223">
        <ele>397.124016</ele>
        <time>2026-03-10T03:11:15.005Z</time>
      </trkpt>
      <trkpt lat="51.600282" lon="10.534663">
        <ele>394.532857</ele>
        <time>2026-03-10T03:11:19.081Z</time>
      </trkpt>
      <trkpt lat="51.600141" lon="10.535447">
        <ele>391.733461</ele>
        <time>2026-03-10T03:11:26.574Z</time>
      </trkpt>
      <trkpt lat="51.600098" lon="10.535666">
        <ele>391.125217</ele>
        <time>2026-03-10T03:11:30.068Z</time>
      </trkpt>
      <trkpt lat="51.600025" lon="10.536044">
        <ele>390.076924</ele>
        <time>2026-03-10T03:11:36.206Z</time>
      </trkpt>
      <trkpt lat="51.599846" lon="10.537028">
        <ele>387.361619</ele>
        <time>2026-03-10T03:11:45.949Z</time>
      </trkpt>
      <trkpt lat="51.599531" lon="10.538652">
        <ele>382.067581</ele>
        <time>2026-03-10T03:12:02.081Z</time>
      </trkpt>
      <trkpt lat="51.600879" lon="10.539401">
        <ele>373.201203</ele>
        <time>2026-03-10T03:12:20.306Z</time>
      </trkpt>
      <trkpt lat="51.601247" lon="10.539606">
        <ele>369.595788</ele>
        <time>2026-03-10T03:12:24.956Z</time>
      </trkpt>
      <trkpt lat="51.602649" lon="10.540391">
        <ele>358.757741</ele>
        <time>2026-03-10T03:12:42.602Z</time>
      </trkpt>
      <trkpt lat="51.602769" lon="10.540053">
        <ele>358.486200</ele>
        <time>2026-03-10T03:12:45.850Z</time>
      </trkpt>
      <trkpt lat="51.602888" lon="10.539830">
        <ele>358.281143</ele>
        <time>2026-03-10T03:12:48.523Z</time>
      </trkpt>
      <trkpt lat="51.603240" lon="10.539248">
        <ele>357.714557</ele>
        <time>2026-03-10T03:13:00.238Z</time>
      </trkpt>
      <trkpt lat="51.603369" lon="10.538872">
        <ele>357.414962</ele>
        <time>2026-03-10T03:13:11.632Z</time>
      </trkpt>
      <trkpt lat="51.603470" lon="10.538701">
        <ele>357.250378</ele>
        <time>2026-03-10T03:13:18.616Z</time>
      </trkpt>
      <trkpt lat="51.603550" lon="10.538647">
        <ele>357.152967</ele>
        <time>2026-03-10T03:13:23.494Z</time>
      </trkpt>
      <trkpt lat="51.603836" lon="10.538577">
        <ele>359.194250</ele>
        <time>2026-03-10T03:13:41.471Z</time>
      </trkpt>
      <trkpt lat="51.604017" lon="10.538474">
        <ele>360.619566</ele>
        <time>2026-03-10T03:13:54.333Z</time>
      </trkpt>
      <trkpt lat="51.604149" lon="10.538337">
        <ele>361.785586</ele>
        <time>2026-03-10T03:14:05.462Z</time>
      </trkpt>
      <trkpt lat="51.604703" lon="10.537446">
        <ele>367.599345</ele>
        <time>2026-03-10T03:15:01.588Z</time>
      </trkpt>
      <trkpt lat="51.604945" lon="10.536863">
        <ele>370.659393</ele>
        <time>2026-03-10T03:15:27.782Z</time>
      </trkpt>
      <trkpt lat="51.605317" lon="10.535829">
        <ele>373.355969</ele>
        <time>2026-03-10T03:15:59.279Z</time>
      </trkpt>
      <trkpt lat="51.605381" lon="10.535906">
        <ele>373.646258</ele>
        <time>2026-03-10T03:16:02.528Z</time>
      </trkpt>
      <trkpt lat="51.605418" lon="10.535951">
        <ele>373.814737</ele>
        <time>2026-03-10T03:16:04.659Z</time>
      </trkpt>
      <trkpt lat="51.605528" lon="10.536037">
        <ele>374.259040</ele>
        <time>2026-03-10T03:16:09.738Z</time>
      </trkpt>
      <trkpt lat="51.605647" lon="10.536057">
        <ele>374.693767</ele>
        <time>2026-03-10T03:16:14.580Z</time>
      </trkpt>
      <trkpt lat="51.606116" lon="10.535265">
        <ele>377.238760</ele>
        <time>2026-03-10T03:16:44.384Z</time>
      </trkpt>
      <trkpt lat="51.606169" lon="10.535177">
        <ele>377.670427</ele>
        <time>2026-03-10T03:16:47.686Z</time>
      </trkpt>
      <trkpt lat="51.606480" lon="10.534380">
        <ele>380.984999</ele>
        <time>2026-03-10T03:17:22.068Z</time>
      </trkpt>
      <trkpt lat="51.606902" lon="10.532943">
        <ele>386.582447</ele>
        <time>2026-03-10T03:18:28.457Z</time>
      </trkpt>
      <trkpt lat="51.606942" lon="10.532806">
        <ele>387.115529</ele>
        <time>2026-03-10T03:18:34.277Z</time>
      </trkpt>
      <trkpt lat="51.607034" lon="10.532693">
        <ele>387.608304</ele>
        <time>2026-03-10T03:18:41.268Z</time>
      </trkpt>
      <trkpt lat="51.607303" lon="10.532583">
        <ele>388.710311</ele>
        <time>2026-03-10T03:18:57.616Z</time>
      </trkpt>
      <trkpt lat="51.607449" lon="10.532565">
        <ele>389.291721</ele>
        <time>2026-03-10T03:19:05.964Z</time>
      </trkpt>
      <trkpt lat="51.607547" lon="10.532635">
        <ele>389.717412</ele>
        <time>2026-03-10T03:19:11.961Z</time>
      </trkpt>
      <trkpt lat="51.607824" lon="10.532701">
        <ele>390.829255</ele>
        <time>2026-03-10T03:19:26.776Z</time>
      </trkpt>
      <trkpt lat="51.608602" lon="10.533313">
        <ele>394.267332</ele>
        <time>2026-03-10T03:20:06.079Z</time>
      </trkpt>
      <trkpt lat="51.608842" lon="10.533672">
        <ele>395.127443</ele>
        <time>2026-03-10T03:20:20.386Z</time>
      </trkpt>
      <trkpt lat="51.608938" lon="10.533679">
        <ele>395.368867</ele>
        <time>2026-03-10T03:20:24.496Z</time>
      </trkpt>
      <trkpt lat="51.608983" lon="10.533900">
        <ele>395.731727</ele>
        <time>2026-03-10T03:20:29.631Z</time>
      </trkpt>
      <trkpt lat="51.608994" lon="10.534050">
        <ele>395.967379</ele>
        <time>2026-03-10T03:20:32.867Z</time>
      </trkpt>
      <trkpt lat="51.609013" lon="10.534305">
        <ele>396.368077</ele>
        <time>2026-03-10T03:20:37.257Z</time>
      </trkpt>
      <trkpt lat="51.609059" lon="10.535485">
        <ele>398.212707</ele>
        <time>2026-03-10T03:20:59.029Z</time>
      </trkpt>
      <trkpt lat="51.609105" lon="10.535819">
        <ele>398.746466</ele>
        <time>2026-03-10T03:21:06.909Z</time>
      </trkpt>
      <trkpt lat="51.609178" lon="10.536181">
        <ele>399.558701</ele>
        <time>2026-03-10T03:21:16.012Z</time>
      </trkpt>
      <trkpt lat="51.609221" lon="10.536530">
        <ele>400.381396</ele>
        <time>2026-03-10T03:21:24.453Z</time>
      </trkpt>
      <trkpt lat="51.609221" lon="10.536731">
        <ele>400.846153</ele>
        <time>2026-03-10T03:21:29.367Z</time>
      </trkpt>
      <trkpt lat="51.609188" lon="10.536861">
        <ele>401.170884</ele>
        <time>2026-03-10T03:21:32.840Z</time>
      </trkpt>
      <trkpt lat="51.609130" lon="10.536966">
        <ele>401.495812</ele>
        <time>2026-03-10T03:21:36.173Z</time>
      </trkpt>
      <trkpt lat="51.609067" lon="10.537018">
        <ele>401.759398</ele>
        <time>2026-03-10T03:21:39.096Z</time>
      </trkpt>
      <trkpt lat="51.609008" lon="10.537018">
        <ele>401.979070</ele>
        <time>2026-03-10T03:21:41.314Z</time>
      </trkpt>
      <trkpt lat="51.608923" lon="10.536988">
        <ele>402.303060</ele>
        <time>2026-03-10T03:21:44.735Z</time>
      </trkpt>
      <trkpt lat="51.608768" lon="10.536861">
        <ele>402.950581</ele>
        <time>2026-03-10T03:21:51.472Z</time>
      </trkpt>
      <trkpt lat="51.608339" lon="10.536024">
        <ele>405.459946</ele>
        <time>2026-03-10T03:22:16.957Z</time>
      </trkpt>
      <trkpt lat="51.608262" lon="10.535917">
        <ele>405.995956</ele>
        <time>2026-03-10T03:22:21.003Z</time>
      </trkpt>
      <trkpt lat="51.607844" lon="10.535617">
        <ele>408.752454</ele>
        <time>2026-03-10T03:22:37.648Z</time>
      </trkpt>
      <trkpt lat="51.607744" lon="10.535585">
        <ele>409.366560</ele>
        <time>2026-03-10T03:22:41.598Z</time>
      </trkpt>
      <trkpt lat="51.607881" lon="10.536010">
        <ele>411.157757</ele>
        <time>2026-03-10T03:22:54.712Z</time>
      </trkpt>
      <trkpt lat="51.608119" lon="10.536741">
        <ele>414.245179</ele>
        <time>2026-03-10T03:23:21.711Z</time>
      </trkpt>
      <trkpt lat="51.608268" lon="10.537601">
        <ele>418.063359</ele>
        <time>2026-03-10T03:23:58.444Z</time>
      </trkpt>
      <trkpt lat="51.608686" lon="10.538973">
        <ele>426.122424</ele>
        <time>2026-03-10T03:25:02.782Z</time>
      </trkpt>
      <trkpt lat="51.608949" lon="10.539501">
        <ele>429.691812</ele>
        <time>2026-03-10T03:25:26.708Z</time>
      </trkpt>
      <trkpt lat="51.609124" lon="10.539779">
        <ele>431.775280</ele>
        <time>2026-03-10T03:25:39.797Z</time>
      </trkpt>
      <trkpt lat="51.609293" lon="10.539950">
        <ele>433.393358</ele>
        <time>2026-03-10T03:25:50.146Z</time>
      </trkpt>
      <trkpt lat="51.609459" lon="10.539989">
        <ele>434.753334</ele>
        <time>2026-03-10T03:25:58.613Z</time>
      </trkpt>
      <trkpt lat="51.609647" lon="10.539989">
        <ele>436.277411</ele>
        <time>2026-03-10T03:26:08.265Z</time>
      </trkpt>
      <trkpt lat="51.609957" lon="10.539921">
        <ele>438.813726</ele>
        <time>2026-03-10T03:26:24.836Z</time>
      </trkpt>
      <trkpt lat="51.610508" lon="10.539683">
        <ele>443.438477</ele>
        <time>2026-03-10T03:26:57.824Z</time>
      </trkpt>
      <trkpt lat="51.610637" lon="10.539591">
        <ele>444.582228</ele>
        <time>2026-03-10T03:27:07.170Z</time>
      </trkpt>
      <trkpt lat="51.610747" lon="10.539414">
        <ele>445.842874</ele>
        <time>2026-03-10T03:27:18.075Z</time>
      </trkpt>
      <trkpt lat="51.611371" lon="10.538545">
        <ele>456.010856</ele>
        <time>2026-03-10T03:28:25.482Z</time>
      </trkpt>
      <trkpt lat="51.611723" lon="10.538199">
        <ele>461.213017</ele>
        <time>2026-03-10T03:29:02.071Z</time>
      </trkpt>
      <trkpt lat="51.612238" lon="10.537859">
        <ele>468.234241</ele>
        <time>2026-03-10T03:29:52.254Z</time>
      </trkpt>
      <trkpt lat="51.613317" lon="10.537321">
        <ele>479.841274</ele>
        <time>2026-03-10T03:31:21.959Z</time>
      </trkpt>
      <trkpt lat="51.613578" lon="10.537153">
        <ele>482.694255</ele>
        <time>2026-03-10T03:31:38.971Z</time>
      </trkpt>
      <trkpt lat="51.614035" lon="10.536808">
        <ele>487.588064</ele>
        <time>2026-03-10T03:32:05.756Z</time>
      </trkpt>
      <trkpt lat="51.614641" lon="10.536190">
        <ele>492.084885</ele>
        <time>2026-03-10T03:32:40.587Z</time>
      </trkpt>
      <trkpt lat="51.614890" lon="10.535988">
        <ele>493.832794</ele>
        <time>2026-03-10T03:32:55.143Z</time>
      </trkpt>
      <trkpt lat="51.614982" lon="10.535978">
        <ele>494.410874</ele>
        <time>2026-03-10T03:32:59.923Z</time>
      </trkpt>
      <trkpt lat="51.615083" lon="10.536027">
        <ele>495.072173</ele>
        <time>2026-03-10T03:33:05.312Z</time>
      </trkpt>
      <trkpt lat="51.615628" lon="10.536487">
        <ele>498.925812</ele>
        <time>2026-03-10T03:33:36.719Z</time>
      </trkpt>
      <trkpt lat="51.615874" lon="10.536556">
        <ele>500.477267</ele>
        <time>2026-03-10T03:33:49.153Z</time>
      </trkpt>
      <trkpt lat="51.616753" lon="10.536482">
        <ele>505.946127</ele>
        <time>2026-03-10T03:34:27.853Z</time>
      </trkpt>
      <trkpt lat="51.616753" lon="10.536482">
        <ele>505.946127</ele>
        <time>2026-03-10T03:34:27.870Z</time>
      </trkpt>
      <trkpt lat="51.617060" lon="10.536383">
        <ele>507.891440</ele>
        <time>2026-03-10T03:34:42.022Z</time>
      </trkpt>
      <trkpt lat="51.617651" lon="10.536102">
        <ele>513.243692</ele>
        <time>2026-03-10T03:35:19.770Z</time>
      </trkpt>
      <trkpt lat="51.617884" lon="10.536052">
        <ele>515.789119</ele>
        <time>2026-03-10T03:35:37.645Z</time>
      </trkpt>
      <trkpt lat="51.618028" lon="10.536102">
        <ele>517.384305</ele>
        <time>2026-03-10T03:35:49.559Z</time>
      </trkpt>
      <trkpt lat="51.618644" lon="10.536510">
        <ele>524.596941</ele>
        <time>2026-03-10T03:36:45.746Z</time>
      </trkpt>
      <trkpt lat="51.618901" lon="10.536588">
        <ele>527.428945</ele>
        <time>2026-03-10T03:37:07.126Z</time>
      </trkpt>
      <trkpt lat="51.619120" lon="10.536582">
        <ele>529.694022</ele>
        <time>2026-03-10T03:37:23.103Z</time>
      </trkpt>
      <trkpt lat="51.619387" lon="10.536456">
        <ele>532.215147</ele>
        <time>2026-03-10T03:37:41.406Z</time>
      </trkpt>
      <trkpt lat="51.619788" lon="10.536175">
        <ele>536.177813</ele>
        <time>2026-03-10T03:38:07.607Z</time>
      </trkpt>
      <trkpt lat="51.620061" lon="10.535909">
        <ele>539.069037</ele>
        <time>2026-03-10T03:38:26.296Z</time>
      </trkpt>
      <trkpt lat="51.620276" lon="10.535628">
        <ele>541.577983</ele>
        <time>2026-03-10T03:38:43.056Z</time>
      </trkpt>
      <trkpt lat="51.620413" lon="10.535504">
        <ele>543.001992</ele>
        <time>2026-03-10T03:38:52.486Z</time>
      </trkpt>
      <trkpt lat="51.620646" lon="10.535375">
        <ele>545.234566</ele>
        <time>2026-03-10T03:39:07.682Z</time>
      </trkpt>
      <trkpt lat="51.621011" lon="10.535303">
        <ele>549.444968</ele>
        <time>2026-03-10T03:39:32.699Z</time>
      </trkpt>
      <trkpt lat="51.621157" lon="10.535230">
        <ele>551.219926</ele>
        <time>2026-03-10T03:39:44.408Z</time>
      </trkpt>
      <trkpt lat="51.621294" lon="10.535097">
        <ele>553.077179</ele>
        <time>2026-03-10T03:39:57.070Z</time>
      </trkpt>
      <trkpt lat="51.621409" lon="10.534830">
        <ele>555.419664</ele>
        <time>2026-03-10T03:40:13.443Z</time>
      </trkpt>
      <trkpt lat="51.621537" lon="10.534565">
        <ele>557.839951</ele>
        <time>2026-03-10T03:40:30.549Z</time>
      </trkpt>
      <trkpt lat="51.621723" lon="10.533935">
        <ele>562.868644</ele>
        <time>2026-03-10T03:41:06.104Z</time>
      </trkpt>
      <trkpt lat="51.621827" lon="10.533548">
        <ele>565.908449</ele>
        <time>2026-03-10T03:41:27.203Z</time>
      </trkpt>
      <trkpt lat="51.621912" lon="10.533089">
        <ele>570.116756</ele>
        <time>2026-03-10T03:41:52.414Z</time>
      </trkpt>
      <trkpt lat="51.621948" lon="10.532629">
        <ele>574.291501</ele>
        <time>2026-03-10T03:42:17.905Z</time>
      </trkpt>
      <trkpt lat="51.621932" lon="10.532148">
        <ele>578.628769</ele>
        <time>2026-03-10T03:42:45.096Z</time>
      </trkpt>
      <trkpt lat="51.622013" lon="10.531161">
        <ele>587.593287</ele>
        <time>2026-03-10T03:43:42.683Z</time>
      </trkpt>
      <trkpt lat="51.622261" lon="10.529973">
        <ele>599.713739</ele>
        <time>2026-03-10T03:45:01.959Z</time>
      </trkpt>
      <trkpt lat="51.622300" lon="10.529676">
        <ele>602.800183</ele>
        <time>2026-03-10T03:45:22.240Z</time>
      </trkpt>
      <trkpt lat="51.622286" lon="10.529279">
        <ele>606.843042</ele>
        <time>2026-03-10T03:45:48.803Z</time>
      </trkpt>
      <trkpt lat="51.622237" lon="10.529035">
        <ele>609.450378</ele>
        <time>2026-03-10T03:46:05.963Z</time>
      </trkpt>
      <trkpt lat="51.622093" lon="10.528673">
        <ele>613.821563</ele>
        <time>2026-03-10T03:46:34.799Z</time>
      </trkpt>
      <trkpt lat="51.621998" lon="10.528529">
        <ele>615.957888</ele>
        <time>2026-03-10T03:46:48.822Z</time>
      </trkpt>
      <trkpt lat="51.621901" lon="10.528462">
        <ele>617.686294</ele>
        <time>2026-03-10T03:47:00.181Z</time>
      </trkpt>
      <trkpt lat="51.620680" lon="10.528243">
        <ele>632.892825</ele>
        <time>2026-03-10T03:48:51.856Z</time>
      </trkpt>
      <trkpt lat="51.620536" lon="10.528174">
        <ele>634.594707</ele>
        <time>2026-03-10T03:49:02.321Z</time>
      </trkpt>
      <trkpt lat="51.620450" lon="10.528074">
        <ele>635.796260</ele>
        <time>2026-03-10T03:49:09.438Z</time>
      </trkpt>
      <trkpt lat="51.620393" lon="10.527902">
        <ele>637.167504</ele>
        <time>2026-03-10T03:49:17.116Z</time>
      </trkpt>
      <trkpt lat="51.620400" lon="10.527639">
        <ele>639.018928</ele>
        <time>2026-03-10T03:49:27.024Z</time>
      </trkpt>
      <trkpt lat="51.620480" lon="10.527469">
        <ele>640.519201</ele>
        <time>2026-03-10T03:49:34.687Z</time>
      </trkpt>
      <trkpt lat="51.620561" lon="10.527370">
        <ele>641.671041</ele>
        <time>2026-03-10T03:49:40.362Z</time>
      </trkpt>
      <trkpt lat="51.620663" lon="10.527321">
        <ele>642.244545</ele>
        <time>2026-03-10T03:49:45.858Z</time>
      </trkpt>
      <trkpt lat="51.620812" lon="10.527347">
        <ele>642.244545</ele>
        <time>2026-03-10T03:49:52.579Z</time>
      </trkpt>
      <trkpt lat="51.621316" lon="10.527410">
        <ele>642.244545</ele>
        <time>2026-03-10T03:50:11.093Z</time>
      </trkpt>
      <trkpt lat="51.621383" lon="10.527338">
        <ele>642.244545</ele>
        <time>2026-03-10T03:50:13.698Z</time>
      </trkpt>
      <trkpt lat="51.621407" lon="10.527262">
        <ele>642.244545</ele>
        <time>2026-03-10T03:50:15.567Z</time>
      </trkpt>
      <trkpt lat="51.621394" lon="10.526989">
        <ele>642.244545</ele>
        <time>2026-03-10T03:50:21.130Z</time>
      </trkpt>
      <trkpt lat="51.621378" lon="10.526929">
        <ele>642.244545</ele>
        <time>2026-03-10T03:50:22.521Z</time>
      </trkpt>
      <trkpt lat="51.621420" lon="10.526929">
        <ele>642.244545</ele>
        <time>2026-03-10T03:50:23.920Z</time>
      </trkpt>
      <trkpt lat="51.621516" lon="10.526844">
        <ele>642.244545</ele>
        <time>2026-03-10T03:50:27.871Z</time>
      </trkpt>
      <trkpt lat="51.621551" lon="10.526822">
        <ele>642.244545</ele>
        <time>2026-03-10T03:50:28.969Z</time>
      </trkpt>
    </trkseg>
  </trk>
</gpx>